TIMESTAMP,RAIN_daily_in,RAIN_cmltv_in,AIRTEMP_daily_max_F,AIRTEMP_F_TMx,AIRTEMP_daily_min_F,AIRTEMP_F_TMn,AIRTEMP_daily_avg_F,RLTVHMDTY_daily_max_%,RH_TMx,RLTVHMDTY_daily_min_%,RH_TMn,RLTVHMDTY_daily_avg_%,WNDSP_daily_max_mph,WNDSP_mph_TMx,WNDSP_daily_min_mph,WNDSP_mph_TMn,WNDSP_daily_avg_mph,WND_DIR_daily_dgr,WND_DIR_daily_crdn,SolarFlux_daily_lnglys,SolarRad_daily_mj,ETos_daily_in,ETrs_daily_in,CornGDD_daily
1/1/2022 23:59,0,0,-13.91,1/1/2022 14:45,-32.66,1/1/2022 8:40,-23.83,78.22,1/1/2022 14:45,70.63,1/1/2022 8:30,74.83,6.335,1/1/2022 16:00,0,1/1/2022 0:41,1.752,251.3,W,172.3251,6.347869,0.003,0.004,0
1/2/2022 23:59,0,0,0.543,1/2/2022 15:57,-33.65,1/2/2022 7:01,-15.89,84.9,1/2/2022 15:47,71.13,1/2/2022 5:34,78.24,9.69,1/2/2022 12:54,0,1/2/2022 0:08,2.908,136.7,SSE,169.6414,6.350884,0.004,0.005,0
1/3/2022 23:59,0.01,0.01,14.33,1/3/2022 13:07,-8.16,1/3/2022 2:41,6.896,91.2,1/3/2022 10:10,81.1,1/3/2022 2:40,87.8,11.33,1/3/2022 22:13,0,1/3/2022 1:35,3.545,188.8,WNW,128.7451,6.263798,0.007,0.008,0
1/4/2022 23:59,0,0.01,19.92,1/4/2022 16:40,6.36,1/4/2022 0:03,12.27,93,1/4/2022 18:55,87.4,1/4/2022 2:51,89.1,18.78,1/4/2022 6:17,1.342,1/4/2022 0:03,7.933,116.4,NE,84.47372,6.289848,0.007,0.01,0
1/5/2022 23:59,0,0.01,11.28,1/5/2022 0:00,-14.72,1/5/2022 23:55,-1.743,89,1/5/2022 0:00,75.01,1/5/2022 23:51,81.1,22.51,1/5/2022 9:36,4.025,1/5/2022 3:37,11.06,321,NW,108.8302,6.468372,0.006,0.009,0
1/6/2022 23:59,0,0.01,-11.11,1/6/2022 14:07,-28,1/6/2022 23:51,-17.73,78.66,1/6/2022 20:35,71.22,1/6/2022 15:03,74.91,14.83,1/6/2022 0:09,0,1/6/2022 19:54,5.725,304.2,NW,175.3479,6.578557,0.005,0.006,0
1/7/2022 23:59,0,0.01,9.47,1/7/2022 23:58,-34.39,1/7/2022 5:30,-15.02,81.4,1/7/2022 23:06,70,1/7/2022 17:01,74.8,32.72,1/7/2022 21:33,0,1/7/2022 0:02,8.63,131.5,SE,136.9431,6.632843,0.005,0.007,0
1/8/2022 23:59,0,0.01,21.22,1/8/2022 13:08,-6.941,1/8/2022 23:57,9.14,82.5,1/8/2022 9:56,72.49,1/8/2022 21:48,78.57,27.35,1/8/2022 0:21,1.938,1/8/2022 11:11,12.04,233.1,SW,90.81364,6.522442,0.013,0.017,0
1/9/2022 23:59,0,0.01,-5.384,1/9/2022 14:48,-18.67,1/9/2022 23:19,-10.68,82.6,1/9/2022 20:52,58.33,1/9/2022 12:36,71.79,20.35,1/9/2022 1:00,0,1/9/2022 18:44,7.313,292.8,WNW,161.5172,6.759127,0.007,0.01,0
1/10/2022 23:59,0,0.01,-1.544,1/10/2022 23:31,-23.17,1/10/2022 8:25,-9.96,80.8,1/10/2022 0:19,54.3,1/10/2022 15:20,69.19,12.37,1/10/2022 22:13,0,1/10/2022 6:58,4.393,222.3,SW,156.1242,6.828632,0.007,0.008,0
1/11/2022 23:59,0.05,0.06,30.66,1/11/2022 15:07,-2.265,1/11/2022 0:07,14.83,95.6,1/11/2022 22:48,63.1,1/11/2022 0:00,76.9,22.81,1/11/2022 15:49,0,1/11/2022 6:56,6.696,218.7,SW,172.0133,6.711906,0.017,0.023,0
1/12/2022 23:59,0.09,0.15,32.39,1/12/2022 12:58,18.17,1/12/2022 21:34,24.64,97.7,1/12/2022 21:45,70.93,1/12/2022 12:59,90.1,7.304,1/12/2022 0:18,0,1/12/2022 1:18,1.869,167.1,S,134.2218,6.700323,0.009,0.01,0
1/13/2022 23:59,0,0.15,25.98,1/13/2022 9:28,14.22,1/13/2022 23:46,21.1,97.5,1/13/2022 7:01,78.16,1/13/2022 19:43,89.1,15.35,1/13/2022 13:31,0,1/13/2022 1:33,6.317,250.6,NW,90.66949,6.814864,0.009,0.011,0
1/14/2022 23:59,0,0.15,15.2,1/14/2022 12:28,-5.051,1/14/2022 23:55,10.65,88.9,1/14/2022 8:25,77.75,1/14/2022 0:18,84.1,16.7,1/14/2022 12:33,0,1/14/2022 23:26,6.581,65.83,ENE,110.1906,6.982705,0.009,0.012,0
1/15/2022 23:59,0,0.15,14.23,1/15/2022 23:53,-17.68,1/15/2022 5:58,-0.232,88.6,1/15/2022 0:08,55.61,1/15/2022 23:52,77.05,21.24,1/15/2022 21:00,0,1/15/2022 0:18,6.273,186,S,197.3918,7.140757,0.011,0.013,0
1/16/2022 23:59,0,0.15,29.67,1/16/2022 14:01,8.24,1/16/2022 23:33,18.1,94.2,1/16/2022 23:44,56.06,1/16/2022 0:15,81,25.64,1/16/2022 14:38,0,1/16/2022 9:09,8.14,265.7,W,101.8352,7.034544,0.013,0.017,0
1/17/2022 23:59,0.01,0.16,31.74,1/17/2022 14:04,8.56,1/16/2022 23:59,22.49,94.3,1/17/2022 9:03,75.03,1/17/2022 14:05,87.6,13.34,1/17/2022 23:32,0,1/17/2022 0:02,2.958,174.5,S,135.8918,7.126445,0.014,0.016,0
1/18/2022 23:59,0,0.16,34.87,1/18/2022 11:50,-2.428,1/18/2022 23:56,20.1,92.8,1/18/2022 8:35,74.8,1/18/2022 11:51,83.8,31.3,1/18/2022 22:26,3.056,1/18/2022 10:51,13.29,232.6,WSW,135.3987,7.222846,0.018,0.024,0
1/19/2022 23:59,0,0.16,-2.119,1/18/2022 23:59,-15.8,1/19/2022 23:58,-7.598,82.3,1/19/2022 0:48,68.43,1/19/2022 15:56,76.64,29.74,1/19/2022 0:23,0.894,1/19/2022 23:52,10.97,309.8,NW,190.8296,7.596842,0.008,0.01,0
1/20/2022 23:59,0,0.16,-4.139,1/20/2022 14:16,-27.52,1/20/2022 6:44,-14.85,81.9,1/20/2022 23:45,61.84,1/20/2022 13:53,74.24,9.61,1/20/2022 21:11,0,1/20/2022 1:25,2.895,195.1,S,216.4521,7.723617,0.007,0.009,0
1/21/2022 23:59,0,0.16,26.53,1/21/2022 19:48,-12.93,1/21/2022 0:12,8.42,93.7,1/21/2022 18:57,64.15,1/21/2022 9:09,79.88,30.26,1/21/2022 11:27,3.578,1/21/2022 0:17,13.05,201.6,S,86.7536,7.691803,0.011,0.016,0
1/22/2022 23:59,0,0.16,13.57,1/22/2022 0:00,-7.271,1/22/2022 23:55,-0.085,87.7,1/22/2022 22:15,61.82,1/22/2022 11:59,77.34,23.55,1/22/2022 1:43,0,1/22/2022 11:16,5.387,240.6,NW,131.4339,7.902097,0.008,0.01,0
1/23/2022 23:59,0,0.16,4.547,1/23/2022 22:50,-25.71,1/23/2022 5:41,-6.223,89.4,1/23/2022 22:50,72.35,1/23/2022 4:16,81.3,17.44,1/23/2022 16:27,0,1/23/2022 2:02,5.061,186.7,S,120.5908,8.018842,0.006,0.008,0
1/24/2022 23:59,0,0.16,4.138,1/23/2022 23:59,-18.58,1/24/2022 23:27,-5.165,87.8,1/24/2022 0:01,71.35,1/24/2022 15:44,79.69,17.14,1/24/2022 12:47,0,1/24/2022 1:16,6.408,260,NW,223.1387,8.147523,0.009,0.011,0
1/25/2022 23:59,0,0.16,-8.5,1/25/2022 14:29,-23.67,1/25/2022 20:54,-16.25,83.2,1/25/2022 21:04,68.52,1/25/2022 14:31,76.82,15.35,1/25/2022 12:33,0,1/25/2022 0:10,3.97,272.5,W,228.0574,8.309617,0.006,0.008,0
1/26/2022 23:59,0,0.16,30.66,1/26/2022 20:26,-23.09,1/26/2022 0:23,7.901,93.2,1/26/2022 20:41,71.98,1/26/2022 21:07,79.93,25.27,1/26/2022 20:59,0,1/26/2022 2:31,11.36,216.9,SSW,140.0368,8.258589,0.013,0.017,0
1/27/2022 23:59,0,0.16,24.67,1/27/2022 0:07,-13.58,1/27/2022 23:52,8.46,91.5,1/27/2022 4:00,58.6,1/27/2022 12:17,76.04,22.96,1/27/2022 8:00,0,1/27/2022 21:10,7.964,307.7,NW,236.4963,8.480474,0.016,0.021,0
1/28/2022 23:59,0,0.16,14.56,1/28/2022 16:01,-16.12,1/28/2022 1:13,0.143,89.7,1/28/2022 20:08,66.01,1/28/2022 16:03,80.4,12.07,1/28/2022 7:12,0,1/27/2022 23:59,3.05,202.2,SSW,199.7813,8.580432,0.011,0.013,0
1/29/2022 23:59,0,0.16,20.73,1/29/2022 12:09,2.737,1/29/2022 0:12,11.74,93,1/29/2022 3:53,73.36,1/29/2022 12:24,83.7,24.15,1/29/2022 15:16,0,1/29/2022 3:26,8.02,242.8,WNW,182.9566,8.623038,0.015,0.019,0
1/30/2022 23:59,0,0.16,14.98,1/30/2022 15:12,-2.818,1/30/2022 7:01,7.552,90.7,1/30/2022 23:51,71.09,1/30/2022 15:13,82.5,13.04,1/30/2022 0:29,0,1/30/2022 6:01,4.64,200.5,S,182.432,8.841614,0.012,0.015,0
1/31/2022 23:59,0,0.16,21.22,1/31/2022 19:08,2.331,1/31/2022 8:01,13.39,92.6,1/31/2022 0:21,74.62,1/31/2022 14:42,84.2,16.99,1/31/2022 14:15,0,1/31/2022 6:41,6.062,129.9,SE,153.4562,8.914455,0.013,0.017,0
2/1/2022 23:59,0,0.16,24.67,2/1/2022 2:25,-5.297,2/1/2022 23:57,8.34,93.8,2/1/2022 1:30,75.71,2/1/2022 20:22,82.4,34.06,2/1/2022 7:42,0.596,2/1/2022 0:06,15.01,284.2,WNW,213.8179,9.142105,0.012,0.016,0
2/2/2022 23:59,0,0.16,-3.262,2/2/2022 14:48,-15.96,2/2/2022 23:46,-9.52,79.76,2/2/2022 23:10,56.13,2/2/2022 15:08,72.5,16.17,2/2/2022 0:17,0,2/2/2022 19:04,5.987,307.7,NW,255.906,9.418268,0.01,0.013,0
2/3/2022 23:59,0,0.16,-4.309,2/3/2022 15:28,-33.17,2/3/2022 6:50,-15.28,81,2/3/2022 2:02,55.49,2/3/2022 18:34,68.5,13.42,2/3/2022 18:32,0,2/2/2022 23:59,3.758,144.9,SSE,244.8001,9.590424,0.009,0.011,0
2/4/2022 23:59,0,0.16,-2.517,2/4/2022 3:45,-14.89,2/4/2022 19:58,-6.207,84.3,2/4/2022 5:32,69.82,2/4/2022 14:40,77.62,16.77,2/4/2022 11:32,0,2/4/2022 4:05,6.025,236.8,WNW,260.8162,9.711401,0.008,0.011,0
2/5/2022 23:59,0,0.16,18.92,2/5/2022 18:09,-8.25,2/5/2022 0:01,6.96,88.9,2/5/2022 20:19,69.37,2/5/2022 6:46,78.97,26.24,2/5/2022 8:59,0,2/5/2022 17:19,9.68,200.3,S,115.6095,9.737271,0.012,0.016,0
2/6/2022 23:59,0,0.16,11.93,2/6/2022 1:27,-11.29,2/6/2022 23:41,2.626,86.5,2/6/2022 21:43,71.11,2/6/2022 13:32,79.42,20.35,2/6/2022 7:30,0,2/6/2022 20:17,7.368,295.1,NW,225.5408,9.972747,0.012,0.016,0
2/7/2022 23:59,0,0.16,20.31,2/7/2022 15:36,-11.12,2/7/2022 0:47,7.548,88.3,2/7/2022 23:36,64.86,2/7/2022 12:21,77.58,13.57,2/7/2022 13:29,0,2/7/2022 0:17,6.156,154.3,SSE,227.4289,10.05097,0.02,0.025,0
2/8/2022 23:59,0.04,0.2,38.07,2/8/2022 13:21,8.89,2/8/2022 7:08,26.08,97.5,2/8/2022 15:49,70.42,2/8/2022 13:24,87.2,23.93,2/8/2022 12:03,0,2/8/2022 3:19,8.59,240.9,W,218.8797,9.923625,0.028,0.036,0
2/9/2022 23:59,0.01,0.21,32.79,2/9/2022 0:17,9.14,2/9/2022 23:58,21.67,94.3,2/9/2022 4:46,74.89,2/9/2022 14:59,82.8,29.22,2/9/2022 13:45,3.354,2/9/2022 23:01,14.05,315.9,NW,166.0221,10.25899,0.02,0.027,0
2/10/2022 23:59,0.09,0.3,38.06,2/10/2022 16:31,0.608,2/10/2022 4:41,21.14,96.4,2/10/2022 14:09,82,2/10/2022 16:31,88.3,31.53,2/10/2022 15:21,0,2/10/2022 3:02,11.52,242.3,WSW,93.03597,10.35059,0.012,0.017,0
2/11/2022 23:59,0.01,0.31,34.1,2/11/2022 0:02,-16.04,2/11/2022 23:57,3.795,95.9,2/11/2022 0:27,70.8,2/11/2022 15:27,80.1,31.6,2/11/2022 5:48,1.342,2/11/2022 23:00,14.55,319.8,NW,266.6001,10.84465,0.013,0.017,0
2/12/2022 23:59,0,0.31,-0.642,2/12/2022 16:23,-23.34,2/12/2022 5:49,-11.5,85.1,2/12/2022 20:18,55.83,2/12/2022 14:42,74.19,8.72,2/12/2022 2:24,0,2/12/2022 3:58,2.504,247.7,W,210.4703,11.11514,0.008,0.009,0
2/13/2022 23:59,0,0.31,5.205,2/13/2022 23:23,-23.83,2/13/2022 6:30,-7.197,87,2/13/2022 23:36,66.2,2/13/2022 12:45,78.98,18.34,2/13/2022 13:41,0,2/13/2022 4:23,6.521,185.7,SSE,196.7468,11.26684,0.009,0.011,0
2/14/2022 23:59,0,0.31,7.684,2/14/2022 14:43,-13.17,2/14/2022 7:43,-1.184,86.6,2/14/2022 0:00,71.52,2/14/2022 20:10,80.3,10.36,2/14/2022 0:19,0,2/14/2022 10:34,2.547,214,NNW,290.4271,11.38762,0.015,0.017,0
2/15/2022 23:59,0,0.31,21.51,2/15/2022 20:22,-2.595,2/14/2022 23:59,13.88,81.7,2/15/2022 0:02,65.32,2/15/2022 4:07,72.36,25.79,2/15/2022 11:03,0,2/15/2022 21:20,10.46,136.1,ESE,180.4051,11.4405,0.02,0.028,0
2/16/2022 23:59,0,0.31,20.15,2/16/2022 0:23,-4.54,2/16/2022 23:59,9.9,88.9,2/16/2022 1:24,61.01,2/16/2022 13:34,75.77,19.53,2/16/2022 22:15,2.683,2/16/2022 0:09,9.94,315.7,NW,273.1474,11.66944,0.022,0.029,0
2/17/2022 23:59,0,0.31,2.404,2/17/2022 16:31,-17.68,2/17/2022 8:07,-6.478,80.5,2/17/2022 8:17,42.79,2/17/2022 16:23,65.12,16.84,2/17/2022 0:06,0,2/17/2022 7:00,4.772,253.5,W,320.4725,12.05446,0.015,0.018,0
2/18/2022 23:59,0,0.31,22.94,2/18/2022 9:45,-3.578,2/18/2022 23:57,4.825,89.5,2/18/2022 9:07,56.07,2/18/2022 1:40,78.07,37.64,2/18/2022 11:11,4.248,2/18/2022 23:57,15.76,254.6,W,232.6619,12.0607,0.014,0.019,0
2/19/2022 23:59,0,0.31,30.02,2/19/2022 23:58,-13.17,2/19/2022 7:01,6.447,83.4,2/19/2022 9:47,54.94,2/19/2022 23:43,71.19,29.22,2/19/2022 14:14,0,2/19/2022 4:02,11.42,208,SSW,198.7121,12.33021,0.019,0.027,0
2/20/2022 23:59,0,0.31,34.5,2/20/2022 6:15,8.4,2/20/2022 19:20,19.55,93,2/20/2022 7:20,55.19,2/20/2022 0:01,69.96,25.64,2/20/2022 9:16,2.46,2/20/2022 23:50,11,250.2,NW,326.7347,12.41231,0.032,0.04,0
2/21/2022 23:59,0,0.31,9.54,2/21/2022 0:01,-3.746,2/21/2022 23:57,2.939,85.1,2/21/2022 3:10,62.95,2/21/2022 0:12,79.52,23.25,2/21/2022 15:12,2.012,2/21/2022 1:59,10.34,37.06,NNE,137.0432,12.73244,0.011,0.014,0
2/22/2022 23:59,0,0.31,1.827,2/22/2022 13:29,-11.78,2/22/2022 23:56,-4.854,79.81,2/22/2022 13:48,63.31,2/22/2022 15:57,74.54,24.15,2/22/2022 17:00,3.205,2/22/2022 5:33,10.65,191.1,NNW,215.2096,13.00783,0.012,0.016,0
2/23/2022 23:59,0,0.31,-0.302,2/23/2022 14:59,-20.14,2/23/2022 23:37,-11.38,85.2,2/23/2022 22:07,49.89,2/23/2022 16:58,67.6,13.34,2/23/2022 0:20,0,2/23/2022 18:38,3.894,291.7,NW,355.7501,13.28812,0.015,0.018,0
2/24/2022 23:59,0,0.31,6.433,2/24/2022 14:53,-25.31,2/24/2022 7:25,-8.62,81.1,2/24/2022 0:00,47.88,2/24/2022 14:51,68.87,9.17,2/24/2022 17:29,0,2/24/2022 0:16,1.811,208.7,NNW,359.8259,13.46271,0.019,0.021,0
2/25/2022 23:59,0,0.31,6.85,2/25/2022 15:56,-20.39,2/25/2022 6:29,-5.061,87.6,2/25/2022 20:59,47.74,2/25/2022 12:23,72.51,13.34,2/25/2022 15:21,0,2/24/2022 23:59,2.802,214.8,SSW,362.7205,13.65319,0.019,0.023,0
2/26/2022 23:59,0,0.31,23.67,2/26/2022 17:23,-6.78,2/26/2022 0:06,11.62,89.2,2/26/2022 0:24,56.82,2/26/2022 12:41,77.54,22.81,2/26/2022 12:40,0,2/26/2022 0:02,7.444,251.2,WSW,361.8558,13.64169,0.032,0.042,0
2/27/2022 23:59,0.03,0.34,28.45,2/27/2022 15:42,-0.784,2/27/2022 4:59,16.87,93.8,2/27/2022 2:10,63.22,2/27/2022 14:30,79.34,13.64,2/27/2022 13:56,0,2/27/2022 1:42,3.753,142,ESE,297.0284,13.76965,0.029,0.036,0
2/28/2022 23:59,0.01,0.35,33.86,2/28/2022 14:00,11.19,2/28/2022 6:10,22.92,95,2/28/2022 6:16,66.16,2/28/2022 11:51,81.9,17.14,2/28/2022 18:03,0,2/28/2022 1:51,4.864,217.6,SW,344.33,13.87511,0.042,0.05,0
3/1/2022 23:59,0,0.35,32.31,3/1/2022 15:35,18.24,3/1/2022 3:06,22.84,91.9,3/1/2022 3:11,54.71,3/1/2022 15:38,79.42,9.17,3/1/2022 0:42,0,3/1/2022 3:40,3.129,262.6,NW,346.5659,14.16189,0.039,0.045,0
3/2/2022 23:59,0,0.35,26.06,3/2/2022 14:24,4.79,3/2/2022 23:58,19.15,93.3,3/2/2022 4:26,50.98,3/2/2022 14:19,73.47,17.22,3/2/2022 15:48,0,3/2/2022 0:44,5.425,173.8,N,299.4405,14.46191,0.032,0.041,0
3/3/2022 23:59,0,0.35,17.21,3/3/2022 16:03,-6.773,3/3/2022 6:27,6.777,83.1,3/3/2022 4:09,37.54,3/3/2022 16:05,60.81,7.23,3/3/2022 21:29,0,3/3/2022 1:18,2.295,194.3,NNW,334.3427,14.94648,0.026,0.03,0
3/4/2022 23:59,0,0.35,28.04,3/4/2022 17:03,15.62,3/4/2022 0:08,22.36,60.62,3/4/2022 1:10,36.75,3/4/2022 17:48,48.59,24.6,3/4/2022 12:21,0,3/4/2022 0:12,9.23,96.1,E,184.0549,15.00192,0.046,0.067,0
3/5/2022 23:59,0,0.35,33.72,3/5/2022 14:01,20.8,3/5/2022 23:59,27.25,84.3,3/5/2022 23:54,45.09,3/5/2022 0:03,60.51,16.25,3/5/2022 0:45,0,3/5/2022 8:54,5.736,133.5,NNE,242.9559,15.06189,0.045,0.059,0
3/6/2022 23:59,0,0.35,23.34,3/6/2022 12:55,13.65,3/6/2022 22:55,19.54,91.5,3/6/2022 6:13,75.27,3/6/2022 19:57,84,19.45,3/6/2022 16:21,1.118,3/6/2022 21:43,9.6,307,NW,255.2692,15.29829,0.026,0.033,0
3/7/2022 23:59,0,0.35,22.12,3/7/2022 16:58,0.196,3/7/2022 6:54,13.24,94.6,3/7/2022 21:18,59.72,3/7/2022 12:19,82.3,17.59,3/7/2022 15:27,0,3/7/2022 6:43,5.51,250.5,WSW,385.4239,15.66169,0.032,0.039,0
3/8/2022 23:59,0,0.35,28.36,3/8/2022 11:43,10.29,3/8/2022 23:58,22.17,85.2,3/8/2022 22:05,58.65,3/8/2022 11:12,75.07,27.35,3/8/2022 12:10,3.205,3/8/2022 0:44,11.66,269.1,W,306.6547,15.76097,0.04,0.054,0
3/9/2022 23:59,0,0.35,10.6,3/8/2022 23:59,-4.48,3/9/2022 23:58,5.123,86.8,3/9/2022 22:26,49.21,3/9/2022 13:33,69.27,20.42,3/9/2022 11:56,0,3/9/2022 18:31,8.19,290.6,WNW,421.7632,16.33467,0.029,0.037,0
3/10/2022 23:59,0,0.35,20.31,3/10/2022 21:25,-9.98,3/10/2022 6:32,4.162,90.3,3/10/2022 21:44,55.84,3/10/2022 12:53,72.91,38.09,3/10/2022 21:28,0,3/10/2022 5:57,7.512,223.5,SW,417.9732,16.52889,0.028,0.034,0
3/11/2022 23:59,0,0.35,8.08,3/11/2022 0:00,-5.383,3/11/2022 23:58,-0.839,82.5,3/11/2022 3:20,57.65,3/11/2022 14:33,72.05,23.7,3/11/2022 15:12,2.385,3/11/2022 20:35,12.04,298.1,WNW,404.4829,16.8453,0.019,0.024,0
3/12/2022 23:59,0,0.35,27.79,3/12/2022 23:00,-18.09,3/12/2022 5:50,5.663,92.8,3/12/2022 19:57,49.96,3/12/2022 12:32,70.47,22.06,3/12/2022 16:07,0,3/12/2022 1:06,7.423,191.4,S,363.5117,17.00828,0.028,0.038,0
3/13/2022 23:59,0,0.35,27.19,3/13/2022 2:19,16.69,3/13/2022 5:45,22.68,98,3/13/2022 5:55,61.48,3/13/2022 14:46,76.42,15.95,3/13/2022 10:54,0.671,3/13/2022 21:17,6.244,284.2,NW,382.9818,16.94608,0.044,0.053,0
3/14/2022 23:59,0,0.35,34.29,3/14/2022 16:47,17.18,3/14/2022 6:45,22.71,87.4,3/14/2022 22:39,39.6,3/14/2022 16:21,63.1,9.54,3/14/2022 6:11,0,3/14/2022 9:09,3.222,145.8,WNW,414.4399,17.27658,0.056,0.066,0
3/15/2022 23:59,0,0.35,44.06,3/15/2022 16:11,16.36,3/15/2022 4:08,32.68,91.3,3/15/2022 6:38,63.06,3/15/2022 16:10,78.4,11.4,3/15/2022 14:20,0.596,3/15/2022 0:55,5.373,169.4,S,428.3763,17.06001,0.067,0.08,0
3/16/2022 23:59,0,0.35,48.02,3/16/2022 15:20,34.1,3/16/2022 23:01,39.26,94.4,3/16/2022 22:53,57.61,3/16/2022 15:18,77.93,19.45,3/16/2022 23:03,0,3/16/2022 0:03,4.938,221.9,WSW,376.8789,17.19998,0.065,0.077,0
3/17/2022 23:59,0,0.35,41.69,3/17/2022 14:49,29.09,3/17/2022 7:07,35.59,99.8,3/17/2022 8:21,65.5,3/17/2022 14:43,83.8,15.58,3/17/2022 1:56,0,3/17/2022 19:04,5.425,289.3,NW,429.8939,17.50241,0.064,0.076,0
3/18/2022 23:59,0,0.35,41.45,3/18/2022 16:01,23.76,3/18/2022 23:30,33.84,95.1,3/18/2022 23:45,54.52,3/18/2022 16:04,77.31,9.32,3/18/2022 0:07,0,3/18/2022 0:47,1.963,148.5,NNE,408.2375,17.81693,0.061,0.068,0
3/19/2022 23:59,0,0.35,46.04,3/19/2022 15:50,21.29,3/19/2022 5:10,32.8,98.7,3/19/2022 23:57,56.44,3/19/2022 15:40,83.2,10.51,3/19/2022 14:58,0,3/18/2022 23:59,2.594,222.3,WSW,443.1704,17.9736,0.066,0.075,0
3/20/2022 23:59,0,0.35,50.39,3/20/2022 15:24,21.7,3/20/2022 5:05,38.14,98.6,3/20/2022 0:15,42.33,3/20/2022 15:34,71.78,19.75,3/20/2022 23:27,0,3/19/2022 23:59,6.258,110.4,E,423.6759,18.13568,0.089,0.111,0.195
3/21/2022 23:59,0.05,0.4,51.31,3/21/2022 14:28,34.18,3/21/2022 23:58,44.06,97.2,3/21/2022 23:30,52.12,3/21/2022 1:15,67.57,25.34,3/21/2022 1:15,0,3/21/2022 18:36,9.43,123.7,E,370.8658,18.28373,0.087,0.114,0.655
3/22/2022 23:59,0,0.4,40.21,3/22/2022 16:24,32.45,3/22/2022 6:17,35.7,97.4,3/22/2022 5:40,65.21,3/22/2022 16:31,83.9,17.89,3/22/2022 18:18,0,3/22/2022 4:26,6.884,238,NNW,161.3226,18.65588,0.034,0.045,0
3/23/2022 23:59,0,0.4,37.47,3/23/2022 15:30,32.21,3/23/2022 5:15,34.55,97.9,3/23/2022 5:09,70.25,3/23/2022 15:34,81.3,24.52,3/23/2022 12:40,0.596,3/23/2022 23:32,9.86,119.7,N,129.2959,18.9468,0.034,0.047,0
3/24/2022 23:59,0.06,0.46,46.46,3/24/2022 15:49,29.5,3/24/2022 4:16,37.51,92.5,3/24/2022 20:52,46.64,3/24/2022 15:48,76.99,25.94,3/24/2022 23:16,0,3/24/2022 8:59,4.887,170.7,NW,440.4775,19.16943,0.083,0.098,0
3/25/2022 23:59,0.01,0.47,38.97,3/24/2022 23:59,16.69,3/25/2022 23:49,28.53,94.1,3/25/2022 2:59,50.44,3/25/2022 16:47,72.36,37.34,3/25/2022 17:43,5.366,3/25/2022 2:58,17.77,313.8,NW,268.7028,19.62753,0.046,0.065,0
3/26/2022 23:59,0,0.47,23.34,3/26/2022 14:29,9.96,3/26/2022 23:58,16,75.12,3/26/2022 4:00,40.32,3/26/2022 10:23,59.58,25.86,3/26/2022 15:55,3.876,3/26/2022 23:35,12.27,320.6,NNW,504.5315,20.28252,0.056,0.076,0
3/27/2022 23:59,0,0.47,24.93,3/27/2022 17:23,3.642,3/27/2022 6:14,14.51,72.17,3/27/2022 23:10,26.4,3/27/2022 13:41,50.25,16.47,3/27/2022 14:36,0,3/27/2022 9:42,4.332,214.4,NNW,477.2554,20.64893,0.052,0.065,0
3/28/2022 23:59,0,0.47,37.32,3/28/2022 14:55,15.21,3/28/2022 5:38,26.2,70.4,3/27/2022 23:59,26.72,3/28/2022 15:36,41.77,22.66,3/28/2022 15:35,0,3/28/2022 0:15,10.5,122.9,SE,400.3991,20.72158,0.086,0.124,0
3/29/2022 23:59,0.03,0.5,43.65,3/29/2022 14:47,28.35,3/29/2022 4:40,35.61,96.5,3/29/2022 23:26,40.51,3/29/2022 14:48,53.47,25.94,3/29/2022 9:09,0,3/29/2022 23:40,11.21,132.3,SE,226.5457,20.58318,0.083,0.123,0
3/30/2022 23:59,0.11,0.61,32.98,3/30/2022 12:38,26.79,3/30/2022 23:18,29.38,98.8,3/30/2022 8:24,78.14,3/30/2022 23:33,90.2,22.66,3/30/2022 15:25,0,3/30/2022 3:36,8.59,203.3,N,218.2607,20.5805,0.03,0.037,0
3/31/2022 23:59,0.12,0.73,31.11,3/31/2022 13:37,14.8,3/31/2022 23:58,26.17,97,3/31/2022 23:33,61.93,3/31/2022 12:40,75.73,18.26,3/31/2022 15:30,0,3/31/2022 19:24,7.423,261.1,NNW,476.7912,21.0647,0.06,0.074,0
4/1/2022 23:59,0,0.73,40.29,4/1/2022 14:42,12.59,4/1/2022 4:39,28.12,97,4/1/2022 22:42,45.15,4/1/2022 14:46,81.8,16.25,4/1/2022 16:28,0,4/1/2022 0:24,6.257,193.2,SSW,387.9279,21.16611,0.06,0.075,0
4/2/2022 23:59,0.01,0.74,35.67,4/2/2022 14:12,30.07,4/2/2022 23:57,33.14,98,4/2/2022 3:57,65.45,4/2/2022 12:20,79.46,17.81,4/2/2022 13:03,0,4/2/2022 3:48,6.718,267.4,NW,231.1725,21.33509,0.042,0.055,0
4/3/2022 23:59,0,0.74,36.49,4/3/2022 14:25,23.01,4/3/2022 5:55,30.32,98.7,4/3/2022 21:45,60.14,4/3/2022 14:21,83.4,15.73,4/3/2022 11:39,0,4/3/2022 0:08,4.455,134.7,ENE,215.161,21.58715,0.037,0.048,0
4/4/2022 23:59,0.02,0.76,45.55,4/4/2022 16:39,17.6,4/4/2022 6:07,32.78,98.2,4/4/2022 2:04,47.65,4/4/2022 17:24,78.17,18.19,4/4/2022 23:52,0,4/4/2022 1:13,4.691,181.9,SSE,532.4176,21.70745,0.092,0.109,0
4/5/2022 23:59,0.92,1.68,37.41,4/5/2022 0:57,32.29,4/5/2022 2:06,35.05,98.8,4/5/2022 2:35,76.06,4/5/2022 0:56,94.4,33.69,4/5/2022 5:00,2.236,4/5/2022 22:18,13.86,107.6,ESE,46.69606,21.74258,0.011,0.015,0
4/6/2022 23:59,0.29,1.97,33.39,4/6/2022 15:17,31.39,4/6/2022 21:23,32.38,99.3,4/6/2022 1:41,92.3,4/6/2022 5:19,96.7,31.83,4/6/2022 17:17,3.056,4/6/2022 2:11,14.16,283.3,NNW,203.3089,22.04237,0.023,0.026,0
4/7/2022 23:59,0.03,2,35.35,4/7/2022 17:56,28.68,4/7/2022 10:21,32.3,96.3,4/6/2022 23:59,61.07,4/7/2022 16:52,78.68,29.29,4/7/2022 14:48,4.025,4/7/2022 22:23,13.61,266,NNW,259.5905,22.49871,0.045,0.062,0
4/8/2022 23:59,0,2,41.67,4/8/2022 17:12,26.46,4/8/2022 6:00,33.66,89.3,4/8/2022 23:47,36.57,4/8/2022 16:28,57.28,22.51,4/8/2022 13:31,0,4/8/2022 23:31,9.99,318.4,NNW,586.2195,22.94305,0.103,0.14,0
4/9/2022 23:59,0,2,52.03,4/9/2022 15:19,22.93,4/9/2022 4:42,37.96,98.7,4/9/2022 3:23,29.89,4/9/2022 11:51,64.32,19.68,4/9/2022 16:28,0,4/8/2022 23:59,6.011,171.5,SSE,506.4361,22.99458,0.11,0.147,1.015
4/10/2022 23:59,0.29,2.29,43.73,4/10/2022 15:23,32.86,4/10/2022 23:53,38.81,98.2,4/10/2022 23:56,59.11,4/10/2022 3:47,73.29,17.14,4/10/2022 14:04,0,4/10/2022 6:04,5.795,126,ENE,135.3774,22.90334,0.042,0.056,0
4/11/2022 23:59,0.15,2.44,44.72,4/11/2022 17:38,30.07,4/11/2022 22:58,36.56,98.8,4/11/2022 2:34,59.78,4/11/2022 17:39,87.1,18.93,4/11/2022 2:22,0,4/11/2022 6:36,4.99,247.7,W,290.05,23.04278,0.047,0.056,0
4/12/2022 23:59,0.02,2.46,42.32,4/12/2022 16:03,30.97,4/12/2022 4:03,37.92,96.1,4/12/2022 4:07,71.81,4/12/2022 11:52,85.9,28.32,4/12/2022 17:35,0,4/12/2022 0:11,9.04,80.7,ENE,99.89185,23.27589,0.029,0.041,0
4/13/2022 23:59,0.16,2.62,39.21,4/12/2022 23:59,27.52,4/13/2022 23:58,33.42,99.5,4/13/2022 5:10,59.81,4/13/2022 16:47,82.9,23.55,4/13/2022 12:13,0,4/13/2022 3:57,11.39,171.6,S,163.9146,23.72194,0.036,0.049,0
4/14/2022 23:59,0.01,2.63,29.84,4/14/2022 11:41,14.39,4/14/2022 23:58,24.64,96.7,4/14/2022 6:42,73.3,4/14/2022 11:13,85.8,31.68,4/14/2022 16:14,1.565,4/14/2022 6:24,12.32,249.5,W,336.5044,24.07812,0.038,0.047,0
4/15/2022 23:59,0,2.63,21.86,4/15/2022 15:43,11.35,4/15/2022 5:54,17.48,89.5,4/15/2022 3:02,65.37,4/15/2022 14:12,76.96,25.94,4/15/2022 13:16,3.503,4/15/2022 21:17,12.25,295.8,WNW,453.4267,24.64847,0.043,0.054,0
4/16/2022 23:59,0,2.63,31.49,4/16/2022 15:11,15.29,4/16/2022 5:45,23.53,88.4,4/16/2022 4:02,43.85,4/16/2022 12:15,65.38,21.84,4/16/2022 9:54,0,4/16/2022 22:53,7.872,298.6,NW,615.0405,24.83395,0.075,0.096,0
4/17/2022 23:59,0.02,2.65,34.37,4/17/2022 11:12,17.26,4/17/2022 4:24,26.69,99.9,4/17/2022 21:39,51.43,4/17/2022 11:00,87.2,20.94,4/17/2022 18:28,0,4/16/2022 23:59,9.07,157.6,SSE,213.3173,24.65262,0.029,0.037,0
4/18/2022 23:59,0.03,2.68,32.15,4/18/2022 16:56,18.66,4/18/2022 23:39,26.35,99.1,4/18/2022 3:05,59.13,4/18/2022 18:19,83.1,31.6,4/18/2022 10:23,0,4/18/2022 1:34,12.45,304,NW,463.9125,24.94563,0.048,0.06,0
4/19/2022 23:59,0.01,2.69,41.03,4/19/2022 13:56,13.32,4/19/2022 5:48,30.11,95.7,4/19/2022 6:31,46.74,4/19/2022 13:59,68.35,24.45,4/19/2022 22:48,0,4/19/2022 0:32,8.84,149.3,SE,453.3016,25.16793,0.083,0.109,0
4/20/2022 23:59,0.62,3.31,39.15,4/20/2022 14:57,32.04,4/20/2022 10:14,34.69,100,4/20/2022 22:12,52.43,4/20/2022 0:34,86.6,24.45,4/20/2022 1:28,0,4/20/2022 14:40,7.308,175.2,SSE,231.9215,24.9634,0.041,0.046,0
4/21/2022 23:59,0,3.31,41.69,4/21/2022 16:17,33.68,4/20/2022 23:59,36.8,100,4/20/2022 23:59,57.17,4/21/2022 16:46,74.91,23.55,4/21/2022 8:20,0,4/21/2022 15:53,7.811,225.9,NNW,413.8122,25.32674,0.072,0.088,0
4/22/2022 23:59,0.08,3.39,46.2,4/22/2022 22:20,36.96,4/22/2022 0:16,41.26,99.5,4/22/2022 23:24,65.32,4/22/2022 3:06,87.1,25.49,4/22/2022 18:19,3.652,4/22/2022 23:36,13.16,100.7,E,64.93432,25.10765,0.023,0.033,0
4/23/2022 23:59,0.22,3.61,74.12,4/23/2022 15:52,41.9,4/23/2022 23:49,55.29,100,4/23/2022 1:31,30.92,4/23/2022 17:03,81,33.47,4/23/2022 15:13,3.578,4/23/2022 19:40,14.69,140.3,SE,269.2595,24.44661,0.102,0.142,12.06
4/24/2022 23:59,0.09,3.7,42.98,4/24/2022 11:02,27.03,4/24/2022 23:59,35.6,97.4,4/24/2022 6:11,62.75,4/24/2022 0:00,86.2,30.78,4/24/2022 20:25,0,4/24/2022 8:29,12.68,237.1,W,315.0067,25.64981,0.051,0.061,0
4/25/2022 23:59,0,3.7,27.39,4/25/2022 0:10,23.34,4/25/2022 19:52,24.97,94,4/25/2022 4:38,72.29,4/25/2022 13:52,85.5,25.34,4/25/2022 0:51,2.609,4/25/2022 19:43,12.96,316.2,NW,177.0369,26.37679,0.028,0.037,0
4/26/2022 23:59,0,3.7,36.08,4/26/2022 16:38,23.42,4/26/2022 5:18,27.83,86.2,4/26/2022 0:00,46.65,4/26/2022 16:47,69.29,15.43,4/26/2022 4:22,0,4/26/2022 13:36,6.561,193.3,N,423.5407,26.60732,0.068,0.084,0
4/27/2022 23:59,0,3.7,48.42,4/27/2022 15:56,24.32,4/27/2022 2:11,35.99,74.7,4/27/2022 0:17,31.73,4/27/2022 15:27,51.25,23.48,4/27/2022 13:15,0.82,4/27/2022 20:41,10.12,99.1,E,642.6255,26.80629,0.133,0.182,0
4/28/2022 23:59,0,3.7,54.09,4/28/2022 13:27,28.51,4/28/2022 4:45,41.39,75.66,4/28/2022 4:43,39.05,4/28/2022 13:28,58.45,21.02,4/28/2022 12:56,0.596,4/28/2022 23:07,9.77,110.1,ESE,465.3329,26.62903,0.123,0.167,2.045
4/29/2022 23:59,0.42,4.12,49.82,4/29/2022 15:17,39.18,4/29/2022 7:28,44.66,99,4/29/2022 11:09,69.28,4/28/2022 23:59,87.7,18.71,4/29/2022 16:05,0.745,4/29/2022 14:08,8.6,92.5,E,79.6863,26.17454,0.027,0.035,0
4/30/2022 23:59,1.07,5.19,46.77,4/30/2022 0:01,41.65,4/30/2022 23:48,43.62,99.3,4/30/2022 17:22,85.4,4/30/2022 0:28,96.4,15.65,4/30/2022 5:00,0.075,4/30/2022 20:48,5.573,62.64,NE,63.14118,26.3201,0.015,0.018,0
5/1/2022 23:59,0.06,5.25,42.01,4/30/2022 23:59,35.98,5/1/2022 23:58,38.96,99.8,5/1/2022 3:41,87.8,5/1/2022 18:07,95.2,26.24,5/1/2022 17:31,1.416,5/1/2022 1:10,10.84,309.9,NW,86.4074,26.77913,0.018,0.023,0
5/2/2022 23:59,0,5.25,45.36,5/2/2022 14:42,31.96,5/2/2022 5:50,37.99,97.3,5/2/2022 5:29,61.38,5/2/2022 14:49,79.2,20.79,5/2/2022 2:25,0.671,5/2/2022 22:50,8.16,259.6,NNW,448.6682,27.17307,0.081,0.099,0
5/3/2022 23:59,0,5.25,56.57,5/3/2022 16:57,33.84,5/3/2022 5:33,44.51,81,5/3/2022 5:38,27.53,5/3/2022 15:26,56.42,13.34,5/3/2022 7:52,0,5/3/2022 10:57,4.467,100.1,NE,670.8995,27.45526,0.146,0.179,3.285
5/4/2022 23:59,0,5.25,61.07,5/4/2022 14:52,31.96,5/4/2022 4:16,48.43,86,5/4/2022 4:17,32.05,5/4/2022 15:14,56.13,18.48,5/4/2022 13:13,0,5/4/2022 0:08,3.941,138.1,SE,553.7955,27.46531,0.142,0.182,5.535
5/5/2022 23:59,0,5.25,67.15,5/5/2022 15:33,38.36,5/5/2022 3:31,53.83,90.2,5/5/2022 3:31,30.82,5/5/2022 14:15,57.45,17.81,5/5/2022 10:20,0,5/5/2022 0:32,4.352,139.4,SE,612.5049,27.36909,0.173,0.223,8.58
5/6/2022 23:59,0,5.25,70.5,5/6/2022 15:02,38.77,5/6/2022 5:19,56.24,97.8,5/6/2022 3:20,24.49,5/6/2022 14:26,51.66,22.14,5/6/2022 14:14,0,5/5/2022 23:59,6.682,131.8,SE,613.3411,27.65736,0.21,0.287,10.25
5/7/2022 23:59,0.12,5.37,74.77,5/7/2022 15:05,46.25,5/7/2022 4:12,60.81,82.6,5/7/2022 23:55,31.73,5/7/2022 15:05,50.06,35.25,5/7/2022 14:53,2.683,5/7/2022 2:51,14.28,143.5,SE,559.9138,27.38327,0.245,0.355,12.38
5/8/2022 23:59,0.04,5.41,58.29,5/8/2022 12:40,51.83,5/8/2022 4:58,53.73,96.5,5/8/2022 19:40,73.48,5/8/2022 1:20,87.9,48.3,5/8/2022 1:59,0.075,5/8/2022 6:16,13.69,153.5,SSE,121.3881,27.20596,0.046,0.061,5.06
5/9/2022 23:59,0.43,5.84,70.36,5/9/2022 14:39,51.83,5/9/2022 7:53,57.5,96.2,5/9/2022 11:16,56.7,5/9/2022 17:51,82.5,38.98,5/9/2022 17:20,5.068,5/9/2022 23:22,16.08,172,SSE,218.7166,27.0743,0.084,0.12,11.1
5/10/2022 23:59,0,5.84,69.38,5/10/2022 15:56,50.11,5/10/2022 5:28,58.69,89,5/10/2022 5:29,27.4,5/10/2022 14:43,59.04,17.52,5/10/2022 13:36,0,5/10/2022 16:55,5.563,227.3,WSW,475.6725,28.0436,0.151,0.198,9.74
5/11/2022 23:59,0.03,5.87,74.47,5/11/2022 12:52,50.93,5/11/2022 3:00,61.04,96.9,5/11/2022 23:58,33.13,5/11/2022 12:50,62.65,26.83,5/11/2022 14:40,0,5/11/2022 0:51,7.917,82.2,ENE,366.8837,27.85826,0.153,0.218,12.7
5/12/2022 23:59,0.41,6.28,68.97,5/12/2022 17:24,55.12,5/11/2022 23:59,61.49,98,5/12/2022 7:15,73.2,5/12/2022 19:25,88.4,38.83,5/12/2022 19:07,0,5/11/2022 23:59,9.33,110.3,E,200.9107,27.30768,0.07,0.09,12.04
5/13/2022 23:59,0,6.28,70.67,5/13/2022 16:24,51.43,5/13/2022 23:58,61.68,90.1,5/13/2022 1:24,38.26,5/13/2022 16:09,62.46,37.79,5/13/2022 10:33,0,5/13/2022 20:34,15.97,205.7,SSW,644.4561,28.11192,0.217,0.312,11.13
5/14/2022 23:59,0,6.28,65.09,5/14/2022 15:00,47.65,5/14/2022 5:33,56.68,94.5,5/14/2022 5:38,35.97,5/14/2022 14:04,59.1,29.14,5/14/2022 7:13,0,5/14/2022 3:10,9.32,237.7,WSW,617.4675,28.59781,0.185,0.258,7.545
5/15/2022 23:59,0,6.28,70.27,5/15/2022 15:16,41.98,5/15/2022 3:06,58.13,95.9,5/15/2022 3:12,27.38,5/15/2022 13:03,55.17,26.24,5/15/2022 13:17,0,5/15/2022 0:45,8.51,273.8,W,605.5722,28.72748,0.208,0.292,10.13
5/16/2022 23:59,0,6.28,62.8,5/16/2022 14:42,42.23,5/16/2022 5:09,53.71,90.6,5/16/2022 5:12,39.99,5/16/2022 14:33,59.92,20.57,5/16/2022 10:29,0,5/16/2022 5:00,6.599,287.5,NW,624.4512,28.88545,0.17,0.225,6.4
5/17/2022 23:59,0,6.28,66.83,5/17/2022 13:52,44.61,5/17/2022 4:57,55.21,97.3,5/17/2022 23:51,39.19,5/17/2022 12:14,66.7,16.17,5/17/2022 9:24,0,5/17/2022 0:06,5.79,133.9,SE,448.287,28.8135,0.143,0.189,8.42
5/18/2022 23:59,0.05,6.33,72.97,5/18/2022 14:37,45.02,5/18/2022 3:15,57.41,99.2,5/18/2022 3:43,27.06,5/18/2022 14:40,74.36,36.07,5/18/2022 14:40,0,5/18/2022 0:03,9.74,239.1,WSW,504.3491,28.53659,0.165,0.227,11.49
5/19/2022 23:59,0.15,6.48,58.54,5/19/2022 15:29,42.15,5/19/2022 3:05,51.66,99.5,5/19/2022 3:39,71.67,5/19/2022 15:29,86.5,20.65,5/19/2022 22:51,0,5/19/2022 1:15,4.251,175.2,ENE,247.0401,28.70945,0.061,0.072,4.27
5/20/2022 23:59,0,6.48,56.65,5/20/2022 10:47,37.22,5/20/2022 23:37,46.16,93.8,5/20/2022 1:06,58.1,5/20/2022 10:51,78.12,25.86,5/20/2022 15:38,1.938,5/20/2022 1:01,11.02,287.5,WNW,367.0743,29.24262,0.093,0.122,3.325
5/21/2022 23:59,0,6.48,45.94,5/21/2022 17:09,33.19,5/21/2022 4:57,39.97,87.3,5/21/2022 1:32,48.71,5/21/2022 14:49,66.76,18.56,5/21/2022 0:26,0,5/21/2022 20:37,7.266,308.5,NW,344.5472,29.93467,0.081,0.109,0
5/22/2022 23:59,0,6.48,55.9,5/22/2022 16:24,34.02,5/22/2022 4:49,46.42,92.2,5/22/2022 5:03,36.67,5/22/2022 16:24,61.41,17.96,5/22/2022 13:01,0,5/22/2022 4:37,5.212,252.3,WSW,427.3807,29.86986,0.114,0.153,2.95
5/23/2022 23:59,0,6.48,65.01,5/23/2022 16:37,35.41,5/23/2022 5:15,53.1,86.3,5/23/2022 1:19,30.89,5/23/2022 13:36,53.78,20.65,5/23/2022 11:43,0,5/23/2022 1:41,6.529,180.9,S,686.374,29.86775,0.198,0.265,7.505
5/24/2022 23:59,0,6.48,68.08,5/24/2022 13:25,39.69,5/24/2022 3:20,57.36,98,5/24/2022 3:35,31.97,5/24/2022 17:18,59.61,15.5,5/24/2022 13:22,0,5/23/2022 23:59,3.754,130.2,SE,510.5884,29.62407,0.151,0.193,9.04
5/25/2022 23:59,0,6.48,56.67,5/25/2022 11:33,48.3,5/25/2022 20:58,52.34,88.1,5/25/2022 17:14,57.69,5/25/2022 11:49,70.96,19.68,5/25/2022 13:14,0,5/25/2022 0:54,6.041,80.9,ENE,206.6619,29.61399,0.076,0.106,3.335
5/26/2022 23:59,0,6.48,68.88,5/26/2022 17:46,44.2,5/26/2022 4:18,56.32,93.7,5/26/2022 5:27,38.23,5/26/2022 18:39,65.04,13.42,5/26/2022 13:22,0,5/26/2022 3:36,3.292,206.4,NW,713.5609,29.64916,0.185,0.219,9.44
5/27/2022 23:59,0,6.48,79.76,5/27/2022 15:34,47.4,5/27/2022 4:43,65.79,90.1,5/27/2022 4:49,19.67,5/27/2022 14:04,49.61,19.6,5/27/2022 13:25,0,5/27/2022 1:21,4.976,193.4,SW,678.52,29.76801,0.224,0.287,14.88
5/28/2022 23:59,0.19,6.67,77.82,5/28/2022 16:13,57.83,5/28/2022 3:45,68.14,96.8,5/28/2022 5:39,41.88,5/28/2022 0:06,69.51,17.81,5/28/2022 6:59,0,5/28/2022 1:17,5.813,98.7,E,628.4556,28.96631,0.194,0.232,17.82
5/29/2022 23:59,0,6.67,81,5/29/2022 12:02,59.97,5/29/2022 5:32,68.3,97.3,5/29/2022 15:23,55,5/29/2022 12:03,82.4,25.71,5/29/2022 9:57,0,5/29/2022 4:05,8.42,121.3,ESE,402.5345,28.74145,0.133,0.17,20.49
5/30/2022 23:59,1.51,8.18,73.06,5/30/2022 12:51,59.06,5/30/2022 23:47,64.58,98.7,5/30/2022 16:04,55,5/30/2022 2:54,85.6,38.91,5/30/2022 15:58,0,5/30/2022 1:47,9.41,147.6,SSE,330.1967,28.99691,0.101,0.127,16.06
5/31/2022 23:59,0.21,8.39,61.16,5/31/2022 0:42,47.68,5/31/2022 23:58,53.32,98.7,5/31/2022 23:56,70.66,5/31/2022 16:29,88.7,34.14,5/31/2022 8:42,0,5/31/2022 20:21,12.43,243,W,204.3703,29.8558,0.056,0.074,5.58
6/1/2022 23:59,0,8.39,68.87,6/1/2022 15:59,39.61,6/1/2022 4:44,56.51,100,6/1/2022 2:38,26.2,6/1/2022 14:41,60.57,23.18,6/1/2022 14:47,0,5/31/2022 23:59,6.837,250.5,WSW,683.0362,30.47462,0.215,0.29,9.43
6/2/2022 23:59,0,8.39,70.35,6/2/2022 16:18,46.99,6/2/2022 23:57,59.46,83.3,6/2/2022 3:05,20.78,6/2/2022 16:19,48.14,33.09,6/2/2022 14:47,1.565,6/2/2022 0:19,11.31,275.3,WNW,680.968,30.74043,0.258,0.372,10.17
6/3/2022 23:59,0,8.39,67.38,6/3/2022 17:15,41.16,6/3/2022 4:55,54.33,74.48,6/3/2022 5:08,27.34,6/3/2022 17:20,52.45,18.48,6/3/2022 8:18,0,6/3/2022 11:39,7.096,267.8,W,744.1816,30.72718,0.205,0.267,8.69
6/4/2022 23:59,0,8.39,74.3,6/4/2022 16:18,50.6,6/4/2022 4:58,63.87,68.4,6/3/2022 23:59,17.52,6/4/2022 14:59,39.09,16.77,6/4/2022 12:58,0,6/4/2022 8:40,5.188,203.4,WNW,735.5952,30.75006,0.242,0.31,12.45
6/5/2022 23:59,0,8.39,75.13,6/5/2022 15:06,47.15,6/5/2022 3:53,63.4,66.57,6/5/2022 3:54,19.41,6/5/2022 12:48,41.25,19.45,6/5/2022 21:08,0,6/5/2022 0:08,4.321,87.7,ENE,627.1669,30.75827,0.21,0.267,12.56
6/6/2022 23:59,0,8.39,69.71,6/6/2022 14:12,51.18,6/6/2022 4:46,60.79,71.77,6/6/2022 5:24,31.76,6/6/2022 15:09,50.57,17.44,6/6/2022 7:07,0,6/6/2022 12:55,5.382,53.56,NE,701.1951,30.56792,0.209,0.262,10.45
6/7/2022 23:59,0,8.39,71.28,6/7/2022 14:55,46.83,6/7/2022 4:09,60.81,92.7,6/7/2022 4:10,27.1,6/7/2022 13:22,59.78,16.17,6/7/2022 15:22,0,6/7/2022 0:39,2.92,165,NNW,516.777,30.49948,0.157,0.192,10.64
6/8/2022 23:59,0,8.39,72.17,6/8/2022 14:51,49.87,6/8/2022 5:06,62.59,85,6/8/2022 4:47,25.43,6/8/2022 14:51,49.57,22.58,6/8/2022 14:46,0,6/8/2022 0:10,5.347,259.9,NNW,691.9093,30.80067,0.226,0.3,11.08
6/9/2022 23:59,0,8.39,76.2,6/9/2022 13:59,44.78,6/9/2022 4:56,64.07,96.7,6/9/2022 5:05,23.73,6/9/2022 15:35,51.95,19.3,6/9/2022 13:55,0,6/8/2022 23:59,2.9,189.2,NNW,690.2317,30.73232,0.213,0.264,13.1
6/10/2022 23:59,0,8.39,77.1,6/10/2022 14:34,59.97,6/10/2022 4:21,68.5,84.1,6/10/2022 23:20,29.19,6/10/2022 14:26,51.52,15.8,6/10/2022 10:16,0,6/10/2022 0:19,4.246,151,SE,591.2332,30.40759,0.206,0.259,18.53
6/11/2022 23:59,0.09,8.48,76.7,6/11/2022 14:17,59.15,6/11/2022 4:19,67.61,98.3,6/11/2022 4:49,53.59,6/11/2022 12:06,75.69,16.32,6/11/2022 16:07,0,6/11/2022 1:01,5.468,128.9,ESE,529.3074,29.68005,0.179,0.217,17.92
6/12/2022 23:59,0.03,8.51,75.24,6/12/2022 17:14,58,6/12/2022 4:43,65.99,96.7,6/12/2022 5:19,70.92,6/12/2022 15:28,84.8,18.78,6/12/2022 16:17,0,6/12/2022 21:32,7.997,122.7,ESE,424.8616,29.55414,0.123,0.151,16.62
6/13/2022 23:59,0,8.51,82.6,6/13/2022 10:58,66.21,6/13/2022 4:21,73.5,96.3,6/13/2022 2:39,52.8,6/13/2022 9:51,80.4,23.4,6/13/2022 22:38,0,6/13/2022 6:30,9.62,115,ESE,483.9276,29.24843,0.178,0.227,24.41
6/14/2022 23:59,0.05,8.56,89.1,6/14/2022 12:17,63.74,6/14/2022 3:28,75.56,100,6/14/2022 5:50,52.43,6/14/2022 13:32,75.32,33.32,6/14/2022 15:55,1.267,6/14/2022 21:54,10.84,181.2,S,552.6683,29.11734,0.222,0.293,24.87
6/15/2022 23:59,0,8.56,77.49,6/15/2022 17:15,59.96,6/15/2022 4:09,69.6,89,6/15/2022 3:44,23.18,6/15/2022 17:10,52.52,32.87,6/15/2022 23:29,0,6/15/2022 0:49,11.53,212,SSW,534.2543,30.4162,0.251,0.358,18.72
6/16/2022 23:59,0,8.56,76.5,6/16/2022 15:18,61.36,6/16/2022 22:48,68.14,72.49,6/16/2022 6:50,33.62,6/16/2022 13:31,53.03,34.81,6/16/2022 10:25,0,6/16/2022 21:52,14.5,283.3,WNW,672.7765,30.5135,0.267,0.372,18.93
6/17/2022 23:59,0,8.56,80.3,6/17/2022 16:51,52.41,6/17/2022 4:45,69.23,94.8,6/17/2022 5:11,31.7,6/17/2022 14:40,55.92,15.43,6/17/2022 10:13,0,6/17/2022 1:11,4.214,182.6,NNE,742.4548,30.40486,0.244,0.301,16.36
6/18/2022 23:59,0,8.56,80.7,6/18/2022 17:02,60.79,6/18/2022 3:40,71.37,75,6/18/2022 4:57,43.15,6/18/2022 11:05,55.99,32.87,6/18/2022 15:38,3.652,6/18/2022 3:33,13.88,125,SE,603.1226,30.11135,0.267,0.375,20.75
6/19/2022 23:59,0,8.56,99.1,6/19/2022 14:39,72.61,6/19/2022 1:40,85.1,76.78,6/19/2022 5:25,35.15,6/19/2022 14:40,54.81,31.08,6/19/2022 13:41,5.068,6/19/2022 20:12,14.48,178.6,S,679.1698,29.2514,0.36,0.504,29.31
6/20/2022 23:59,0.73,9.29,98.2,6/20/2022 15:47,68.67,6/20/2022 23:56,83.2,96.8,6/20/2022 23:55,35.32,6/20/2022 15:49,64.91,39.58,6/20/2022 23:06,0,6/20/2022 18:37,11.79,181.4,S,666.6194,29.22448,0.318,0.434,27.34
6/21/2022 23:59,0.01,9.3,78.81,6/21/2022 13:33,61.94,6/21/2022 23:55,70.68,98.5,6/21/2022 4:21,39.14,6/21/2022 13:29,68.1,33.91,6/21/2022 14:07,0,6/21/2022 0:32,13.13,261.6,W,719.6509,30.12237,0.264,0.367,20.38
6/22/2022 23:59,0,9.3,82.3,6/22/2022 16:04,56.68,6/22/2022 5:03,69.9,98.3,6/22/2022 5:44,32.06,6/22/2022 17:31,65.8,18.56,6/22/2022 15:27,0,6/22/2022 0:32,4.677,230.7,WSW,733.653,30.09585,0.235,0.294,19.49
6/23/2022 23:59,0,9.3,92.4,6/23/2022 16:24,62.02,6/23/2022 2:07,78.09,88.6,6/23/2022 0:17,29.92,6/23/2022 16:50,57.22,20.2,6/23/2022 9:43,0,6/23/2022 0:13,6.838,178.1,S,725.3024,29.71819,0.279,0.365,24.01
6/24/2022 23:59,2.33,11.63,87.8,6/24/2022 14:51,62.84,6/24/2022 22:03,75.4,98.3,6/24/2022 21:52,43.69,6/24/2022 12:48,71.46,33.47,6/24/2022 21:08,0,6/24/2022 22:42,11.06,145.1,SE,528.5073,29.50368,0.224,0.298,24.42
6/25/2022 23:59,0.16,11.79,73.3,6/25/2022 13:33,59.31,6/25/2022 23:55,65.7,98.3,6/25/2022 4:29,47.54,6/25/2022 11:37,73.92,27.58,6/25/2022 16:39,0,6/25/2022 4:06,11.54,259.3,W,525.887,29.99691,0.184,0.242,16.3
6/26/2022 23:59,0,11.79,69.39,6/26/2022 16:52,52.58,6/26/2022 5:00,60.89,85.7,6/26/2022 1:45,38.07,6/26/2022 14:49,61.5,29.44,6/26/2022 8:52,0,6/26/2022 20:31,11.34,297.7,WNW,634.6544,30.62905,0.2,0.271,10.99
6/27/2022 23:59,0,11.79,81,6/27/2022 15:26,51.26,6/27/2022 4:55,68.22,97.6,6/27/2022 5:02,26.88,6/27/2022 15:51,61.72,19.68,6/27/2022 14:29,0,6/27/2022 0:31,5.536,224.8,SW,704.5615,30.26405,0.241,0.316,16.13
6/28/2022 23:59,0.01,11.8,73.24,6/28/2022 12:04,52.83,6/28/2022 23:19,64.17,96.5,6/28/2022 5:06,50.33,6/28/2022 19:13,69.43,15.73,6/28/2022 1:40,0,6/28/2022 0:05,3.676,147.5,N,537.0459,30.0959,0.157,0.19,13.03
6/29/2022 23:59,0,11.8,75.11,6/29/2022 16:19,52.66,6/29/2022 0:02,65.37,95.3,6/29/2022 1:08,50.11,6/29/2022 11:57,72,28.55,6/29/2022 15:43,0,6/28/2022 23:59,7.859,125.4,ESE,411.3562,29.95679,0.151,0.207,13.89
6/30/2022 23:59,0.04,11.84,77.91,6/30/2022 13:17,59.97,6/30/2022 23:55,70.37,97.2,6/30/2022 4:40,40.92,6/30/2022 17:02,66.08,41.96,6/30/2022 0:45,0,6/30/2022 3:24,9.04,284,WNW,659.0672,29.8245,0.23,0.302,18.94
7/1/2022 23:59,0,11.84,76.85,7/1/2022 17:39,51.84,7/1/2022 3:25,66.27,99.6,7/1/2022 4:44,33.88,7/1/2022 14:02,62.61,22.29,7/1/2022 9:22,0,7/1/2022 0:42,5.776,247.6,W,719.6729,30.37987,0.231,0.301,14.35
7/2/2022 23:59,0,11.84,76.28,7/2/2022 15:39,53.73,7/2/2022 4:50,66.67,91.5,7/2/2022 5:06,41.04,7/2/2022 14:16,61.62,13.34,7/2/2022 8:43,0,7/2/2022 0:01,3.865,102.7,E,712.168,30.10535,0.21,0.254,15
7/3/2022 23:59,0.09,11.93,75.86,7/3/2022 12:09,58,7/3/2022 3:57,67.66,96.7,7/3/2022 9:24,66.9,7/3/2022 12:11,84.5,17.14,7/3/2022 14:44,0,7/3/2022 1:19,6.835,116.8,ESE,404.6046,29.2448,0.122,0.149,16.93
7/4/2022 23:59,0.01,11.94,82,7/4/2022 16:24,66.95,7/4/2022 5:16,73.05,98.5,7/4/2022 23:57,66.99,7/4/2022 16:26,85.7,18.71,7/4/2022 8:07,0,7/4/2022 0:58,4.779,138.8,SE,377.4666,28.9225,0.119,0.141,24.47
7/5/2022 23:59,0,11.94,79.71,7/5/2022 12:23,65.97,7/5/2022 0:31,72.63,100,7/5/2022 3:42,61.44,7/5/2022 13:02,83.4,14.83,7/5/2022 18:10,0,7/5/2022 0:01,3.85,100.9,NNE,482.0017,28.97262,0.152,0.177,22.84
7/6/2022 23:59,0,11.94,79.74,7/6/2022 17:17,60.3,7/6/2022 4:26,68.85,95.9,7/6/2022 23:58,59.28,7/6/2022 17:31,81.6,14.53,7/6/2022 0:19,0,7/6/2022 2:49,5.243,106,ESE,494.7649,29.19034,0.149,0.175,20.02
7/7/2022 23:59,0,11.94,81,7/7/2022 11:00,62.76,7/7/2022 5:21,71.3,100,7/7/2022 5:02,61.79,7/7/2022 14:12,81.6,14.68,7/7/2022 12:46,0,7/6/2022 23:59,3.252,150.8,NNW,373.8779,28.88776,0.124,0.146,21.88
7/8/2022 23:59,0,11.94,81,7/8/2022 15:45,59.31,7/8/2022 4:59,70.39,93.8,7/8/2022 2:54,47.22,7/8/2022 15:46,72.43,14.09,7/8/2022 10:51,0,7/8/2022 1:25,4.876,89.1,ENE,642.438,29.16944,0.203,0.245,20.15
7/9/2022 23:59,0,11.94,84.2,7/9/2022 13:43,61.04,7/9/2022 5:56,72.83,91.9,7/9/2022 23:57,54.31,7/9/2022 13:45,72.72,19.53,7/9/2022 12:29,0.671,7/9/2022 5:11,7.251,155.5,SSE,603.8774,28.8031,0.205,0.258,22.62
7/10/2022 23:59,0.61,12.55,78.67,7/10/2022 18:42,69.01,7/10/2022 13:39,73.35,97.5,7/10/2022 13:45,75.03,7/10/2022 11:56,88,24.15,7/10/2022 8:54,0,7/10/2022 8:38,5.591,189,S,333.7636,28.5248,0.099,0.117,23.84
7/11/2022 23:59,0.2,12.75,77.36,7/11/2022 14:19,61.62,7/11/2022 21:35,69.56,98.7,7/11/2022 2:49,52.12,7/11/2022 13:52,78.61,28.17,7/11/2022 20:40,0,7/11/2022 1:48,7.846,277.1,WNW,596.5203,29.04777,0.18,0.23,19.49
7/12/2022 23:59,0,12.75,82.8,7/12/2022 14:52,60.46,7/12/2022 3:46,70.54,92.1,7/12/2022 3:51,41.27,7/12/2022 15:05,69.25,22.51,7/12/2022 18:42,0,7/12/2022 0:44,6.696,282.3,WNW,629.3546,29.01341,0.218,0.281,21.63
7/13/2022 23:59,0,12.75,77.67,7/13/2022 15:52,56.11,7/13/2022 5:17,67.78,99.2,7/13/2022 5:32,49.59,7/13/2022 16:54,74.1,12.82,7/13/2022 16:11,0,7/13/2022 0:10,3.866,134.2,ENE,697.8484,29.01706,0.207,0.244,16.89
7/14/2022 23:59,0.08,12.83,79.86,7/14/2022 13:07,57.34,7/14/2022 5:29,67.86,95.2,7/14/2022 5:37,53.66,7/14/2022 13:07,81.2,21.32,7/14/2022 11:29,0,7/14/2022 17:10,7.401,111.8,ESE,483.8903,28.68457,0.155,0.195,18.6
7/15/2022 23:59,0.13,12.96,84.2,7/15/2022 17:13,65.64,7/15/2022 4:24,74.53,98.3,7/15/2022 4:36,48.16,7/15/2022 17:54,74.11,15.35,7/15/2022 1:12,0,7/15/2022 6:05,3.139,86.1,NE,699.3322,28.48515,0.217,0.247,24.92
7/16/2022 23:59,0.28,13.24,81.5,7/16/2022 13:06,63.18,7/16/2022 23:58,70.43,99.1,7/16/2022 23:19,62.44,7/16/2022 13:28,88.4,16.47,7/16/2022 15:57,0,7/15/2022 23:59,3.792,137.6,SE,268.2617,28.14339,0.08,0.095,22.34
7/17/2022 23:59,0,13.24,85,7/17/2022 15:49,61.2,7/17/2022 4:47,74.34,100,7/17/2022 5:28,56.16,7/17/2022 13:47,83.4,14.91,7/17/2022 15:03,0,7/16/2022 23:59,5.177,180.6,S,678.0458,27.97236,0.213,0.253,23.1
7/18/2022 23:59,0,13.24,91.1,7/18/2022 15:37,69.41,7/18/2022 5:00,80.6,98.5,7/18/2022 5:16,52.42,7/18/2022 15:10,76.09,20.27,7/18/2022 19:05,0,7/18/2022 5:35,6.81,186.3,S,483.4447,27.64924,0.196,0.247,27.71
7/19/2022 23:59,0.18,13.42,81,7/19/2022 9:24,62.93,7/19/2022 18:52,73.52,93.9,7/19/2022 18:53,36.7,7/19/2022 14:58,74.29,32.05,7/19/2022 14:23,0,7/19/2022 0:06,12.47,221.7,SW,470.2298,28.27753,0.198,0.272,21.96
7/20/2022 23:59,0,13.42,84.8,7/20/2022 16:27,66.29,7/20/2022 1:32,74.35,91.6,7/20/2022 1:30,45.33,7/20/2022 15:55,67.43,25.19,7/20/2022 2:36,0,7/20/2022 20:49,10.59,303.6,WNW,680.7894,28.21592,0.248,0.325,25.54
7/21/2022 23:59,0,13.42,81.9,7/21/2022 15:49,60.87,7/21/2022 4:34,72.01,82.1,7/21/2022 4:56,34.89,7/21/2022 14:52,60.34,19.9,7/21/2022 12:13,0.82,7/21/2022 19:48,7.52,282.5,WNW,677.8978,28.51206,0.246,0.322,21.39
7/22/2022 23:59,0,13.42,86.9,7/22/2022 14:35,59.73,7/22/2022 5:13,75.11,97.6,7/22/2022 5:24,31.84,7/22/2022 13:53,64.44,17.44,7/22/2022 14:40,0,7/22/2022 6:16,5.81,223.7,SW,691.2503,28.16442,0.25,0.317,22.86
7/23/2022 23:59,0.04,13.46,81.8,7/23/2022 14:24,62.68,7/23/2022 23:47,71.02,93.8,7/23/2022 2:26,49.85,7/23/2022 17:23,74.54,30.56,7/23/2022 7:54,0,7/23/2022 1:21,7.368,226.9,NW,424.4001,27.8661,0.159,0.207,22.24
7/24/2022 23:59,0,13.46,71.86,7/24/2022 13:48,54.8,7/24/2022 23:03,63.37,92.7,7/24/2022 4:39,49.31,7/24/2022 13:34,72.31,19.68,7/24/2022 13:50,0.447,7/24/2022 22:10,7.543,312.3,NW,534.2776,28.22456,0.159,0.208,13.33
7/25/2022 23:59,0,13.46,74.3,7/25/2022 13:33,46.18,7/25/2022 5:16,63.51,99,7/25/2022 3:51,43.62,7/25/2022 12:17,72.67,15.35,7/25/2022 14:36,0,7/25/2022 0:16,4.307,203.2,SSW,600.3983,28.18977,0.18,0.22,12.15
7/26/2022 23:59,0.18,13.64,75.38,7/26/2022 16:49,58.25,7/26/2022 22:45,66.47,96.5,7/26/2022 7:34,49.63,7/26/2022 17:16,82.7,19.3,7/26/2022 14:03,0,7/26/2022 19:55,6.904,242,WSW,350.1867,27.4489,0.109,0.136,16.82
7/27/2022 23:59,0.05,13.69,75.71,7/27/2022 13:31,55.62,7/27/2022 23:50,65.81,95,7/27/2022 0:27,41.95,7/27/2022 13:31,68.53,21.99,7/27/2022 16:41,0.894,7/27/2022 1:34,8.11,293.1,WNW,612.6196,27.90228,0.201,0.263,15.67
7/28/2022 23:59,0.02,13.71,69.79,7/28/2022 16:15,52.75,7/28/2022 5:13,61.68,95.9,7/28/2022 5:17,54.44,7/28/2022 12:25,77.88,20.57,7/28/2022 10:26,0.894,7/28/2022 5:06,7.424,306.6,NW,527.3562,27.71082,0.145,0.184,11.27
7/29/2022 23:59,0,13.71,77.92,7/29/2022 15:01,54.14,7/29/2022 5:25,66.35,98.5,7/29/2022 5:13,38.89,7/29/2022 13:16,70.11,15.43,7/29/2022 14:58,0,7/29/2022 0:06,4.224,256.6,W,657.1835,27.62196,0.201,0.249,16.03
7/30/2022 23:59,0,13.71,87.3,7/30/2022 16:06,56.77,7/30/2022 0:39,72.37,97.1,7/30/2022 0:47,45.91,7/30/2022 16:42,69.17,21.61,7/30/2022 16:42,0.671,7/30/2022 4:38,7.319,176.8,S,629.1449,26.91446,0.226,0.29,21.39
7/31/2022 23:59,0.17,13.88,78.19,7/31/2022 11:39,62.94,7/31/2022 23:58,70.49,95.4,7/31/2022 6:31,61.14,7/31/2022 0:44,77.43,22.14,7/31/2022 9:48,0,7/31/2022 4:01,9.49,246.8,WSW,364.8234,26.68112,0.134,0.171,20.6
8/1/2022 23:59,0,13.88,76.38,8/1/2022 13:59,56.36,8/1/2022 5:16,66.69,95.7,8/1/2022 5:19,48.36,8/1/2022 14:05,73.43,15.65,8/1/2022 0:37,0,8/1/2022 11:15,4.851,231.7,WNW,610.6321,27.10312,0.177,0.21,16.37
8/2/2022 23:59,0,13.88,93.1,8/2/2022 21:00,60.96,8/2/2022 3:57,74.74,90.5,8/2/2022 2:23,20.15,8/2/2022 21:02,73.57,43.3,8/2/2022 20:59,0,8/2/2022 17:59,8.37,176.1,S,363.4371,26.20037,0.152,0.197,23.48
8/3/2022 23:59,0,13.88,77.99,8/2/2022 23:59,52.83,8/3/2022 23:45,66.51,97.7,8/3/2022 23:58,55.38,8/3/2022 17:39,71.99,22.29,8/3/2022 7:48,0,8/3/2022 1:38,7.554,281.7,WNW,385.4728,26.81982,0.132,0.179,15.48
8/4/2022 23:59,0,13.88,81.1,8/4/2022 15:29,50.78,8/4/2022 2:21,67.81,99.7,8/4/2022 6:17,45.3,8/4/2022 15:23,71.98,22.51,8/4/2022 12:33,0,8/3/2022 23:59,7.353,153.8,SSE,634.5433,26.60981,0.216,0.283,15.94
8/5/2022 23:59,0.01,13.89,91.4,8/5/2022 13:16,66.95,8/5/2022 0:43,78.87,94.7,8/5/2022 23:58,34.41,8/5/2022 12:08,62.4,28.4,8/5/2022 14:31,0,8/5/2022 23:33,11.89,179.9,S,592.4918,26.18861,0.288,0.407,26.47
8/6/2022 23:59,0,13.89,74.36,8/6/2022 12:48,59.65,8/6/2022 23:58,68.07,95.7,8/6/2022 0:21,47.57,8/6/2022 12:00,71.69,19.38,8/6/2022 4:49,0,8/5/2022 23:59,5.985,231.8,NNW,436.1169,26.41288,0.151,0.196,17.04
8/7/2022 23:59,0,13.89,69.23,8/7/2022 13:59,54.23,8/7/2022 3:56,61.11,97.5,8/7/2022 23:19,62.44,8/7/2022 13:54,82.3,14.61,8/7/2022 13:34,0,8/7/2022 3:10,3.32,152,N,234.7077,26.23492,0.073,0.09,11.73
8/8/2022 23:59,0,13.89,77.84,8/8/2022 15:11,51.02,8/8/2022 5:41,64.33,98.1,8/8/2022 3:49,36.71,8/8/2022 14:37,72.36,13.71,8/8/2022 15:01,0,8/8/2022 2:42,4.078,245.8,WSW,646.2786,26.27204,0.193,0.235,14.43
8/9/2022 23:59,0,13.89,84.6,8/9/2022 15:25,55.78,8/9/2022 5:08,71.27,96.7,8/9/2022 2:43,43.02,8/9/2022 14:28,72.67,18.56,8/9/2022 11:16,0,8/9/2022 0:37,6.059,203,SSW,628.4617,25.67231,0.211,0.27,20.19
8/10/2022 23:59,0,13.89,80.7,8/10/2022 14:42,59.15,8/10/2022 5:41,69.71,86.2,8/10/2022 5:40,30.3,8/10/2022 13:43,60.29,13.57,8/10/2022 14:37,0,8/10/2022 3:08,3.589,101.5,NNE,626.5811,26.02769,0.2,0.248,19.93
8/11/2022 23:59,0,13.89,80.7,8/11/2022 14:33,60.55,8/11/2022 0:39,69.83,85.4,8/11/2022 0:39,29.26,8/11/2022 14:41,58.28,20.2,8/11/2022 13:40,0,8/10/2022 23:59,6.198,104.4,ESE,558.7603,25.85887,0.214,0.283,20.63
8/12/2022 23:59,1.3,15.19,71.51,8/12/2022 14:53,59.89,8/12/2022 4:02,65.59,98.8,8/12/2022 4:11,62.42,8/11/2022 23:59,87,28.1,8/12/2022 8:02,0,8/12/2022 21:21,8.8,104,ESE,180.0771,25.07945,0.068,0.086,15.7
8/13/2022 23:59,0,15.19,73.08,8/13/2022 16:34,56.94,8/13/2022 23:25,65.73,99,8/13/2022 23:49,61,8/13/2022 18:09,85.2,9.99,8/13/2022 10:15,0,8/13/2022 0:19,2.997,83.4,NE,280.5511,25.00192,0.081,0.093,15.01
8/14/2022 23:59,0,15.19,78.98,8/14/2022 14:12,50.95,8/14/2022 3:23,66.18,100,8/14/2022 3:28,48.53,8/14/2022 15:10,78.94,16.62,8/14/2022 15:08,0,8/13/2022 23:59,4.193,177.6,SSE,549.8676,24.91473,0.165,0.202,14.96
8/15/2022 23:59,0,15.19,79.24,8/15/2022 13:33,58.74,8/15/2022 3:33,68.39,100,8/15/2022 7:03,52.53,8/15/2022 13:25,81.6,17.07,8/15/2022 16:06,0.745,8/15/2022 12:14,6.303,155.5,SSE,464.6129,24.56825,0.145,0.179,18.99
8/16/2022 23:59,0,15.19,79.73,8/16/2022 13:49,63.83,8/16/2022 4:46,70.85,98.9,8/16/2022 5:04,54.05,8/16/2022 11:56,80.5,20.05,8/16/2022 11:56,0,8/16/2022 0:59,7.386,190.9,SSW,500.8356,24.33077,0.161,0.203,21.78
8/17/2022 23:59,0,15.19,82.3,8/17/2022 15:41,61.2,8/17/2022 5:42,72.09,97.8,8/17/2022 5:55,51.66,8/17/2022 14:33,75.8,16.77,8/17/2022 15:40,0,8/17/2022 6:00,6.028,195.9,SSW,560.6863,24.19896,0.185,0.232,21.75
8/18/2022 23:59,0.61,15.8,73.97,8/18/2022 12:27,62.6,8/18/2022 23:48,66.29,98.5,8/18/2022 14:02,65.72,8/18/2022 12:52,89.9,23.55,8/18/2022 8:36,0,8/18/2022 0:48,5.44,251.7,WNW,293.8766,24.02571,0.081,0.096,18.29
8/19/2022 23:59,0.87,16.67,73.72,8/19/2022 14:01,61.36,8/19/2022 1:24,66.18,99.3,8/19/2022 6:10,66.24,8/19/2022 13:44,88.7,19.38,8/19/2022 11:09,0,8/19/2022 18:28,5.953,103.9,NNE,350.4806,23.87936,0.1,0.121,17.54
8/20/2022 23:59,0,16.67,75.63,8/20/2022 17:45,60.05,8/20/2022 4:15,67.2,100,8/20/2022 5:06,56.06,8/20/2022 17:42,82.5,12.07,8/20/2022 12:12,0,8/20/2022 2:26,3.205,114.7,NNE,445.9908,23.72512,0.121,0.137,17.84
8/21/2022 23:59,0,16.67,79.49,8/21/2022 16:18,50.94,8/21/2022 5:28,66.15,99.9,8/21/2022 3:51,43.09,8/21/2022 15:18,74.68,10.21,8/21/2022 14:24,0,8/20/2022 23:59,1.805,190.2,WSW,585.0436,23.84173,0.166,0.189,15.21
8/22/2022 23:59,0,16.67,79.63,8/22/2022 15:19,56.02,8/22/2022 5:49,67.64,97.5,8/22/2022 4:19,40.26,8/22/2022 15:28,73.67,11.55,8/22/2022 12:13,0,8/21/2022 23:59,2.368,162.5,SSE,449.844,23.53473,0.138,0.165,17.82
8/23/2022 23:59,0,16.67,81.8,8/23/2022 15:40,56.44,8/23/2022 3:34,70.05,95.7,8/23/2022 3:14,45.06,8/23/2022 14:14,74.78,18.34,8/23/2022 13:31,0,8/22/2022 23:59,4.345,120.7,ESE,539.9944,23.16346,0.172,0.213,19.12
8/24/2022 23:59,0,16.67,76.32,8/24/2022 10:19,62.1,8/24/2022 23:58,68.61,97.9,8/24/2022 4:41,62.3,8/24/2022 13:49,84.3,18.41,8/24/2022 13:21,0,8/24/2022 1:09,5.515,178.3,N,444.2138,22.86253,0.134,0.162,19.21
8/25/2022 23:59,0,16.67,75.21,8/25/2022 14:52,55.04,8/25/2022 23:45,65.74,98.6,8/25/2022 23:56,51.43,8/25/2022 16:21,77.6,12.97,8/25/2022 13:26,0,8/25/2022 9:14,3.72,208.6,NNW,528.2483,22.98799,0.149,0.176,15.13
8/26/2022 23:59,0.22,16.89,76.02,8/26/2022 13:39,48.64,8/26/2022 5:54,64.99,100,8/26/2022 6:37,46.26,8/26/2022 12:01,77.53,16.99,8/26/2022 23:38,0,8/26/2022 0:00,4.041,173.5,SSE,465.2782,22.82172,0.145,0.174,13.01
8/27/2022 23:59,0.31,17.2,81.1,8/27/2022 15:31,63.5,8/27/2022 5:52,71.39,97.7,8/27/2022 4:51,67.21,8/27/2022 15:09,83.2,19.16,8/27/2022 10:43,1.64,8/27/2022 13:22,8.55,168.5,S,358.2846,22.09487,0.122,0.152,22.3
8/28/2022 23:59,0,17.2,75.61,8/28/2022 13:13,61.61,8/28/2022 22:06,68.78,99.9,8/28/2022 22:44,75.21,8/28/2022 13:13,87.9,18.63,8/28/2022 0:46,0,8/28/2022 20:57,6.944,186.3,S,220.1801,21.94927,0.076,0.095,18.61
8/29/2022 23:59,0,17.2,71.91,8/29/2022 14:35,60.54,8/29/2022 6:00,65.49,87.5,8/28/2022 23:59,56.08,8/29/2022 18:52,71.16,29.66,8/29/2022 11:43,2.385,8/29/2022 21:33,10.03,278.7,W,332.9953,22.2468,0.129,0.178,16.22
8/30/2022 23:59,0,17.2,79.89,8/30/2022 16:02,53.64,8/30/2022 4:05,66.46,96.7,8/30/2022 22:42,42.11,8/30/2022 16:04,68.4,19.45,8/30/2022 13:01,0,8/30/2022 3:11,5.411,273.1,WNW,545.4243,22.1591,0.176,0.23,16.77
8/31/2022 23:59,0,17.2,83.7,8/31/2022 15:12,54.54,8/31/2022 4:11,69.8,99.1,8/31/2022 2:46,36.13,8/31/2022 15:46,69.21,11.63,8/31/2022 12:40,0,8/30/2022 23:59,2.393,205.9,NNW,544.3547,21.80414,0.168,0.201,19.12
9/1/2022 23:59,0,17.2,85.7,9/1/2022 15:22,55.29,9/1/2022 4:21,71.93,99.2,9/1/2022 4:34,36.94,9/1/2022 14:49,73.88,14.38,9/1/2022 13:28,0,8/31/2022 23:59,4.143,180.3,S,542.8978,21.39186,0.183,0.228,20.5
9/2/2022 23:59,0.01,17.21,74.3,9/2/2022 11:56,55.12,9/2/2022 23:56,68.45,90.2,9/2/2022 6:05,45.04,9/2/2022 17:24,68.29,22.21,9/2/2022 13:11,0,9/2/2022 21:58,7.541,271.7,NW,508.944,21.44289,0.171,0.227,14.71
9/3/2022 23:59,0,17.21,71.52,9/3/2022 16:10,46.25,9/3/2022 4:58,59.99,98.8,9/3/2022 5:37,43.34,9/3/2022 16:06,71.77,11.63,9/3/2022 9:50,0,9/3/2022 2:35,2.696,146.6,NE,549.2492,21.53711,0.14,0.163,10.76
9/4/2022 23:59,0,17.21,73.8,9/4/2022 14:55,47.48,9/4/2022 5:12,60.66,96.1,9/4/2022 4:31,38.04,9/4/2022 15:06,70.39,17.59,9/4/2022 15:47,0,9/3/2022 23:59,6.291,124.3,ESE,539.5919,21.32366,0.161,0.208,11.9
9/5/2022 23:59,0,17.21,76.04,9/5/2022 14:14,52.99,9/5/2022 5:36,63.95,93.3,9/5/2022 5:38,53.23,9/5/2022 15:09,76.76,22.36,9/5/2022 15:40,2.907,9/5/2022 4:55,9.67,141.8,SE,474.5934,20.75877,0.153,0.203,14.52
9/6/2022 23:59,0,17.21,82.4,9/6/2022 16:29,59.47,9/6/2022 4:01,69.79,98.1,9/6/2022 6:08,56.84,9/6/2022 15:03,81.4,12.89,9/6/2022 0:15,0,9/6/2022 11:29,4.484,190.1,SSE,483.147,20.22478,0.142,0.167,20.93
9/7/2022 23:59,0,17.21,83.1,9/7/2022 14:53,58.73,9/7/2022 3:29,71.18,88.6,9/7/2022 3:31,41.07,9/7/2022 10:17,70.5,16.7,9/7/2022 13:04,0,9/7/2022 1:29,6.247,115.8,ESE,477.5692,20.28477,0.164,0.213,20.92
9/8/2022 23:59,0,17.21,83.3,9/8/2022 14:30,59.47,9/8/2022 23:37,72.54,84.4,9/8/2022 23:58,50.22,9/8/2022 15:04,71.2,22.88,9/8/2022 9:47,0,9/8/2022 23:36,9.66,220.8,SW,323.1393,19.83718,0.145,0.198,21.39
9/9/2022 23:59,0.04,17.25,70.03,9/9/2022 13:32,53.64,9/9/2022 23:58,61.41,98,9/9/2022 7:37,44.45,9/9/2022 13:56,75.6,14.68,9/9/2022 13:30,0,9/9/2022 4:52,4.649,279.1,NW,295.769,20.0875,0.098,0.124,11.88
9/10/2022 23:59,0,17.25,68.97,9/10/2022 13:41,42.48,9/10/2022 4:03,56.15,97.9,9/10/2022 4:13,31.39,9/10/2022 14:19,65.81,16.62,9/10/2022 14:21,0,9/10/2022 0:22,3.577,245,WNW,473.6935,20.34375,0.135,0.176,9.49
9/11/2022 23:59,0,17.25,70.78,9/11/2022 14:05,39.77,9/11/2022 6:21,55.57,99.2,9/11/2022 6:52,28.18,9/11/2022 13:47,66.13,25.49,9/11/2022 13:22,0,9/10/2022 23:59,2.787,215.2,NNW,506.7952,20.15764,0.136,0.17,10.39
9/12/2022 23:59,0,17.25,77.49,9/12/2022 15:50,41.9,9/12/2022 6:19,59.66,98.5,9/12/2022 6:43,26.84,9/12/2022 14:22,64.99,14.01,9/12/2022 14:13,0,9/11/2022 23:59,2.594,201.2,SW,473.6715,19.81489,0.138,0.175,13.74
9/13/2022 23:59,0,17.25,77.25,9/13/2022 14:14,43.3,9/13/2022 5:42,62,97.6,9/13/2022 1:56,43.34,9/13/2022 11:02,72.18,10.96,9/13/2022 13:13,0,9/12/2022 23:59,2.776,153,NNE,440.6994,19.24409,0.127,0.152,13.63
9/14/2022 23:59,0,17.25,74.21,9/14/2022 15:22,54.06,9/14/2022 4:29,63.39,99.1,9/14/2022 6:20,50.14,9/14/2022 15:11,78.09,23.25,9/14/2022 15:28,0.671,9/14/2022 4:05,10.25,105,ESE,343.8143,18.90118,0.121,0.163,14.13
9/15/2022 23:59,0.41,17.66,82,9/15/2022 14:53,63.25,9/15/2022 6:15,70,97,9/15/2022 23:56,49.91,9/15/2022 17:16,78.12,19.9,9/15/2022 17:10,0,9/15/2022 2:38,8.48,160.3,SSE,266.0453,18.37493,0.109,0.145,22.63
9/16/2022 23:59,0.02,17.68,66.09,9/16/2022 10:49,56.85,9/16/2022 23:58,63.36,100,9/16/2022 9:28,89.3,9/16/2022 15:44,95.8,10.88,9/16/2022 2:16,0,9/16/2022 6:23,4.282,186,S,78.23975,18.16375,0.023,0.026,11.51
9/17/2022 23:59,0.03,17.71,76.77,9/17/2022 14:14,54.05,9/17/2022 1:34,64.06,100,9/17/2022 1:43,57.97,9/17/2022 14:29,86,13.19,9/17/2022 17:11,0,9/16/2022 23:59,4.127,180.5,SE,321.3628,18.033,0.098,0.117,15.41
9/18/2022 23:59,0,17.71,72.35,9/18/2022 16:08,55.94,9/18/2022 6:20,62.07,96.1,9/18/2022 6:35,53.63,9/18/2022 14:58,82.6,13.42,9/18/2022 11:21,0,9/18/2022 18:58,4.518,250.4,WSW,363.9706,18.05042,0.096,0.118,14.14
9/19/2022 23:59,0,17.71,79.23,9/19/2022 14:59,51.84,9/19/2022 6:22,64.88,100,9/19/2022 6:53,38.56,9/19/2022 14:12,74.65,24.07,9/19/2022 15:23,0,9/19/2022 0:58,5.986,161.5,SSE,365.1555,17.82403,0.131,0.18,15.53
9/20/2022 23:59,0,17.71,83.2,9/20/2022 13:49,54.3,9/20/2022 6:42,66.06,98,9/20/2022 6:17,37.65,9/20/2022 13:53,69.65,22.51,9/20/2022 14:13,0,9/19/2022 23:59,5.701,223.9,NNW,383.0804,17.48267,0.138,0.18,18.75
9/21/2022 23:59,0,17.71,60.66,9/21/2022 13:12,47.23,9/21/2022 23:10,53.05,94.1,9/21/2022 23:17,55.85,9/21/2022 2:06,73.46,26.53,9/21/2022 16:18,1.565,9/21/2022 22:33,9.89,302.9,WNW,246.6487,17.7236,0.079,0.109,5.33
9/22/2022 23:59,0,17.71,59.68,9/22/2022 15:56,41.81,9/22/2022 6:10,50.28,97.8,9/22/2022 4:50,45.45,9/22/2022 16:37,73.03,11.48,9/22/2022 21:17,0,9/22/2022 6:49,4.193,188,ENE,416.2172,17.7426,0.096,0.116,4.84
9/23/2022 23:59,0.15,17.86,58.28,9/23/2022 10:16,48.79,9/23/2022 0:04,52.78,99.4,9/23/2022 19:31,66.4,9/23/2022 9:05,84.7,26.68,9/23/2022 9:35,1.64,9/23/2022 23:09,10.02,155.6,SSE,94.16089,17.19506,0.044,0.064,4.14
9/24/2022 23:59,0,17.86,59.11,9/24/2022 17:12,52.24,9/24/2022 6:12,54.71,100,9/24/2022 7:15,77.29,9/24/2022 15:13,91.4,17.66,9/24/2022 13:12,0,9/24/2022 0:47,5.405,256.2,W,93.80727,16.83377,0.026,0.034,5.675
9/25/2022 23:59,0,17.86,64.52,9/25/2022 13:30,46.41,9/25/2022 23:58,55.12,94,9/25/2022 0:50,35.37,9/25/2022 16:57,61.12,33.02,9/25/2022 12:39,1.491,9/25/2022 0:49,11.02,312.2,NW,411.904,16.98742,0.143,0.205,7.26
9/26/2022 23:59,0,17.86,63.21,9/26/2022 14:59,42.3,9/26/2022 6:06,51.57,87.2,9/26/2022 6:12,38.33,9/26/2022 15:30,64.53,18.93,9/26/2022 13:59,0,9/26/2022 19:19,5.691,289,NW,415.8356,16.86142,0.109,0.148,6.605
9/27/2022 23:59,0,17.86,58.45,9/27/2022 14:56,37.21,9/27/2022 6:05,47.43,92.8,9/27/2022 5:27,24.36,9/27/2022 14:11,60.77,13.27,9/27/2022 12:13,0,9/27/2022 0:11,3.672,86.9,NNE,436.4911,16.88788,0.098,0.127,4.225
9/28/2022 23:59,0,17.86,62.04,9/28/2022 14:55,32.29,9/28/2022 5:23,47.41,93.6,9/28/2022 5:26,29.49,9/28/2022 14:33,60.52,17.81,9/28/2022 12:53,0,9/27/2022 23:59,6.381,147.8,SSE,399.8566,16.54459,0.116,0.16,6.02
9/29/2022 23:59,0,17.86,68.72,9/29/2022 13:18,41.56,9/29/2022 1:57,55.88,75.93,9/29/2022 2:07,35.92,9/29/2022 13:38,52.87,26.16,9/29/2022 13:45,3.056,9/29/2022 4:14,10.18,148.7,SSE,229.6147,16.11804,0.129,0.191,9.36
9/30/2022 23:59,0.02,17.88,73.39,9/30/2022 13:36,48.39,9/30/2022 5:19,59.58,87.5,9/30/2022 22:48,40.93,9/30/2022 13:23,61.97,18.71,9/30/2022 0:34,0,9/30/2022 3:03,7.398,125,SE,324.6725,15.69996,0.127,0.175,11.7
10/1/2022 23:59,0.03,17.91,70.44,10/1/2022 13:42,51.75,10/1/2022 6:46,59.06,92.5,10/1/2022 23:34,40.08,10/1/2022 13:09,71.64,19.75,10/1/2022 13:27,0,10/1/2022 3:31,7.471,109.5,ESE,318.0351,15.45506,0.117,0.163,11.09
10/2/2022 23:59,0,17.91,69.03,10/2/2022 13:33,49.21,10/2/2022 6:30,58.23,96.2,10/2/2022 6:30,54.1,10/2/2022 12:55,76.3,17.96,10/2/2022 11:20,2.534,10/2/2022 21:04,8.72,125,SE,228.2091,15.11992,0.083,0.114,9.51
10/3/2022 23:59,0,17.91,74.56,10/3/2022 13:08,53.39,10/3/2022 6:15,63.2,74.96,10/3/2022 6:34,33.22,10/3/2022 13:33,57.56,18.78,10/3/2022 10:53,0,10/3/2022 17:59,5.954,153.8,SSE,267.2709,15.06187,0.121,0.17,13.97
10/4/2022 23:59,0,17.91,69.45,10/4/2022 15:26,54.05,10/4/2022 6:25,61.27,89.3,10/4/2022 6:57,56.35,10/4/2022 16:09,73.76,14.76,10/4/2022 13:52,0,10/4/2022 0:52,4.827,178,S,179.4212,14.61656,0.07,0.097,11.75
10/5/2022 23:59,0,17.91,72.73,10/5/2022 15:41,48.22,10/5/2022 6:50,60.72,100,10/5/2022 7:08,46.94,10/5/2022 15:41,75.16,20.2,10/5/2022 23:41,0,10/4/2022 23:59,4.655,263.1,WNW,352.723,14.43745,0.103,0.133,11.36
10/6/2022 23:59,0,17.91,50.96,10/6/2022 0:00,37.22,10/6/2022 21:37,42.23,83.9,10/6/2022 0:24,51.85,10/6/2022 14:04,69.31,21.54,10/6/2022 7:06,0.149,10/6/2022 23:58,8.77,183.5,N,257.2505,14.83001,0.062,0.085,0.515
10/7/2022 23:59,0,17.91,46.93,10/7/2022 13:22,31.88,10/7/2022 20:32,39.62,85.1,10/7/2022 2:05,38.36,10/7/2022 15:45,63.27,18.63,10/7/2022 12:15,0,10/7/2022 3:21,5.012,244.3,WNW,339.9483,14.73121,0.075,0.1,0
10/8/2022 23:59,0,17.91,64.43,10/8/2022 15:31,33.6,10/8/2022 0:34,47.28,93.1,10/8/2022 23:58,37.42,10/8/2022 15:33,60.75,18.26,10/8/2022 12:06,0,10/8/2022 17:38,6.141,259.9,WSW,319.0692,14.29988,0.089,0.126,7.215
10/9/2022 23:59,0,17.91,59.36,10/9/2022 15:44,33.77,10/9/2022 4:54,45.91,99.3,10/9/2022 5:56,54.26,10/9/2022 16:01,80.5,19.53,10/9/2022 7:33,0,10/8/2022 23:59,2.948,105.4,ENE,268.0584,13.86524,0.054,0.067,4.68
10/10/2022 23:59,0,17.91,66.32,10/10/2022 15:42,30.16,10/10/2022 6:09,49.62,99.9,10/10/2022 7:47,31.98,10/10/2022 14:33,66.26,16.84,10/10/2022 14:23,0,10/9/2022 23:59,4.87,152,SSE,363.0862,13.75595,0.103,0.137,8.16
10/11/2022 23:59,0.04,17.95,77.41,10/11/2022 16:01,52.25,10/11/2022 0:44,61.94,72.93,10/11/2022 1:23,31.59,10/11/2022 16:23,52.75,25.86,10/11/2022 19:54,3.056,10/11/2022 23:39,11.32,212.7,SSW,334.626,13.35418,0.157,0.228,14.83
10/12/2022 23:59,0,17.95,53.22,10/12/2022 0:07,37.63,10/12/2022 23:30,43.97,86.8,10/12/2022 11:55,48.11,10/12/2022 15:36,64.45,26.38,10/12/2022 20:02,1.118,10/12/2022 3:25,9.79,291.5,WNW,130.2615,13.41446,0.055,0.079,1.61
10/13/2022 23:59,0,17.95,38.89,10/13/2022 0:19,31.47,10/13/2022 23:51,35.62,94.8,10/13/2022 23:58,50.28,10/13/2022 14:15,68.37,21.54,10/13/2022 10:18,2.832,10/13/2022 20:41,10.06,299.2,WNW,132.6649,13.48057,0.045,0.066,0
10/14/2022 23:59,0.05,18,40.77,10/14/2022 14:05,29.17,10/14/2022 22:50,34.52,97.8,10/14/2022 5:36,65.12,10/14/2022 13:06,86.6,26.38,10/14/2022 14:11,0,10/14/2022 21:21,8.04,295.1,WNW,180.6315,13.09226,0.03,0.039,0
10/15/2022 23:59,0,18,47.27,10/15/2022 13:44,31.3,10/15/2022 0:11,40.34,93.6,10/15/2022 0:15,58.49,10/15/2022 13:45,71.3,25.04,10/15/2022 13:49,3.056,10/15/2022 0:02,10.24,283.5,WNW,149.6604,12.86899,0.053,0.075,0
10/16/2022 23:59,0,18,39.88,10/16/2022 0:03,25.15,10/16/2022 23:58,34.65,77.96,10/16/2022 8:42,46.85,10/16/2022 15:25,64.96,29.44,10/16/2022 15:34,2.907,10/16/2022 22:51,13.2,320.1,NW,145.3372,12.85175,0.053,0.077,0
10/17/2022 23:59,0,18,34.08,10/17/2022 15:02,17.84,10/17/2022 7:01,25.57,86.4,10/17/2022 7:06,37.83,10/17/2022 15:22,62.52,19.9,10/17/2022 12:08,0,10/17/2022 20:53,7.523,242.7,NNW,289.2282,12.81625,0.048,0.066,0
10/18/2022 23:59,0,18,39.41,10/18/2022 14:51,15.71,10/18/2022 6:07,26.59,84,10/18/2022 6:08,33.58,10/18/2022 14:47,59.23,17.37,10/18/2022 9:55,0,10/18/2022 22:47,4.818,299.6,NNW,333.6614,12.60367,0.053,0.072,0
10/19/2022 23:59,0,18,53.92,10/19/2022 15:13,16.85,10/19/2022 2:54,34.54,88.8,10/19/2022 3:42,19.73,10/19/2022 12:24,53.57,14.83,10/19/2022 10:59,0,10/18/2022 23:59,2.368,216.6,SW,283.6838,12.42557,0.058,0.079,1.96
10/20/2022 23:59,0,18,59.76,10/20/2022 15:14,30.15,10/20/2022 7:21,45.62,87.4,10/20/2022 7:16,39.76,10/20/2022 15:10,59.1,14.61,10/20/2022 22:57,0,10/20/2022 6:57,5.071,248.2,WSW,269.7236,11.87324,0.072,0.096,4.88
10/21/2022 23:59,0,18,60.16,10/21/2022 14:06,43.95,10/21/2022 2:37,51.42,83.5,10/21/2022 7:10,33.09,10/21/2022 15:44,54.4,16.32,10/21/2022 8:40,0,10/21/2022 16:59,5.551,243.4,W,274.9648,11.63203,0.082,0.112,5.08
10/22/2022 23:59,0,18,66.32,10/22/2022 14:14,44.85,10/22/2022 23:40,53.84,77.16,10/22/2022 23:46,37.38,10/22/2022 14:15,54.1,19.08,10/22/2022 10:45,0,10/22/2022 1:37,5.371,104.6,E,162.6918,11.39366,0.079,0.117,8.16
10/23/2022 23:59,0.17,18.17,75.49,10/23/2022 13:33,43.54,10/23/2022 2:21,60.52,91.8,10/23/2022 22:48,47.89,10/23/2022 13:34,68.05,31.01,10/23/2022 22:10,0,10/23/2022 1:07,11.17,112.9,ESE,259.3739,10.89709,0.119,0.172,12.74
10/24/2022 23:59,0,18.17,64.11,10/24/2022 1:21,35.82,10/24/2022 23:35,48.06,94.1,10/24/2022 22:33,64.21,10/24/2022 18:13,77,29.29,10/24/2022 12:28,3.429,10/24/2022 23:54,14.8,212.6,SW,89.30628,11.03884,0.046,0.068,7.055
10/25/2022 23:59,0,18.17,44.87,10/25/2022 14:38,33.6,10/25/2022 3:11,38.07,94.7,10/25/2022 5:35,62.65,10/25/2022 14:37,78.34,16.99,10/25/2022 2:34,0,10/25/2022 16:48,7.385,286.5,WNW,127.7661,10.96357,0.035,0.047,0
10/26/2022 23:59,0,18.17,47.59,10/26/2022 15:20,32.78,10/26/2022 7:21,38.78,83.2,10/26/2022 7:13,51.29,10/26/2022 15:11,69.03,14.46,10/26/2022 2:30,0,10/26/2022 5:48,4.477,225.7,WSW,273.0052,10.83063,0.051,0.066,0
10/27/2022 23:59,0.02,18.19,47.27,10/27/2022 21:58,32.37,10/27/2022 5:43,42.22,95.6,10/27/2022 16:34,77.37,10/27/2022 21:21,85.4,21.99,10/27/2022 19:12,0,10/27/2022 1:17,8.48,162.1,SSE,35.88352,10.41386,0.016,0.023,0
10/28/2022 23:59,0.06,18.25,60.15,10/28/2022 13:26,39.43,10/28/2022 7:07,49.38,93.3,10/28/2022 5:05,48.93,10/28/2022 13:34,75.8,21.91,10/28/2022 13:35,0,10/28/2022 12:24,9.64,194.5,SSW,284.3944,10.24304,0.078,0.109,5.075
10/29/2022 23:59,0,18.25,61.98,10/29/2022 15:31,35.58,10/29/2022 23:22,48.6,99.7,10/29/2022 8:05,50.57,10/29/2022 13:23,81.4,21.47,10/29/2022 4:09,0,10/29/2022 3:55,4.686,203.7,SSW,252.4355,10.03723,0.052,0.069,5.99
10/30/2022 23:59,0,18.25,60.26,10/30/2022 13:28,28.68,10/30/2022 7:07,42.55,99.4,10/30/2022 3:07,27.86,10/30/2022 13:44,72.83,10.36,10/30/2022 14:02,0,10/29/2022 23:59,1.717,227.3,W,260.6179,10.05926,0.052,0.065,5.13
10/31/2022 23:59,0,18.25,65.58,10/31/2022 14:32,26.96,10/31/2022 3:08,45.34,98.3,10/31/2022 2:10,26.99,10/31/2022 14:40,62.18,18.26,10/31/2022 10:17,0,10/31/2022 0:07,4.283,180.8,SSW,250.4482,9.929852,0.077,0.114,7.79
11/1/2022 23:59,0,18.25,71.99,11/1/2022 14:17,30.49,11/1/2022 6:09,51.24,97.7,11/1/2022 6:40,22.36,11/1/2022 14:52,55.43,16.25,11/1/2022 20:06,0,10/31/2022 23:59,4.441,134.6,SE,248.9234,9.730773,0.086,0.119,10.99
11/2/2022 23:59,0,18.25,72.82,11/2/2022 12:57,49.53,11/2/2022 2:08,61.25,70.33,11/2/2022 23:41,42.2,11/2/2022 12:58,55.69,32.12,11/2/2022 13:10,2.161,11/2/2022 3:37,11.1,169.4,S,192.323,9.321772,0.125,0.192,11.41
11/3/2022 23:59,0.05,18.3,58.77,11/2/2022 23:59,31.89,11/3/2022 23:34,42,99.6,11/3/2022 5:43,64.66,11/3/2022 22:00,86.2,22.96,11/3/2022 22:15,0,11/3/2022 1:48,7.257,285.8,NW,105.2138,9.352354,0.021,0.027,4.385
11/4/2022 23:59,0,18.3,39.47,11/4/2022 15:19,20.14,11/4/2022 23:17,30.6,95.8,11/4/2022 23:25,44.3,11/4/2022 15:20,66.39,19.45,11/4/2022 0:22,0,11/4/2022 12:45,4.978,282.1,NW,250.3986,9.468683,0.039,0.049,0
11/5/2022 23:59,0,18.3,43.65,11/5/2022 15:51,17.6,11/5/2022 4:04,30.62,97.9,11/5/2022 6:10,54.16,11/5/2022 15:53,81.6,16.47,11/5/2022 10:02,0,11/5/2022 0:01,3.526,128.1,ESE,194.6212,9.185219,0.023,0.028,0
11/6/2022 23:59,0,18.3,43.58,11/6/2022 3:32,24.25,11/6/2022 23:54,35.2,70.72,11/6/2022 23:59,44.01,11/6/2022 13:33,55.92,46.66,11/6/2022 15:02,1.118,11/6/2022 0:13,18.64,255.5,WSW,108.7385,9.179567,0.064,0.1,0
11/7/2022 23:59,0,18.3,34.37,11/7/2022 14:49,21.46,11/7/2022 7:53,28.35,83.1,11/7/2022 7:55,58.61,11/7/2022 14:50,70.48,27.58,11/7/2022 0:41,0,11/7/2022 9:09,8.39,181.1,ENE,151.3074,9.020586,0.03,0.039,0
11/8/2022 23:59,0.11,18.41,42.67,11/8/2022 23:51,33.27,11/8/2022 0:00,38.32,99.8,11/8/2022 23:47,52.11,11/8/2022 11:25,78.14,28.4,11/8/2022 11:20,0,11/8/2022 23:08,11.34,142,SE,32.87043,8.741552,0.03,0.046,0
11/9/2022 23:59,0.18,18.59,43.98,11/9/2022 10:08,35.49,11/9/2022 23:32,40.85,100,11/9/2022 1:56,95,11/9/2022 16:12,98.4,18.78,11/9/2022 22:05,0,11/9/2022 0:01,5.301,56.37,NE,33.8273,8.419092,0.007,0.008,0
11/10/2022 23:59,0.34,18.93,38.05,11/10/2022 15:45,22.03,11/10/2022 20:26,32.61,99.3,11/10/2022 14:34,89.7,11/10/2022 9:55,94.5,28.02,11/10/2022 19:13,0,11/10/2022 13:39,10.98,120.8,NE,37.26699,8.390018,0.01,0.013,0
11/11/2022 23:59,0,18.93,25,11/11/2022 2:11,18.58,11/11/2022 21:36,21.5,94.7,11/11/2022 0:45,80.3,11/11/2022 15:06,88.8,24.89,11/11/2022 8:10,4.248,11/11/2022 22:16,12.24,314.2,NW,74.16222,8.493524,0.012,0.017,0
11/12/2022 23:59,0,18.93,23.1,11/12/2022 2:18,19.73,11/12/2022 22:40,21.31,94.2,11/12/2022 0:07,76.97,11/12/2022 12:13,87.4,13.27,11/12/2022 10:16,1.118,11/12/2022 22:51,6.038,293.7,NNW,75.61499,8.367437,0.012,0.016,0
11/13/2022 23:59,0,18.93,24.99,11/13/2022 13:52,19.56,11/13/2022 4:34,22.06,93,11/13/2022 6:42,64.22,11/13/2022 14:26,78.68,12.37,11/13/2022 16:03,0,11/13/2022 2:49,5.089,158.7,ESE,84.52166,8.271528,0.017,0.024,0
11/14/2022 23:59,0,18.93,26,11/14/2022 15:02,19.89,11/14/2022 4:25,22.96,96.4,11/14/2022 23:41,85.4,11/14/2022 13:24,91.8,13.34,11/14/2022 4:58,0,11/14/2022 21:49,5.476,95.3,E,115.365,8.078626,0.011,0.013,0
11/15/2022 23:59,0,18.93,27.64,11/15/2022 15:00,23.01,11/15/2022 7:32,25.27,97.5,11/15/2022 16:39,93,11/15/2022 11:45,96.1,13.42,11/15/2022 23:13,0.149,11/15/2022 0:16,5.35,182.1,N,96.01718,7.909441,0.008,0.009,0
11/16/2022 23:59,0,18.93,24.7,11/16/2022 0:00,15.05,11/16/2022 17:05,18.98,96,11/15/2022 23:59,79.69,11/16/2022 16:15,91,16.84,11/16/2022 7:36,1.043,11/16/2022 10:36,7.958,281.3,WNW,172.8774,7.920553,0.013,0.016,0
11/17/2022 23:59,0,18.93,23.03,11/17/2022 3:18,15.9,11/17/2022 23:57,20.48,90.4,11/17/2022 1:47,78.23,11/17/2022 11:59,85.2,24.82,11/17/2022 17:34,4.621,11/17/2022 17:15,11.57,311.6,NW,140.484,7.771839,0.015,0.02,0
11/18/2022 23:59,0,18.93,17.61,11/18/2022 23:54,4.464,11/18/2022 9:56,11.93,89,11/18/2022 17:36,62.78,11/18/2022 12:36,80,26.31,11/18/2022 19:51,4.174,11/18/2022 7:09,12.56,273.6,W,173.384,7.803085,0.014,0.019,0
11/19/2022 23:59,0,18.93,17.69,11/19/2022 0:27,3.643,11/19/2022 20:04,9.91,89.1,11/19/2022 23:58,67.79,11/19/2022 14:32,78.99,30.86,11/19/2022 1:22,0.373,11/19/2022 20:29,10.9,290.1,WNW,199.8165,7.690237,0.013,0.018,0
11/20/2022 23:59,0,18.93,23.2,11/20/2022 13:48,8.07,11/20/2022 6:34,17.17,93.9,11/20/2022 6:47,66.99,11/20/2022 14:28,81.6,17.22,11/20/2022 20:42,0,11/20/2022 8:31,6.149,199.6,SSW,202.73,7.49301,0.018,0.023,0
11/21/2022 23:59,0,18.93,23.03,11/21/2022 14:02,14.88,11/21/2022 7:19,20.19,94.7,11/21/2022 23:47,72.53,11/21/2022 4:04,83.5,16.55,11/21/2022 0:21,0,11/21/2022 14:09,6.616,248.8,WNW,84.04672,7.347208,0.01,0.013,0
11/22/2022 23:59,0.01,18.94,30.92,11/22/2022 14:22,16.28,11/22/2022 19:39,22.35,98,11/22/2022 22:18,68.65,11/22/2022 16:05,88.6,12,11/22/2022 2:50,0,11/22/2022 7:57,4.549,200.1,SSW,195.7096,7.219214,0.017,0.021,0
11/23/2022 23:59,0,18.94,43.96,11/23/2022 14:26,16.03,11/23/2022 4:00,29.51,97.1,11/23/2022 1:43,49.23,11/23/2022 14:25,78.16,13.49,11/23/2022 17:17,0,11/22/2022 23:59,3.166,127.8,SE,187.3429,7.064733,0.026,0.035,0
11/24/2022 23:59,0,18.94,37.08,11/24/2022 14:24,17.18,11/24/2022 5:20,27.81,99,11/24/2022 5:37,67.52,11/24/2022 14:24,87.1,14.76,11/24/2022 7:51,0,11/24/2022 0:31,4.9,271.5,WNW,170.6981,6.967699,0.017,0.022,0
11/25/2022 23:59,0,18.94,40.92,11/25/2022 15:41,17.92,11/25/2022 6:00,31.87,98.3,11/25/2022 4:16,63.1,11/25/2022 14:03,81.4,14.01,11/25/2022 21:59,0,11/25/2022 5:57,6.008,209.2,SSW,180.2497,6.86767,0.025,0.034,0
11/26/2022 23:59,0,18.94,42.56,11/26/2022 10:59,28.84,11/26/2022 23:55,36.34,95.6,11/26/2022 23:58,60.16,11/26/2022 5:28,76.87,18.34,11/26/2022 11:56,0,11/26/2022 2:35,6.521,274,WNW,166.3059,6.752338,0.027,0.038,0
11/27/2022 23:59,0,18.94,32.72,11/27/2022 15:12,22.35,11/27/2022 9:17,25.59,98.3,11/27/2022 9:27,76.8,11/27/2022 15:06,93.6,9.32,11/27/2022 4:47,0,11/27/2022 10:06,3.404,230.3,WSW,127.3072,6.74125,0.007,0.008,0
11/28/2022 23:59,0,18.94,34.37,11/28/2022 12:51,23.25,11/28/2022 0:10,28.72,93.3,11/28/2022 0:27,65.23,11/28/2022 21:19,78.15,22.66,11/28/2022 19:06,1.193,11/28/2022 17:05,8.77,198.1,SSW,137.9327,6.668305,0.022,0.031,0
11/29/2022 23:59,0,18.94,23.85,11/29/2022 0:02,17.67,11/29/2022 9:40,19.36,86.1,11/29/2022 18:52,64.1,11/29/2022 0:21,73.29,24.3,11/29/2022 21:19,2.609,11/29/2022 8:24,10.51,282.8,WNW,86.38313,6.725898,0.016,0.023,0
11/30/2022 23:59,0,18.94,18.9,11/30/2022 0:00,3.563,11/30/2022 23:39,9.49,88.7,11/30/2022 23:52,69.8,11/30/2022 11:47,77.73,28.02,11/30/2022 5:51,0,11/30/2022 20:57,11.03,289.4,WNW,123.7873,6.717668,0.011,0.016,0
12/1/2022 23:59,0,18.94,29.68,12/1/2022 13:45,2.087,12/1/2022 0:33,18.96,89,12/1/2022 0:59,58.54,12/1/2022 12:33,75.99,26.98,12/1/2022 12:00,0.298,12/1/2022 0:33,9.67,137.8,SE,135.0057,6.545448,0.023,0.035,0
12/2/2022 23:59,0,18.94,30.01,12/2/2022 11:17,-0.452,12/2/2022 23:53,17.88,90.1,12/2/2022 1:53,73,12/2/2022 21:15,82.8,28.25,12/2/2022 16:35,0,12/2/2022 7:00,10.11,235.4,NNW,50.2519,6.445831,0.011,0.015,0
12/3/2022 23:59,0,18.94,9.39,12/3/2022 16:01,-2.925,12/3/2022 8:17,2.14,88.5,12/3/2022 23:56,64.85,12/3/2022 12:12,76.76,20.12,12/3/2022 0:21,0,12/3/2022 17:36,6.87,232.3,WSW,148.2357,6.556662,0.009,0.013,0
12/4/2022 23:59,0,18.94,33.7,12/4/2022 16:06,3.962,12/4/2022 0:00,20.42,88.3,12/4/2022 0:04,48.95,12/4/2022 15:14,68.7,24.82,12/4/2022 15:13,0,12/3/2022 23:59,9.02,253.6,WSW,171.3077,6.393945,0.029,0.043,0
12/5/2022 23:59,0,18.94,23.17,12/4/2022 23:59,3.333,12/5/2022 21:38,14.61,86.4,12/5/2022 23:49,61.62,12/5/2022 16:26,75.29,19.53,12/5/2022 14:47,0,12/5/2022 1:06,5.983,294.4,NW,96.88609,6.36427,0.012,0.018,0
12/6/2022 23:59,0,18.94,13.65,12/6/2022 15:26,4.13,12/5/2022 23:59,8.56,91.1,12/6/2022 19:47,72.94,12/6/2022 3:02,86.7,14.76,12/6/2022 22:04,0,12/6/2022 0:04,5.131,164.3,E,88.38666,6.319112,0.005,0.006,0
12/7/2022 23:59,0,18.94,7.488,12/7/2022 0:33,-4.813,12/7/2022 20:42,2.787,88,12/7/2022 0:27,62.52,12/7/2022 16:06,79.8,12.82,12/7/2022 5:16,0,12/7/2022 17:01,4.412,102.1,ENE,167.2756,6.337109,0.008,0.01,0
12/8/2022 23:59,0.01,18.95,25.07,12/8/2022 14:43,-1.286,12/8/2022 3:26,11.88,95.4,12/8/2022 23:01,71.13,12/8/2022 15:31,82.9,12.15,12/8/2022 19:48,0,12/8/2022 3:18,4.192,134.7,SE,163.3941,6.19739,0.011,0.014,0
12/9/2022 23:59,0,18.95,29.52,12/9/2022 23:49,19.64,12/8/2022 23:59,26.06,98.1,12/9/2022 9:44,73.5,12/9/2022 14:52,90.7,20.35,12/9/2022 21:06,0,12/9/2022 1:09,7.865,117.9,ESE,109.1817,6.055941,0.009,0.013,0
12/10/2022 23:59,0,18.95,31.49,12/10/2022 14:51,27.85,12/10/2022 23:55,29.68,98,12/10/2022 10:22,91,12/10/2022 0:00,96,19.97,12/10/2022 3:40,0,12/10/2022 15:32,5.57,188.4,SSE,42.97959,5.965152,0.005,0.006,0
12/11/2022 23:59,0.03,18.98,31.32,12/11/2022 12:11,25.55,12/11/2022 6:55,28.28,99,12/11/2022 9:10,81.9,12/11/2022 13:20,91.1,25.86,12/11/2022 21:55,0,12/10/2022 23:59,6.548,150.3,SE,131.9838,5.963157,0.014,0.019,0
12/12/2022 23:59,0,18.98,30.51,12/12/2022 13:15,26.29,12/12/2022 5:02,28.89,88.2,12/12/2022 5:02,78.56,12/12/2022 13:13,83.8,25.19,12/12/2022 14:39,6.41,12/12/2022 23:46,14.58,125.7,SE,95.88346,5.955389,0.018,0.025,0
12/13/2022 23:59,0,18.98,32.77,12/13/2022 7:06,30.06,12/13/2022 0:01,31.53,98,12/13/2022 22:17,82,12/13/2022 4:40,89.1,24.89,12/13/2022 6:26,0,12/13/2022 17:27,9.01,104.1,ESE,27.6775,5.885814,0.01,0.015,0
12/14/2022 23:59,0.15,19.13,32.72,12/14/2022 12:44,29.41,12/14/2022 7:32,31.32,99.1,12/14/2022 5:52,95.1,12/14/2022 0:54,98.1,23.25,12/14/2022 18:14,0,12/13/2022 23:59,5.435,86.7,E,69.16777,5.838231,0.006,0.007,0
12/15/2022 23:59,0.01,19.14,32.23,12/15/2022 0:00,27.03,12/15/2022 23:58,29.52,99.2,12/15/2022 8:12,95.4,12/15/2022 4:56,98.3,16.25,12/15/2022 4:10,1.565,12/15/2022 0:37,7.19,187.9,N,69.0853,5.84373,0.005,0.005,0
12/16/2022 23:59,0,19.14,27.37,12/16/2022 0:00,12.25,12/16/2022 23:58,22,98.2,12/16/2022 0:14,88.1,12/16/2022 23:58,94.6,21.39,12/16/2022 20:17,2.236,12/16/2022 7:40,9.74,319.2,NW,80.95648,5.891235,0.006,0.007,0
12/17/2022 23:59,0,19.14,12.66,12/17/2022 12:29,-3.816,12/17/2022 23:59,7.958,88.4,12/17/2022 0:01,82.6,12/17/2022 19:31,85,22.29,12/17/2022 5:16,4.845,12/17/2022 21:35,10.96,312.4,NW,107.9845,5.990616,0.008,0.011,0
12/18/2022 23:59,0,19.14,-0.456,12/18/2022 14:59,-10.8,12/18/2022 8:25,-6.425,84.3,12/18/2022 17:11,80.5,12/18/2022 19:31,82.5,11.7,12/18/2022 0:19,0,12/18/2022 22:03,4.133,302.3,NW,162.7736,6.068631,0.006,0.007,0
12/19/2022 23:59,0,19.14,7.339,12/19/2022 12:40,-9.08,12/19/2022 23:24,0.288,86.5,12/19/2022 18:25,76.36,12/19/2022 12:44,82.7,11.55,12/19/2022 21:33,0,12/19/2022 0:41,3.302,173.7,NNE,76.85173,6.02149,0.004,0.005,0
12/20/2022 23:59,0.01,19.15,-8.27,12/20/2022 0:03,-25.07,12/20/2022 20:11,-17.92,84.2,12/20/2022 0:34,74.32,12/20/2022 18:33,78.11,12.89,12/20/2022 6:09,0,12/20/2022 4:06,4.711,269.1,W,168.5651,6.102869,0.004,0.005,0
12/21/2022 23:59,0,19.15,-6.622,12/21/2022 14:24,-17.77,12/21/2022 0:00,-11.18,81.1,12/21/2022 17:41,75.49,12/21/2022 12:33,78.61,15.8,12/21/2022 21:50,0,12/21/2022 1:48,3.733,145.5,NE,85.01989,6.084664,0.003,0.004,0
12/22/2022 23:59,0,19.15,-11.63,12/22/2022 19:17,-15.15,12/22/2022 9:32,-13.45,79.2,12/22/2022 0:03,76.21,12/22/2022 13:03,77.19,25.49,12/22/2022 18:43,4.099,12/22/2022 4:03,12.43,309.6,NW,145.4194,6.105583,0.005,0.007,0
12/23/2022 23:59,0,19.15,-8.84,12/23/2022 13:26,-13.43,12/23/2022 0:32,-11.22,78.05,12/23/2022 22:24,75.94,12/23/2022 11:27,77.17,34.43,12/23/2022 5:06,6.633,12/23/2022 23:37,17.49,314.6,NW,136.3226,6.100899,0.005,0.008,0
12/24/2022 23:59,0,19.15,-6.948,12/24/2022 15:55,-14.49,12/24/2022 8:03,-10.29,78.54,12/24/2022 8:53,72.28,12/24/2022 18:52,76.03,25.04,12/24/2022 5:25,5.963,12/24/2022 16:52,12.88,312.6,NW,166.8338,6.11071,0.006,0.008,0
12/25/2022 23:59,0,19.15,5.934,12/25/2022 20:59,-16.95,12/25/2022 6:56,-4.6,86.6,12/25/2022 19:35,69.86,12/25/2022 23:47,77.8,17.07,12/25/2022 0:50,0,12/25/2022 5:02,4.147,186.6,NNW,76.78388,6.106886,0.004,0.005,0
12/26/2022 23:59,0,19.15,7.224,12/26/2022 23:58,-9.65,12/26/2022 8:38,-0.311,82.9,12/26/2022 8:52,57.94,12/26/2022 14:22,73.61,16.55,12/26/2022 23:58,0,12/26/2022 8:26,5.227,226,WSW,159.0846,6.110635,0.009,0.012,0
12/27/2022 23:59,0,19.15,23.76,12/27/2022 15:59,6.922,12/26/2022 23:59,16.14,90.3,12/27/2022 22:22,70.65,12/27/2022 1:30,81.2,18.34,12/27/2022 0:14,2.758,12/27/2022 21:25,9.62,147.8,SSE,116.486,6.004329,0.011,0.016,0
12/28/2022 23:59,0,19.15,30.17,12/28/2022 15:29,19.72,12/28/2022 0:00,25.25,96.6,12/28/2022 21:44,82.6,12/28/2022 12:40,90.7,18.11,12/28/2022 11:34,0,12/28/2022 2:49,5.167,114.8,E,106.1487,5.937362,0.007,0.009,0
12/29/2022 23:59,0,19.15,25.9,12/29/2022 5:31,12.33,12/29/2022 23:58,19.07,98.8,12/29/2022 5:04,89.7,12/29/2022 17:07,94.8,13.27,12/29/2022 15:13,0,12/29/2022 0:02,5.255,280.5,WNW,79.38354,6.019985,0.003,0.003,0
12/30/2022 23:59,0,19.15,17.02,12/30/2022 23:58,7.489,12/30/2022 10:06,11.13,96.1,12/30/2022 23:39,76.5,12/30/2022 15:13,86.8,12.75,12/30/2022 1:41,0,12/30/2022 6:32,4.791,213.7,SW,155.2741,6.13675,0.009,0.011,0
