,index,t_dni,max_temp,rh,pres,max_ghi,Date,max_wind_spd,precip_gpm,clouds,max_dhi,max_temp_ts,max_wind_spd_ts,ts,max_dni,max_wind_dir,max_uv,dewpt,revision_status,solar_rad,dni,min_temp,t_solar_rad,precip,wind_spd,wind_gust_spd,ghi,dhi,wind_dir,temp,t_dhi,slp,t_ghi,snow_depth,min_temp_ts,snow
0,0,4505,-23.3,81,968,311,2022-01-01,4.0,0.0,0,79,1641070800,1641081600,1641016800,700,288,1.8,-33.3,final,67,188,-36.1,1608,0.0,1.7000000000000002,5.2,67,21,288,-31.0,504,1026,1608,353.0,1641042000,0.0
1,1,4522,-18.3,78,966,312,2022-01-02,5.8,0.0,5,79,1641160800,1641171600,1641103200,702,190,1.8,-29.7,final,65,188,-36.7,1570,0.0,2.7,7.2,67,21,190,-26.9,506,1024,1619,340.0,1641128400,0.0
2,2,4540,-7.8,80,963,314,2022-01-03,4.5,0.0,14,80,1641240000,1641218400,1641189600,703,177,1.4,-17.2,final,56,189,-22.2,1346,0.0,2.5,7.2,68,21,177,-14.5,508,1019,1631,330.0,1641196800,0.0
3,3,4559,-6.7,84,952,315,2022-01-04,7.6,2.0,63,80,1641326400,1641358800,1641276000,704,65,0.6000000000000001,-13.6,final,15,190,-15.6,365,2.0,4.0,9.8,69,21,65,-11.4,510,1007,1644,318.0,1641276000,60.0
4,4,4578,-11.1,73,960,317,2022-01-05,11.2,5.0,98,80,1641362400,1641394800,1641362400,706,313,0.6000000000000001,-21.2,final,17,191,-24.4,415,5.0,7.0,13.3,69,21,313,-17.6,512,1016,1658,310.0,1641445200,150.0
5,5,4599,-22.2,73,970,319,2022-01-06,6.3,0.0,20,80,1641499200,1641492000,1641448800,707,319,0.6000000000000001,-30.8,final,20,192,-33.3,475,0.0,3.6,8.0,70,21,319,-27.4,515,1028,1674,320.0,1641524400,0.0
6,6,4621,-16.1,79,963,321,2022-01-07,11.2,0.0,47,80,1641618000,1641610800,1641535200,709,174,1.3,-29.6,final,35,193,-37.8,837,0.0,4.6,13.9,70,22,174,-26.9,517,1021,1690,313.0,1641560400,0.0
7,7,4644,-6.1,86,954,324,2022-01-08,11.6,0.0,73,81,1641672000,1641693600,1641621600,710,231,1.5,-16.9,final,60,193,-21.4,1428,0.0,7.4,14.8,71,22,231,-15.0,520,1009,1707,310.0,1641704400,0.0
8,8,4668,-21.1,68,975,326,2022-01-09,8.9,0.0,8,81,1641754800,1641708000,1641708000,712,293,1.8,-28.9,final,71,194,-28.9,1714,0.0,5.2,12.8,72,22,293,-24.7,522,1032,1725,301.0,1641783600,0.0
9,9,4692,-18.3,68,978,328,2022-01-10,5.8,0.0,18,81,1641859200,1641877200,1641794400,714,246,1.8,-29.2,final,72,196,-32.8,1718,0.0,2.8,7.2,73,22,246,-24.9,525,1036,1744,295.0,1641808800,0.0
10,10,4717,-1.7000000000000002,73,959,331,2022-01-11,9.8,0.0,2,81,1641931200,1641938400,1641880800,716,224,1.6,-14.8,final,57,197,-19.4,1367,0.0,4.8,12.9,73,22,224,-10.9,528,1014,1763,397.0,1641880800,0.0
11,11,4743,-1.7000000000000002,84,960,334,2022-01-12,4.5,0.5,93,82,1642017600,1642050000,1641967200,718,185,1.5,-6.2,final,46,198,-6.7,1113,0.5,1.6,5.6,74,22,185,-3.9,531,1014,1784,387.0,1641985200,10.0
12,12,4770,-2.2,80,964,337,2022-01-13,8.9,1.0,74,82,1642078800,1642082400,1642053600,720,185,0.6000000000000001,-8.4,final,19,199,-12.2,445,1.0,3.9,12.4,75,22,185,-5.5,534,1018,1806,380.0,1642136400,20.0
13,13,4798,-9.4,75,973,340,2022-01-14,7.2,2.0,71,82,1642190400,1642179600,1642140000,722,66,0.6000000000000001,-15.7,final,19,200,-19.6,457,2.0,3.6,9.6,76,22,66,-12.2,538,1029,1828,372.0,1642222800,60.0
14,14,4826,-11.7,72,973,343,2022-01-15,8.1,0.0,13,83,1642309200,1642294800,1642226400,724,200,1.8,-22.6,final,54,201,-28.3,1300,0.0,4.2,10.4,77,23,200,-18.7,541,1030,1852,369.0,1642255200,0.0
15,15,4854,-1.7000000000000002,73,956,346,2022-01-16,10.3,0.0,83,83,1642359600,1642370400,1642312800,726,278,0.8,-11.4,final,36,202,-14.3,868,0.0,5.0,11.3,78,23,278,-7.3,544,1010,1876,363.0,1642395600,0.0
16,16,4884,-0.6000000000000001,82,956,350,2022-01-17,4.0,0.0,98,83,1642453200,1642417200,1642399200,729,204,1.0,-7.8,final,55,203,-15.0,1310,0.0,1.9,7.2,79,23,204,-5.3,548,1010,1901,355.0,1642399200,0.0
17,17,4913,1.1,80,949,354,2022-01-18,14.3,2.5,99,84,1642528800,1642536000,1642485600,731,230,1.7000000000000002,-9.4,final,58,205,-18.2,1394,2.5,8.0,18.5,80,23,230,-6.5,551,1003,1927,352.0,1642568400,44.0
18,18,4944,-18.3,70,974,358,2022-01-19,12.5,0.0,22,84,1642572000,1642572000,1642572000,734,310,0.8,-25.8,final,26,206,-27.7,615,0.0,6.6,15.4,81,23,310,-21.7,557,1030,1955,345.0,1642654800,0.0
19,19,4977,-18.3,73,980,362,2022-01-20,5.4,0.0,0,84,1642712400,1642730400,1642658400,737,223,2.0,-29.1,final,82,207,-31.7,1969,0.0,2.3,7.6,83,23,223,-25.7,563,1038,1983,341.0,1642683600,0.0
20,20,5015,-4.4,77,963,366,2022-01-21,16.1,2.0,55,85,1642816800,1642820400,1642744800,739,199,0.6000000000000001,-17.6,final,21,209,-26.1,503,2.0,7.1,18.7,84,24,199,-14.5,569,1019,2012,338.0,1642744800,55.0
21,21,5057,-9.4,70,966,370,2022-01-22,13.0,0.0,57,85,1642831200,1642845600,1642831200,742,260,0.6000000000000001,-21.9,final,22,211,-23.3,521,0.0,4.4,15.6,85,24,260,-17.8,576,1022,2043,348.0,1642860000,0.0
22,22,5103,-16.7,77,960,374,2022-01-23,7.2,0.0,59,86,1643000400,1642975200,1642917600,745,208,0.6000000000000001,-25.3,final,25,213,-31.1,599,0.0,2.8,7.6,86,24,208,-22.4,583,1016,2074,349.0,1642932000,0.0
23,23,5152,-16.7,71,960,379,2022-01-24,8.9,0.0,11,86,1643004000,1643058000,1643004000,747,305,1.6,-23.9,final,64,215,-26.7,1538,0.0,4.7,10.8,88,25,305,-20.0,590,1016,2107,351.0,1643083200,0.0
24,24,5206,-20.6,73,972,383,2022-01-25,6.3,0.0,0,86,1643140800,1643144400,1643090400,750,282,2.1,-30.2,final,78,217,-31.7,1873,0.0,3.7,8.0,89,25,282,-26.8,597,1030,2141,460.0,1643119200,0.0
25,25,5261,-1.7000000000000002,75,958,388,2022-01-26,11.6,0.0,41,87,1643252400,1643227200,1643176800,753,214,1.6,-18.1,final,52,219,-28.9,1240,0.0,5.9,13.6,91,25,214,-14.8,605,1014,2177,455.0,1643176800,0.0
26,26,5319,-3.9,67,969,392,2022-01-27,9.4,0.0,38,87,1643263200,1643288400,1643263200,756,327,1.4,-17.6,final,45,222,-25.0,1086,0.0,5.1,11.9,92,25,327,-12.6,612,1024,2213,451.0,1643346000,0.0
27,27,5378,-8.9,78,970,397,2022-01-28,5.8,0.0,77,88,1643400000,1643392800,1643349600,758,240,1.6,-18.8,final,72,224,-26.1,1722,0.0,2.5,6.8,94,26,240,-15.8,619,1027,2250,444.0,1643356800,0.0
28,28,5439,-5.0,76,959,402,2022-01-29,9.8,0.0,38,88,1643486400,1643493600,1643436000,761,243,0.8,-14.1,final,32,227,-15.0,779,0.0,4.9,12.4,95,26,243,-10.7,626,1014,2288,440.0,1643446800,0.0
29,29,5500,-8.9,77,963,407,2022-01-30,6.3,0.0,33,89,1643576400,1643526000,1643522400,764,236,1.3,-16.2,final,36,229,-19.4,868,0.0,3.0,9.5,97,26,236,-13.0,633,1018,2328,434.0,1643551200,0.0
30,30,5562,-6.1,80,952,412,2022-01-31,7.2,0.0,32,89,1643684400,1643673600,1643608800,767,148,0.8,-13.4,final,27,232,-15.6,639,0.0,4.1,8.8,99,27,148,-10.6,640,1007,2368,430.0,1643630400,0.0
31,31,5624,-4.0,76,957,417,2022-02-01,14.8,0.0,98,89,1643702400,1643738400,1643695200,770,280,1.5,-15.5,final,75,234,-20.8,1801,0.0,9.0,18.6,100,27,280,-12.1,647,1011,2409,423.0,1643778000,0.0
32,32,5686,-18.9,69,978,422,2022-02-02,7.6,0.0,30,90,1643832000,1643839200,1643781600,772,302,1.3,-28.3,final,59,237,-31.1,1415,0.0,4.0,9.2,102,27,302,-24.2,654,1036,2452,419.0,1643864400,0.0
33,33,5748,-20.0,71,980,427,2022-02-03,6.3,0.0,25,90,1643922000,1643943600,1643868000,775,223,2.3,-31.3,final,99,240,-38.3,2382,0.0,2.3,7.2,104,28,223,-27.3,661,1039,2495,415.0,1643896800,0.0
34,34,5810,-15.6,70,973,433,2022-02-04,7.2,0.0,49,91,1644004800,1643994000,1643954400,778,258,1.3,-24.4,final,74,242,-23.9,1786,0.0,3.4,10.4,106,28,258,-20.3,668,1030,2539,413.0,1644026400,0.0
35,35,5872,-10.6,76,960,438,2022-02-05,9.8,3.0,98,91,1644123600,1644069600,1644040800,781,176,0.9,-18.3,final,34,245,-22.2,819,3.0,4.8,12.2,108,28,176,-15.1,675,1016,2583,411.0,1644040800,90.0
36,36,5933,-10.6,74,966,444,2022-02-06,8.9,0.0,60,92,1644127200,1644156000,1644127200,784,299,0.9,-18.8,final,47,247,-23.9,1139,0.0,4.5,10.0,110,28,299,-15.2,682,1022,2629,418.0,1644206400,0.0
37,37,5994,-7.8,74,964,449,2022-02-07,6.3,0.0,43,92,1644267600,1644264000,1644213600,786,163,2.0,-18.5,final,81,250,-23.9,1946,0.0,3.3,7.6,111,29,163,-14.9,689,1019,2675,414.0,1644213600,0.0
38,38,6054,3.3,83,951,455,2022-02-08,10.7,0.0,45,93,1644346800,1644346800,1644300000,789,246,2.4,-6.7,final,94,252,-12.8,2264,0.0,5.3,12.8,113,29,246,-4.1,696,1005,2723,411.0,1644325200,0.0
39,39,6113,0.6000000000000001,77,955,460,2022-02-09,13.0,0.0,100,93,1644386400,1644422400,1644386400,792,321,0.8,-8.6,final,29,255,-13.0,702,0.0,8.0,16.2,115,29,321,-5.2,703,1009,2770,404.0,1644469200,0.0
40,40,6172,2.2,84,948,466,2022-02-10,13.0,7.0,82,93,1644537600,1644555600,1644472800,795,238,0.8,-9.9,final,34,257,-17.2,811,7.0,5.9,15.9,117,30,238,-7.7,709,1002,2819,400.0,1644480000,138.5
41,41,6229,1.1,71,958,472,2022-02-11,13.4,0.0,57,94,1644559200,1644595200,1644559200,797,332,1.2,-17.9,final,64,260,-25.8,1542,0.0,8.3,16.8,120,30,332,-13.7,716,1013,2868,444.0,1644642000,0.0
42,42,6287,-17.2,70,973,478,2022-02-12,4.5,0.0,57,94,1644699600,1644721200,1644645600,800,275,1.6,-28.7,final,92,262,-33.3,2210,0.0,1.9,6.8,122,30,275,-24.7,723,1031,2918,442.0,1644660000,0.0
43,43,6343,-16.7,77,970,483,2022-02-13,7.6,1.0,49,95,1644814800,1644796800,1644732000,803,215,0.8,-26.7,final,31,264,-34.4,740,1.0,3.4,10.0,124,30,215,-23.7,730,1027,2969,439.0,1644757200,30.0
44,44,6398,-12.8,76,970,489,2022-02-14,3.6,0.0,10,95,1644872400,1644832800,1644818400,805,228,2.7,-22.0,final,90,267,-30.0,2154,0.0,1.8,5.6,126,31,228,-18.9,736,1027,3020,447.0,1644843600,0.0
45,45,6453,-6.7,68,962,495,2022-02-15,8.1,0.0,91,96,1644976800,1644951600,1644904800,808,133,0.9,-15.9,final,33,269,-18.9,782,0.0,4.0,10.8,128,31,133,-11.1,743,1018,3072,445.0,1644904800,0.0
46,46,6507,-6.7,69,959,501,2022-02-16,10.3,0.0,63,96,1644994800,1645041600,1644991200,811,319,1.0,-16.4,final,43,271,-21.0,1022,0.0,6.2,12.9,130,31,319,-11.9,749,1014,3124,439.0,1645074000,0.0
47,47,6560,-16.7,66,970,507,2022-02-17,6.3,0.0,14,97,1645135200,1645077600,1645077600,813,240,2.9,-27.9,final,131,273,-30.6,3155,0.0,2.6,10.4,132,31,240,-23.2,756,1027,3177,434.0,1645102800,0.0
48,48,6611,-6.7,72,957,513,2022-02-18,20.1,1.0,81,97,1645200000,1645207200,1645164000,816,253,1.3,-20.6,final,61,275,-21.8,1463,1.0,9.3,21.6,135,32,253,-16.7,762,1012,3231,430.0,1645246800,30.0
49,49,6663,-4.4,68,962,519,2022-02-19,11.6,0.0,37,97,1645333200,1645308000,1645250400,818,206,1.4,-21.1,final,102,278,-27.2,2456,0.0,5.3,14.0,137,32,206,-16.4,769,1018,3284,432.0,1645264800,0.0
50,50,6713,1.1,60,953,525,2022-02-20,11.6,0.0,52,98,1645362000,1645365600,1645336800,821,223,1.1,-12.5,final,49,280,-13.8,1171,0.0,5.7,14.4,139,32,223,-6.0,775,1007,3339,426.0,1645419600,0.0
51,51,6762,-13.9,74,969,531,2022-02-21,8.9,12.0,100,98,1645423200,1645498800,1645423200,823,34,1.0,-20.3,final,35,282,-20.0,848,12.0,5.5,12.4,141,33,34,-16.7,781,1025,3393,419.0,1645506000,360.0
52,52,6810,-16.0,65,973,537,2022-02-22,10.3,4.5,99,99,1645563600,1645563600,1645509600,825,189,1.0,-24.4,final,36,284,-21.8,862,4.5,6.9,13.0,144,33,189,-19.5,788,1029,3448,479.0,1645534800,135.0
53,53,6858,-16.7,65,981,543,2022-02-23,6.3,0.0,5,99,1645650000,1645599600,1645596000,828,285,3.2,-28.8,final,141,286,-30.0,3378,0.0,3.1,8.8,146,33,285,-24.0,794,1039,3504,474.0,1645621200,0.0
54,54,6905,-12.8,72,979,549,2022-02-24,1.8,0.0,2,100,1645743600,1645747200,1645682400,830,217,2.1,-26.7,final,83,288,-34.4,1991,0.0,1.3,4.4,148,33,217,-23.1,800,1037,3559,469.0,1645704000,0.0
55,55,6950,-11.5,65,976,555,2022-02-25,6.1,0.0,31,100,1645822800,1645826400,1645768800,832,268,3.3,-24.1,final,151,290,-28.2,3615,0.0,3.2,8.8,151,34,268,-19.0,806,1034,3615,465.0,1645797600,0.0
56,56,6995,-3.2,70,974,562,2022-02-26,8.7,0.0,34,100,1645909200,1645894800,1645855200,835,255,3.2,-15.9,final,151,291,-19.9,3633,0.0,5.7,13.2,153,34,255,-11.2,812,1031,3671,456.0,1645869600,0.0
57,57,7039,-2.8,74,969,568,2022-02-27,3.6,0.0,74,101,1645999200,1645945200,1645941600,837,240,1.9,-12.7,final,86,293,-14.8,2073,0.0,2.6,5.6,155,34,240,-8.7,818,1023,3728,449.0,1645963200,0.0
58,58,7090,1.1,79,962,574,2022-02-28,4.2,0.0,55,101,1646078400,1646096400,1646028000,839,240,3.4,-8.5,final,154,295,-10.5,3700,0.0,3.1,8.0,158,35,240,-5.2,829,1016,3786,444.0,1646028000,0.0
59,59,7184,0.0,73,966,586,2022-03-01,4.5,0.0,39,102,1646172000,1646182800,1646114400,843,249,3.4,-9.7,final,100,299,-9.9,2408,0.0,2.2,6.0,163,35,249,-5.6,842,1021,3901,439.0,1646118000,0.0
60,60,7238,-3.3,63,969,592,2022-03-02,7.2,0.0,50,102,1646251200,1646254800,1646200800,846,241,1.3,-13.4,final,49,302,-14.7,1177,0.0,3.5,9.6,165,35,241,-7.3,852,1024,3959,436.0,1646283600,0.0
61,61,7298,-7.2,57,977,598,2022-03-03,3.6,0.0,5,103,1646344800,1646287200,1646287200,848,253,1.3,-22.6,final,53,304,-25.6,1270,0.0,1.4,4.8,167,36,253,-15.5,862,1033,4019,433.0,1646312400,0.0
62,62,7366,-2.2,38,969,604,2022-03-04,8.1,0.0,100,103,1646431200,1646424000,1646373600,850,114,1.3,-18.7,final,44,307,-15.0,1055,0.0,3.8,10.8,170,36,114,-6.2,872,1024,4079,430.0,1646373600,0.0
63,63,7439,0.0,57,956,610,2022-03-05,8.1,0.0,100,104,1646510400,1646542800,1646460000,852,134,1.4,-9.9,final,47,310,-3.9,1121,0.0,3.2,9.2,173,37,134,-2.4,882,1010,4140,421.0,1646485200,0.0
64,64,7515,-2.8,76,962,616,2022-03-06,9.4,0.0,83,104,1646546400,1646607600,1646546400,854,306,1.4,-9.9,final,41,313,-15.0,996,0.0,5.8,11.2,175,37,306,-6.3,891,1016,4202,416.0,1646629200,0.0
65,65,7590,-3.3,75,965,622,2022-03-07,6.3,0.0,0,104,1646683200,1646683200,1646632800,855,262,4.4,-15.4,final,167,316,-20.0,4002,0.0,3.4,10.0,178,38,262,-11.6,901,1021,4264,413.0,1646658000,0.0
66,66,7666,-2.2,74,958,628,2022-03-08,11.2,0.0,70,105,1646751600,1646755200,1646719200,857,266,1.4,-9.9,final,60,319,-12.1,1431,0.0,6.7,14.8,180,38,266,-5.9,910,1013,4327,410.0,1646802000,0.0
67,67,7740,-11.7,67,965,634,2022-03-09,12.5,0.0,30,105,1646856000,1646845200,1646805600,859,293,1.4,-20.5,final,54,322,-22.3,1297,0.0,5.9,16.0,183,38,293,-15.5,918,1021,4390,405.0,1646888400,0.0
68,68,7812,-8.9,71,964,640,2022-03-10,13.0,0.0,21,106,1646971200,1646974800,1646892000,861,228,3.1,-20.8,final,130,325,-26.1,3127,0.0,4.9,14.4,186,39,228,-16.5,927,1020,4453,401.0,1646910000,0.0
69,69,7883,-13.3,72,965,646,2022-03-11,13.4,0.0,64,106,1646978400,1647018000,1646978400,863,296,2.5,-22.4,final,79,328,-25.3,1899,0.0,8.1,16.0,188,39,296,-18.6,935,1020,4517,398.0,1647061200,0.0
70,70,7951,-5.0,70,961,652,2022-03-12,9.8,0.5,41,106,1647147600,1647118800,1647064800,864,200,1.8,-21.0,final,53,331,-28.3,1268,0.5,3.7,12.4,191,39,200,-16.7,943,1017,4580,396.0,1647082800,12.5
71,71,8018,-2.2,71,957,658,2022-03-13,8.1,0.0,31,107,1647205200,1647187200,1647151200,866,309,4.8,-9.3,final,145,349,-9.4,3344,0.0,4.9,12.4,202,41,309,-4.7,951,1011,4644,395.0,1647230400,0.0
72,72,8083,3.3,56,967,664,2022-03-14,3.1,0.0,44,107,1647295200,1647302400,1647234000,868,211,4.7,-12.8,final,184,337,-8.9,4408,0.0,1.8,5.6,196,40,211,-5.0,959,1022,4708,391.0,1647259200,0.0
73,73,8146,6.1,70,963,670,2022-03-15,6.3,0.0,30,107,1647374400,1647360000,1647320400,870,176,2.6,-4.9,final,98,339,-8.3,2351,0.0,3.4,10.4,199,40,176,-0.1,967,1017,4772,415.0,1647342000,0.0
74,74,8207,8.9,72,954,676,2022-03-16,8.9,0.5,66,108,1647460800,1647486000,1647406800,871,214,4.3,-0.4,final,154,342,1.7000000000000002,3695,0.5,3.8,11.8,201,41,214,4.4,974,1007,4836,377.0,1647489600,0.0
75,75,8266,5.0,77,963,682,2022-03-17,9.4,0.0,66,108,1647543600,1647496800,1647493200,873,293,4.2,-1.5,final,192,344,0.4,4599,0.0,4.3,11.3,204,41,293,2.2,981,1016,4899,315.0,1647525600,0.0
76,76,8323,5.0,75,965,688,2022-03-18,3.6,0.0,47,108,1647640800,1647615600,1647579600,875,193,3.5,-4.1,final,149,347,-5.0,3577,0.0,1.3,4.8,207,41,193,0.0,989,1019,4963,302.0,1647594000,0.0
77,77,8379,6.7,75,960,694,2022-03-19,5.8,0.0,0,109,1647720000,1647723600,1647666000,876,236,5.2,-4.1,final,202,349,-6.7,4848,0.0,2.6,6.0,209,41,236,0.0,996,1014,5027,302.0,1647691200,0.0
78,78,8433,11.1,67,963,700,2022-03-20,7.2,0.0,42,109,1647813600,1647810000,1647752400,878,166,3.5,-4.0,final,151,351,-6.1,3621,0.0,2.7,9.6,212,42,166,2.5,1002,1016,5090,278.0,1647770400,0.0
79,79,8485,10.0,58,959,706,2022-03-21,10.3,1.5,22,109,1647889200,1647846000,1647838800,879,121,1.9,-0.8,final,60,354,2.0,1441,1.5,5.4,13.8,215,42,121,7.1,1009,1012,5153,251.0,1647921600,0.0
80,80,8536,3.3,86,961,712,2022-03-22,8.1,13.0,100,110,1647982800,1648008000,1647925200,881,116,1.7000000000000002,-0.30000000000000004,final,22,356,0.6000000000000001,522,13.0,2.9,10.0,217,42,116,1.8,1016,1014,5216,38.0,1647954000,9.0
81,81,8585,2.2,77,959,717,2022-03-23,11.6,0.0,98,110,1648072800,1648062000,1648011600,882,99,1.7000000000000002,-2.6,final,43,358,0.0,1040,0.0,6.5,15.2,220,43,99,1.1,1022,1012,5279,48.0,1648036800,0.0
82,82,8632,8.3,71,957,723,2022-03-24,10.7,0.5,48,110,1648155600,1648180800,1648098000,883,188,5.3,-2.3,final,201,360,-0.6000000000000001,4820,0.5,2.9,13.7,223,43,188,2.8,1028,1010,5341,48.0,1648119600,0.0
83,83,8679,4.0,71,957,728,2022-03-25,17.0,1.0,80,110,1648184400,1648231200,1648184400,885,316,2.5,-6.2,final,104,362,-7.7,2497,1.0,11.0,20.9,225,43,316,-1.5,1034,1011,5403,43.0,1648267200,10.0
84,84,8723,-4.4,51,968,734,2022-03-26,12.5,0.0,20,111,1648328400,1648270800,1648270800,886,337,5.7,-16.9,final,224,363,-12.1,5382,0.0,7.4,17.4,228,43,337,-8.5,1040,1023,5465,37.0,1648353600,0.0
85,85,8767,-3.3,43,972,739,2022-03-27,6.3,0.0,0,111,1648418400,1648357200,1648357200,887,196,5.9,-20.7,final,230,365,-16.1,5524,0.0,2.9,8.4,230,44,196,-9.7,1046,1028,5526,34.0,1648382400,0.0
86,86,8809,1.7000000000000002,40,969,745,2022-03-28,8.1,0.0,53,111,1648504800,1648501200,1648443600,888,125,1.9,-16.2,final,69,367,-10.6,1663,0.0,4.3,11.2,233,44,125,-4.4,1052,1023,5587,11.0,1648465200,0.0
87,87,8850,5.0,47,956,750,2022-03-29,10.3,0.5,60,112,1648591200,1648569600,1648530000,890,142,1.9,-8.8,final,62,369,-2.2,1482,0.5,6.0,14.4,235,44,142,1.4,1058,1010,5648,10.0,1648544400,3.5
88,88,8890,1.1,82,950,756,2022-03-30,10.3,4.5,100,112,1648659600,1648674000,1648616400,891,216,1.9,-3.8,final,51,370,-3.0,1219,4.5,5.3,13.4,238,44,216,-1.0,1063,1003,5708,32.0,1648699200,81.0
89,89,8928,1.7000000000000002,66,954,761,2022-03-31,9.8,0.0,59,112,1648764000,1648735200,1648702800,892,270,6.1,-8.0,final,179,372,-7.6,4298,0.0,5.1,12.2,240,45,270,-2.4,1069,1007,5768,56.0,1648785600,0.0
90,90,8966,5.0,71,960,766,2022-04-01,6.7,0.0,45,112,1648846800,1648850400,1648789200,893,215,3.2,-7.4,final,107,374,-11.7,2579,0.0,3.3,11.2,243,45,215,-2.5,1074,1014,5827,51.0,1648810800,0.0
91,91,9003,1.7000000000000002,76,961,771,2022-04-02,8.9,0.0,98,113,1648926000,1648929600,1648875600,894,284,3.3,-3.1,final,168,375,-0.6000000000000001,4042,0.0,4.8,11.6,245,45,284,0.9,1082,1015,5886,31.0,1648958400,0.0
92,92,9047,2.8,73,963,776,2022-04-03,6.3,0.0,65,113,1649016000,1649012400,1648962000,895,161,2.0,-4.8,final,68,377,-4.4,1632,0.0,2.0,7.6,248,45,161,-0.4,1090,1016,5945,30.0,1648987200,0.0
93,93,9096,7.2,74,958,781,2022-04-04,6.7,0.0,15,113,1649106000,1649131200,1649048400,896,225,6.2,-4.2,final,238,379,-8.0,5704,0.0,2.3,8.8,250,46,225,0.30000000000000004,1098,1012,6005,40.0,1649070000,0.0
94,94,9149,2.2,88,944,786,2022-04-05,10.7,17.0,96,113,1649206800,1649163600,1649134800,897,120,2.2,-0.5,final,45,381,0.6000000000000001,1070,17.0,6.3,15.9,253,46,120,1.3,1105,997,6064,13.0,1649149200,108.0
95,95,9203,1.1,94,941,791,2022-04-06,10.3,15.5,100,114,1649257200,1649282400,1649221200,898,273,2.0,-0.2,final,30,383,0.0,712,15.5,6.7,13.5,255,46,273,0.7000000000000001,1112,994,6123,177.0,1649296800,164.0
96,96,9256,1.1,76,955,795,2022-04-07,13.9,0.0,96,114,1649383200,1649340000,1649307600,899,274,2.1,-3.8,final,62,386,-2.0,1476,0.0,7.9,16.4,258,47,274,0.0,1119,1008,6181,217.0,1649343600,0.0
97,97,9308,5.6,45,962,800,2022-04-08,9.8,0.0,5,114,1649451600,1649430000,1649394000,900,330,6.7,-10.2,final,260,388,-3.9,6238,0.0,6.2,12.5,260,47,330,0.8,1126,1016,6239,84.0,1649476800,0.0
98,98,9359,8.3,58,957,805,2022-04-09,7.2,0.0,1,114,1649545200,1649545200,1649480400,901,211,2.3,-7.4,final,114,390,-8.3,2741,0.0,2.9,7.6,262,47,211,0.7000000000000001,1132,1011,6297,63.0,1649505600,0.0
99,99,9408,5.6,66,951,809,2022-04-10,7.6,4.0,78,114,1649620800,1649649600,1649566800,902,114,2.1,-1.9,final,67,392,1.0,1612,4.0,3.7,10.0,265,47,114,3.9,1139,1003,6355,10.0,1649649600,1.0
100,100,9458,6.1,87,953,814,2022-04-11,9.4,9.0,53,115,1649718000,1649671200,1649653200,902,272,3.5,0.1,final,149,394,0.0,3568,9.0,4.0,12.0,267,48,272,2.0,1148,1006,6412,10.0,1649736000,55.0
101,101,9510,4.4,85,955,818,2022-04-12,10.3,6.5,88,115,1649800800,1649818800,1649739600,903,78,2.2,-0.1,final,70,396,-0.6000000000000001,1677,6.5,4.0,13.2,270,48,78,2.2,1155,1008,6469,31.0,1649743200,21.0
102,102,9564,3.3,83,946,822,2022-04-13,9.4,2.5,99,115,1649851200,1649880000,1649826000,904,156,2.2,-1.3,final,55,398,-2.2,1308,2.5,5.2,11.6,272,48,156,1.4,1163,999,6526,7.0,1649908800,0.0
103,103,9618,-0.6000000000000001,77,943,827,2022-04-14,14.3,2.5,100,115,1649955600,1649970000,1649912400,905,234,2.6,-6.6,final,91,401,-8.1,2192,2.5,6.9,16.9,274,49,234,-3.2,1170,996,6582,5.0,1649995200,45.5
104,104,9673,-5.6,70,958,831,2022-04-15,11.2,0.0,99,115,1650052800,1650052800,1649998800,905,297,2.3,-12.2,final,73,403,-10.6,1752,0.0,8.1,16.0,277,49,297,-7.8,1177,1012,6638,23.0,1650013200,0.0
105,105,9727,0.6000000000000001,59,969,835,2022-04-16,9.8,0.0,27,116,1650139200,1650132000,1650085200,906,315,4.8,-11.0,final,250,405,-8.9,6012,0.0,5.5,11.7,279,49,315,-3.9,1184,1023,6694,19.0,1650110400,0.0
106,106,9779,1.7000000000000002,73,968,839,2022-04-17,9.8,3.0,68,116,1650218400,1650222000,1650171600,907,139,2.3,-6.8,final,75,407,-7.8,1799,3.0,4.7,12.8,281,50,139,-2.4,1191,1022,6749,14.0,1650182400,32.0
107,107,9831,1.1,73,968,843,2022-04-18,11.6,1.0,76,116,1650319200,1650297600,1650258000,907,310,3.0,-5.8,final,115,410,-4.4,2770,1.0,6.3,14.5,283,50,310,-1.5,1197,1022,6803,67.0,1650340800,53.0
108,108,9881,5.6,57,967,847,2022-04-19,10.7,0.0,36,116,1650402000,1650420000,1650344400,908,151,3.5,-8.3,final,101,412,-8.9,2425,0.0,4.4,14.4,286,50,151,-0.30000000000000004,1204,1021,6857,64.0,1650366000,0.0
109,109,9930,3.9,79,956,851,2022-04-20,9.4,11.0,82,116,1650430800,1650434400,1650430800,909,180,2.4,-1.8,final,42,414,0.2,1007,11.0,4.4,12.8,288,50,180,1.9,1210,1009,6910,34.0,1650513600,76.5
110,110,9977,6.7,70,966,854,2022-04-21,11.2,0.5,61,116,1650582000,1650535200,1650517200,909,233,5.6,-2.3,final,183,416,0.0,4398,0.5,5.1,13.4,290,51,233,2.9,1215,1020,6963,52.0,1650517200,18.0
111,111,10023,6.1,82,964,858,2022-04-22,9.4,21.5,89,117,1650672000,1650646800,1650603600,910,107,2.4,1.0,final,64,418,2.8,1540,21.5,5.5,13.6,292,51,107,3.9,1221,1018,7014,44.0,1650646800,0.0
112,112,10067,20.0,88,945,861,2022-04-23,14.8,53.5,79,117,1650754800,1650740400,1650690000,910,130,3.3,8.4,final,106,419,5.0,2535,53.5,6.2,14.8,294,51,130,10.4,1227,997,7066,2.0,1650690000,0.0
113,113,10109,9.4,78,945,865,2022-04-24,11.6,4.5,99,117,1650776400,1650834000,1650776400,911,228,2.6,-0.1,final,59,421,-1.0,1425,4.5,6.3,14.4,297,51,228,3.4,1232,997,7116,0.0,1650859200,0.0
114,114,10151,-1.1,77,966,868,2022-04-25,9.4,0.0,100,117,1650862800,1650862800,1650862800,911,329,2.5,-6.4,final,75,423,-3.9,1810,0.0,7.3,13.3,299,52,329,-2.9,1237,1020,7166,0.0,1650942000,0.0
115,115,10190,1.1,61,974,872,2022-04-26,7.2,0.0,70,117,1651006800,1650978000,1650949200,912,245,2.5,-9.1,final,76,425,-5.0,1824,0.0,3.7,8.3,301,52,245,-2.5,1242,1029,7215,0.0,1650963600,0.0
116,116,10229,8.3,48,972,875,2022-04-27,9.4,0.0,0,117,1651093200,1651078800,1651035600,912,101,7.6,-9.1,final,302,426,-5.6,7259,0.0,4.1,11.8,303,52,101,1.7000000000000002,1247,1026,7263,0.0,1651053600,0.0
117,117,10265,10.6,51,966,878,2022-04-28,8.9,0.5,36,117,1651179600,1651168800,1651122000,912,119,4.5,-4.8,final,163,428,-1.7000000000000002,3919,0.5,4.8,11.6,305,52,119,4.8,1252,1019,7311,,1651140000,0.0
118,118,10301,11.7,76,959,881,2022-04-29,8.1,7.5,100,118,1651262400,1651262400,1651208400,913,105,2.5,2.8,final,66,429,3.9,1592,7.5,4.2,11.1,307,52,105,6.9,1256,1012,7357,,1651233600,0.0
119,119,10336,8.9,88,952,884,2022-04-30,7.2,14.5,100,118,1651305600,1651305600,1651294800,913,88,2.5,4.9,final,39,431,5.2,935,14.5,3.9,11.6,308,53,88,6.9,1261,1005,7403,,1651377600,0.0
120,120,10369,5.0,93,954,887,2022-05-01,9.8,5.0,100,118,1651381200,1651442400,1651381200,913,283,2.6,3.2,final,53,432,2.2,1261,5.0,5.3,11.6,310,53,283,4.3,1265,1007,7448,,1651464000,0.0
121,121,10401,8.3,74,965,890,2022-05-02,8.9,0.0,99,118,1651521600,1651503600,1651467600,914,262,2.6,-0.6000000000000001,final,79,433,0.6000000000000001,1902,0.0,4.6,9.6,312,53,262,3.9,1269,1018,7492,,1651489200,0.0
122,122,10431,13.3,51,967,893,2022-05-03,6.7,0.0,36,118,1651618800,1651593600,1651554000,914,111,8.3,-3.1,final,301,435,2.8,7220,0.0,3.1,8.6,314,53,111,7.0,1274,1020,7536,,1651575600,0.0
123,123,10461,16.1,53,968,895,2022-05-04,6.7,0.0,0,118,1651701600,1651708800,1651640400,914,156,2.7,-1.7000000000000002,final,84,436,0.0,2005,0.0,2.5,8.8,316,53,156,8.4,1278,1022,7578,,1651654800,0.0
124,124,10490,20.0,50,965,898,2022-05-05,6.7,0.0,8,118,1651791600,1651773600,1651726800,915,128,7.7,0.9,final,316,437,1.1,7580,0.0,2.4,8.9,318,53,128,12.1,1281,1017,7620,,1651744800,0.0
125,125,10518,21.7,40,960,901,2022-05-06,8.9,0.0,5,118,1651874400,1651863600,1651813200,915,136,7.4,-0.5,final,317,438,5.0,7615,0.0,3.7,13.0,319,54,136,13.9,1287,1012,7661,,1651834800,0.0
126,126,10548,22.8,41,956,903,2022-05-07,14.3,0.0,11,118,1651957200,1651957200,1651899600,915,152,7.7,2.6,final,255,439,8.3,6113,0.0,7.8,17.8,321,54,152,16.2,1293,1008,7702,,1651917600,0.0
127,127,10580,15.6,82,952,905,2022-05-08,19.2,15.5,100,118,1651986000,1652004000,1651986000,915,161,2.7,8.8,final,77,441,10.6,1838,15.5,7.7,18.6,323,54,161,11.8,1298,1004,7741,,1652025600,0.0
128,128,10614,21.7,78,946,908,2022-05-09,14.3,10.5,74,119,1652133600,1652144400,1652072400,916,170,3.6,10.2,final,125,442,11.1,2988,10.5,8.3,25.2,324,54,170,14.1,1303,998,7781,,1652086800,0.0
129,129,10649,21.1,54,963,910,2022-05-10,7.6,0.5,35,119,1652220000,1652158800,1652158800,916,270,7.6,5.0,final,276,444,10.0,6620,0.5,3.9,12.4,326,54,270,15.3,1308,1015,7819,,1652180400,0.0
130,130,10684,22.8,56,967,912,2022-05-11,9.8,16.5,26,119,1652295600,1652306400,1652245200,916,102,3.7,6.2,final,114,445,7.2,2742,16.5,3.8,12.5,327,55,102,16.0,1313,1019,7857,,1652259600,0.0
131,131,10718,19.4,86,958,914,2022-05-12,13.9,18.0,66,119,1652407200,1652407200,1652331600,916,126,5.8,13.2,final,150,447,13.3,3610,18.0,4.1,17.6,329,55,126,15.6,1317,1010,7893,,1652353200,0.0
132,132,10751,21.1,59,955,916,2022-05-13,14.3,10.0,23,119,1652475600,1652468400,1652418000,916,209,7.7,8.8,final,308,448,11.7,7381,10.0,9.0,21.6,330,55,209,17.5,1321,1007,7929,,1652500800,0.0
133,133,10784,18.9,57,959,918,2022-05-14,13.0,0.0,43,119,1652562000,1652558400,1652504400,916,244,8.1,4.7,final,262,449,8.9,6287,0.0,5.3,14.2,332,55,244,13.8,1325,1011,7965,,1652526000,0.0
134,134,10815,21.1,51,960,920,2022-05-15,13.9,0.0,21,119,1652648400,1652648400,1652590800,917,276,8.4,2.8,final,322,451,5.0,7731,0.0,6.0,17.4,333,55,276,14.3,1329,1012,7999,,1652612400,0.0
135,135,10845,17.8,53,962,922,2022-05-16,10.3,0.0,7,119,1652734800,1652734800,1652677200,917,312,7.9,2.3,final,226,452,5.0,5423,0.0,4.7,13.4,335,56,312,12.3,1333,1014,8032,,1652698800,0.0
136,136,10874,20.0,57,963,924,2022-05-17,6.7,0.0,17,119,1652817600,1652835600,1652763600,917,139,5.4,4.2,final,191,453,4.4,4575,0.0,2.9,8.0,336,56,139,13.2,1337,1015,8065,,1652774400,0.0
137,137,10902,20.0,71,956,926,2022-05-18,16.1,2.0,48,119,1652896800,1652907600,1652850000,917,234,5.1,8.5,final,237,454,8.9,5685,2.0,4.8,17.6,337,56,234,13.8,1340,1007,8096,,1652868000,0.0
138,138,10928,15.0,78,947,927,2022-05-19,9.8,2.5,61,119,1653001200,1652986800,1652936400,917,199,2.8,7.0,final,102,455,5.6,2447,2.5,2.4,11.3,339,56,199,10.9,1344,998,8127,,1652950800,0.0
139,139,10954,15.0,72,946,929,2022-05-20,12.5,3.0,62,119,1653066000,1653087600,1653022800,917,289,5.8,4.1,final,169,456,3.9,4053,3.0,6.3,14.5,340,56,289,9.0,1347,998,8157,0.0,1653105600,0.0
140,140,10978,7.2,65,965,930,2022-05-21,8.9,0.0,98,119,1653170400,1653163200,1653109200,917,306,2.8,-1.5,final,142,457,2.8,3401,0.0,4.8,10.4,341,56,306,4.7,1350,1019,8186,0.0,1653127200,0.0
141,141,11001,13.9,57,972,932,2022-05-22,7.2,0.0,58,119,1653256800,1653249600,1653195600,917,269,3.8,-0.9,final,210,458,0.6000000000000001,5049,0.0,3.3,9.6,342,56,269,8.0,1353,1025,8213,,1653217200,0.0
142,142,11023,18.3,48,971,933,2022-05-23,8.1,0.0,44,119,1653343200,1653318000,1653282000,917,193,7.4,0.2,final,250,459,5.0,5993,0.0,3.7,9.3,343,56,193,11.8,1355,1024,8240,,1653289200,0.0
143,143,11043,19.4,50,969,935,2022-05-24,6.7,0.0,25,119,1653433200,1653400800,1653368400,917,134,5.1,3.4,final,160,460,6.7,3832,0.0,2.5,8.4,344,57,134,14.2,1358,1021,8266,,1653382800,0.0
144,144,11063,14.4,64,965,936,2022-05-25,8.1,0.0,62,119,1653498000,1653498000,1653454800,917,93,2.9,4.7,final,87,461,9.4,2095,0.0,3.6,12.6,345,57,93,11.4,1360,1018,8291,,1653465600,0.0
145,145,11082,20.6,61,960,937,2022-05-26,4.5,0.0,50,120,1653606000,1653562800,1653541200,917,81,4.4,5.8,final,206,462,8.9,4939,0.0,2.4,6.8,346,57,81,13.8,1363,1012,8315,,1653555600,0.0
146,146,11099,27.2,49,958,938,2022-05-27,7.2,0.0,12,120,1653685200,1653660000,1653627600,917,203,9.3,5.6,final,333,462,8.3,7986,0.0,3.0,8.8,347,57,203,18.5,1366,1010,8338,,1653649200,0.0
147,147,11116,24.4,65,951,939,2022-05-28,6.3,5.0,54,120,1653775200,1653750000,1653714000,917,126,4.4,11.9,final,220,463,14.4,5291,5.0,3.0,8.8,348,57,126,19.1,1369,1002,8360,,1653732000,0.0
148,148,11134,27.2,79,946,940,2022-05-29,11.6,20.5,52,120,1653847200,1653847200,1653800400,917,125,4.0,15.3,final,126,464,15.0,3027,20.5,4.0,13.4,349,57,125,19.2,1373,997,8382,,1653822000,0.0
149,149,11151,23.3,80,944,941,2022-05-30,17.9,18.5,62,120,1653937200,1653930000,1653886800,917,168,5.8,15.1,final,127,465,14.4,3044,18.5,4.7,17.6,350,57,168,18.8,1376,994,8402,,1653951600,0.0
150,150,11170,15.6,80,950,942,2022-05-31,15.7,5.0,93,120,1653980400,1654012800,1653973200,917,252,2.9,8.9,final,78,465,10.0,1881,5.0,8.1,20.8,351,57,252,12.3,1378,1001,8422,,1654056000,0.0
151,151,11188,20.6,59,963,943,2022-06-01,10.3,0.0,31,120,1654124400,1654117200,1654059600,917,271,6.6,4.0,final,176,466,4.4,4229,0.0,4.2,13.4,352,58,271,13.4,1381,1016,8440,,1654077600,0.0
152,152,11205,21.1,49,959,944,2022-06-02,14.3,0.0,52,120,1654203600,1654203600,1654146000,917,284,6.8,2.5,final,284,467,7.2,6821,0.0,6.5,17.5,352,58,284,14.3,1384,1010,8458,,1654164000,0.0
153,153,11223,18.9,51,962,945,2022-06-03,9.8,0.0,0,120,1654297200,1654232400,1654232400,917,281,9.5,1.4,final,353,468,3.3,8474,0.0,5.0,10.4,353,58,281,12.0,1386,1014,8475,,1654250400,0.0
154,154,11239,24.4,39,959,945,2022-06-04,6.3,0.0,1,120,1654376400,1654369200,1654318800,917,246,9.0,1.2,final,353,468,8.9,8464,0.0,2.8,10.2,354,58,246,17.2,1388,1011,8490,,1654333200,0.0
155,155,11255,24.4,42,958,946,2022-06-05,7.2,0.0,14,120,1654455600,1654480800,1654405200,917,96,8.0,1.6,final,286,469,5.0,6871,0.0,2.8,9.3,354,58,96,16.6,1390,1009,8505,,1654423200,0.0
156,156,11270,21.1,47,958,946,2022-06-06,6.7,0.0,20,120,1654552800,1654524000,1654491600,917,45,8.7,4.3,final,263,470,11.1,6310,0.0,3.3,9.6,355,58,45,16.1,1392,1010,8519,,1654509600,0.0
157,157,11283,22.2,56,961,947,2022-06-07,3.6,0.0,26,120,1654632000,1654639200,1654578000,917,218,3.5,5.5,final,124,470,6.1,2973,0.0,1.8,4.4,355,58,218,15.7,1394,1013,8532,,1654592400,0.0
158,158,11296,22.8,48,962,947,2022-06-08,9.4,0.0,29,120,1654718400,1654700400,1654664400,917,327,9.5,4.3,final,329,471,7.8,7905,0.0,4.0,12.3,356,58,327,16.8,1396,1013,8544,,1654682400,0.0
159,159,11308,25.0,47,962,948,2022-06-09,7.6,0.0,7,120,1654808400,1654804800,1654750800,917,251,9.0,4.3,final,252,471,7.8,6046,0.0,2.7,9.8,356,58,251,17.4,1397,1014,8555,,1654768800,0.0
160,160,11319,24.4,56,959,948,2022-06-10,5.8,1.0,55,120,1654891200,1654920000,1654837200,917,153,3.9,9.3,final,155,472,11.7,3718,1.0,2.1,4.8,357,58,153,18.9,1398,1011,8564,,1654840800,0.0
161,161,11328,24.4,68,955,949,2022-06-11,5.8,9.5,64,120,1654984800,1654988400,1654923600,917,142,3.7,13.0,final,170,472,15.0,4089,9.5,2.6,7.6,357,58,142,19.4,1400,1006,8573,,1654941600,0.0
162,162,11337,21.7,77,955,949,2022-06-12,8.1,5.0,64,120,1655074800,1655060400,1655010000,917,139,8.0,13.6,final,317,472,13.9,7607,5.0,4.7,11.8,358,58,139,17.7,1401,1007,8581,,1655031600,0.0
163,163,11345,25.0,81,953,949,2022-06-13,9.4,2.0,80,120,1655157600,1655128800,1655096400,916,105,3.2,17.7,final,116,473,18.3,2774,2.0,4.4,12.1,358,58,105,21.2,1402,1004,8588,,1655110800,0.0
164,164,11351,30.6,77,948,949,2022-06-14,13.4,0.0,71,120,1655236800,1655247600,1655182800,916,172,7.9,18.1,final,313,473,16.7,7510,0.0,5.3,17.0,358,58,172,22.7,1402,999,8593,,1655204400,0.0
165,165,11356,24.4,58,953,949,2022-06-15,11.6,0.0,4,120,1655334000,1655337600,1655269200,916,206,7.5,10.7,final,234,473,16.1,5618,0.0,5.1,14.0,358,58,206,20.2,1403,1004,8598,,1655287200,0.0
166,166,11361,24.4,56,956,949,2022-06-16,12.5,0.0,61,120,1655413200,1655409600,1655355600,916,277,6.3,9.7,final,330,473,14.4,7924,0.0,7.7,17.2,358,58,277,19.2,1403,1007,8602,,1655377200,0.0
167,167,11364,27.2,54,967,949,2022-06-17,6.7,0.0,0,120,1655503200,1655488800,1655442000,916,232,9.6,9.2,final,359,473,11.1,8605,0.0,2.7,8.9,359,58,232,20.0,1404,1019,8605,,1655452800,0.0
168,168,11366,23.9,55,967,949,2022-06-18,11.2,0.0,13,120,1655593200,1655600400,1655528400,916,126,8.3,10.5,final,271,474,15.6,6512,0.0,6.3,14.5,359,58,126,19.9,1404,1019,8606,,1655546400,0.0
169,169,11367,36.7,52,959,949,2022-06-19,13.4,0.0,0,120,1655676000,1655658000,1655614800,916,179,8.6,17.3,final,291,474,20.6,6990,0.0,7.4,15.0,359,59,179,28.3,1404,1010,8607,,1655614800,0.0
170,170,11367,36.1,60,956,949,2022-06-20,13.4,7.0,18,120,1655758800,1655762400,1655701200,916,199,9.5,19.7,final,317,474,21.7,7598,7.0,5.8,15.1,359,59,199,28.9,1404,1007,8606,,1655776800,0.0
171,171,11366,26.7,67,961,949,2022-06-21,13.9,0.0,38,120,1655838000,1655841600,1655787600,916,255,8.7,14.7,final,352,474,17.0,8443,0.0,7.5,17.5,359,58,255,22.0,1404,1012,8605,,1655870400,0.0
172,172,11363,26.7,61,966,948,2022-06-22,7.2,0.0,34,120,1655935200,1655928000,1655874000,915,255,7.1,12.6,final,353,473,14.4,8471,0.0,2.7,9.4,358,58,255,20.8,1404,1018,8603,,1655892000,0.0
173,173,11360,32.8,54,959,948,2022-06-23,8.9,0.0,4,120,1656021600,1656007200,1655960400,915,195,9.6,14.2,final,352,473,16.1,8456,0.0,4.1,12.8,358,58,195,25.0,1403,1010,8599,,1655974800,0.0
174,174,11356,29.4,70,958,948,2022-06-24,17.4,0.0,38,120,1656100800,1656126000,1656046800,915,162,8.5,17.5,final,300,473,17.2,7205,0.0,4.9,19.3,358,58,162,23.6,1403,1009,8595,,1656129600,0.0
175,175,11350,22.8,73,960,947,2022-06-25,12.5,23.0,83,120,1656183600,1656212400,1656133200,915,253,8.6,13.6,final,290,473,15.0,6961,23.0,6.1,14.7,358,58,253,18.9,1402,1012,8589,,1656216000,0.0
176,176,11344,20.0,58,967,947,2022-06-26,13.4,0.0,61,119,1656288000,1656252000,1656219600,915,305,5.0,6.9,final,261,473,11.1,6262,0.0,8.8,17.7,358,58,305,15.5,1401,1019,8583,,1656241200,0.0
177,177,11336,26.7,61,969,946,2022-06-27,9.8,0.0,15,119,1656370800,1656363600,1656306000,915,237,8.0,10.0,final,354,472,8.9,8498,0.0,3.3,11.8,357,58,237,18.7,1400,1021,8575,,1656313200,0.0
178,178,11327,21.7,63,966,946,2022-06-28,8.9,0.0,22,119,1656432000,1656435600,1656392400,915,216,5.7,10.1,final,285,472,11.5,6836,0.0,2.4,9.6,357,58,216,17.3,1399,1018,8566,,1656475200,0.0
179,179,11317,23.9,69,962,945,2022-06-29,11.6,1.0,29,119,1656547200,1656536400,1656478800,914,129,3.2,11.0,final,170,472,9.4,4091,1.0,4.1,16.8,357,58,129,17.0,1398,1014,8557,,1656486000,0.0
180,180,11306,26.7,63,957,945,2022-06-30,17.0,1.0,16,119,1656608400,1656572400,1656565200,914,291,9.5,13.5,final,344,471,16.1,8246,1.0,5.9,21.6,356,58,291,21.2,1397,1009,8546,,1656648000,0.0
181,181,11294,24.4,61,963,944,2022-07-01,11.2,0.0,11,119,1656709200,1656698400,1656651600,914,282,9.5,9.6,final,319,471,10.6,7659,0.0,4.2,13.5,356,58,282,18.5,1395,1015,8535,0.0,1656669600,0.0
182,182,11280,23.9,57,965,943,2022-07-02,4.5,0.0,37,119,1656802800,1656770400,1656738000,914,122,9.4,10.1,final,355,470,12.2,8515,0.0,1.7000000000000002,6.0,355,58,122,19.0,1394,1017,8522,0.0,1656756000,0.0
183,183,11266,23.9,76,964,942,2022-07-03,7.6,3.0,65,119,1656878400,1656878400,1656824400,914,125,4.4,15.2,final,143,469,14.4,3444,3.0,3.9,10.8,355,58,125,19.6,1392,1016,8509,,1656842400,0.0
184,184,11250,26.7,83,959,942,2022-07-04,6.3,16.5,70,119,1656979200,1656957600,1656910800,913,133,4.5,19.1,final,168,469,19.0,4039,16.5,2.8,9.2,354,58,133,22.2,1390,1010,8494,,1656918000,0.0
185,185,11233,26.1,77,961,941,2022-07-05,6.7,1.5,67,119,1657047600,1657062000,1656997200,913,144,3.2,18.1,final,120,468,20.1,2878,1.5,2.8,8.8,353,58,144,22.7,1388,1012,8478,,1657080000,0.0
186,186,11215,26.1,72,965,940,2022-07-06,5.8,0.0,66,119,1657144800,1657087200,1657083600,913,134,5.7,15.5,final,196,467,16.7,4714,0.0,3.1,7.6,353,58,134,20.8,1386,1017,8462,,1657101600,0.0
187,187,11196,27.2,73,965,939,2022-07-07,5.8,1.0,16,119,1657216800,1657231200,1657170000,913,152,4.5,17.0,final,198,466,16.7,4753,1.0,2.8,7.7,352,58,152,22.3,1384,1016,8444,,1657191600,0.0
188,188,11175,26.7,64,969,938,2022-07-08,6.3,0.0,13,119,1657324800,1657339200,1657256400,913,75,8.4,14.3,final,300,466,16.1,7201,0.0,3.2,8.8,351,58,75,21.8,1381,1020,8426,,1657274400,0.0
189,189,11153,28.9,66,969,937,2022-07-09,7.6,0.0,38,119,1657404000,1657404000,1657342800,912,157,4.4,15.5,final,236,465,15.6,5653,0.0,4.0,10.4,350,57,157,22.2,1379,1020,8406,,1657364400,0.0
190,190,11131,26.1,86,960,935,2022-07-10,13.0,3.0,47,119,1657490400,1657472400,1657429200,912,189,2.9,19.5,final,106,464,18.9,2538,3.0,3.7,19.2,349,57,189,22.1,1376,1011,8386,,1657468800,0.0
191,191,11106,23.3,78,958,934,2022-07-11,13.9,9.5,40,119,1657562400,1657562400,1657515600,912,297,6.4,16.0,final,283,463,15.6,6781,9.5,5.1,16.6,349,57,297,20.1,1373,1009,8365,,1657598400,0.0
192,192,11081,27.2,71,961,933,2022-07-12,9.4,3.5,28,119,1657659600,1657663200,1657602000,912,260,7.4,14.5,final,335,462,15.0,8045,3.5,4.0,13.6,348,57,260,20.4,1370,1012,8342,,1657620000,0.0
193,193,11055,24.4,69,966,932,2022-07-13,5.4,0.0,11,119,1657753200,1657749600,1657688400,912,169,4.2,13.5,final,237,461,12.8,5677,0.0,2.6,6.4,347,57,169,19.8,1367,1018,8319,,1657699200,0.0
194,194,11027,25.6,74,966,930,2022-07-14,6.2,0.0,19,119,1657828800,1657814400,1657774800,911,130,7.8,14.6,final,196,459,14.4,4701,0.0,3.9,10.4,346,57,130,19.8,1363,1018,8295,,1657796400,0.0
195,195,10998,29.4,68,965,929,2022-07-15,5.4,7.0,20,119,1657918800,1657926000,1657861200,911,149,8.8,16.4,final,344,458,16.1,8254,7.0,2.1,6.8,345,57,149,23.4,1360,1016,8270,,1657879200,0.0
196,196,10968,27.2,79,964,928,2022-07-16,8.1,3.0,25,119,1657987200,1658005200,1657947600,911,172,6.5,17.6,final,213,457,15.6,5111,3.0,2.2,10.8,344,57,172,21.6,1356,1015,8244,,1657969200,0.0
197,197,10938,30.0,77,961,926,2022-07-17,6.7,0.0,32,119,1658088000,1658088000,1658034000,911,188,7.8,18.9,final,330,456,15.6,7931,0.0,3.0,8.4,342,56,188,23.7,1352,1012,8218,,1658052000,0.0
198,198,10907,33.3,70,957,925,2022-07-18,10.3,0.0,4,118,1658174400,1658192400,1658120400,910,186,8.9,20.8,final,331,454,21.1,7945,0.0,4.0,13.4,341,56,186,27.1,1348,1007,8190,,1658138400,0.0
199,199,10875,27.2,74,948,923,2022-07-19,13.0,0.0,58,118,1658260800,1658264400,1658206800,910,212,7.6,17.7,final,243,453,16.1,5820,0.0,5.6,14.8,340,56,212,23.2,1344,999,8162,,1658282400,0.0
200,200,10844,29.4,66,952,921,2022-07-20,11.2,2.5,30,118,1658354400,1658304000,1658293200,910,309,9.1,16.1,final,336,452,18.3,8060,2.5,7.4,13.9,339,56,309,23.5,1339,1003,8133,,1658293200,0.0
201,201,10813,27.8,60,958,920,2022-07-21,10.7,0.0,10,118,1658437200,1658433600,1658379600,910,286,8.8,12.8,final,333,451,14.4,7998,0.0,5.3,12.7,338,56,286,21.7,1335,1009,8103,,1658394000,0.0
202,202,10784,31.1,58,958,918,2022-07-22,10.3,0.0,5,118,1658516400,1658520000,1658466000,909,264,8.4,13.7,final,334,449,15.6,8021,0.0,3.6,11.8,336,55,264,24.0,1330,1009,8072,,1658484000,0.0
203,203,10755,28.3,69,958,916,2022-07-23,8.9,7.0,16,118,1658602800,1658613600,1658552400,909,215,4.8,15.6,final,177,448,17.8,4254,7.0,3.7,12.9,335,55,215,21.9,1324,1009,8041,,1658574000,0.0
204,204,10727,21.7,70,963,914,2022-07-24,9.4,0.0,36,118,1658700000,1658682000,1658638800,909,315,5.0,10.9,final,273,447,11.3,6555,0.0,4.6,12.0,334,55,315,16.8,1320,1015,8009,,1658721600,0.0
205,205,10699,24.4,67,965,912,2022-07-25,7.2,0.0,18,118,1658779200,1658782800,1658725200,908,210,8.9,9.9,final,322,446,6.7,7717,0.0,2.6,8.8,332,55,210,17.0,1316,1017,7977,,1658743200,0.0
206,206,10672,23.3,80,959,910,2022-07-26,7.2,5.5,73,118,1658876400,1658876400,1658811600,908,245,4.0,15.5,final,153,445,15.7,3664,5.5,3.7,12.0,331,55,245,19.2,1311,1011,7943,,1658894400,0.0
207,207,10645,24.4,70,959,908,2022-07-27,11.2,0.0,20,118,1658955600,1658959200,1658898000,908,291,6.2,11.9,final,319,444,12.8,7655,0.0,5.0,13.3,330,54,291,18.2,1307,1010,7909,,1658912400,0.0
208,208,10621,21.7,77,963,906,2022-07-28,10.3,0.0,32,118,1659049200,1659049200,1658984400,907,311,5.9,11.8,final,278,443,11.1,6679,0.0,5.6,12.9,328,54,311,16.1,1303,1015,7874,,1659002400,0.0
209,209,10597,26.1,69,966,904,2022-07-29,5.4,0.0,23,118,1659128400,1659114000,1659070800,907,289,6.1,11.9,final,251,442,11.1,6024,0.0,2.9,8.6,327,54,289,18.6,1298,1018,7839,,1659088800,0.0
210,210,10574,29.4,67,964,902,2022-07-30,6.7,0.0,8,117,1659222000,1659218400,1659157200,907,173,8.1,14.6,final,319,441,13.9,7662,0.0,3.5,11.6,325,54,173,21.4,1293,1015,7803,,1659178800,0.0
211,211,10551,27.8,74,958,899,2022-07-31,10.7,0.5,67,117,1659290400,1659294000,1659243600,906,237,5.9,16.7,final,250,440,17.2,5993,0.5,4.6,14.4,324,54,237,21.7,1290,1009,7766,,1659272400,0.0
212,212,10526,24.4,68,961,897,2022-08-01,6.7,0.0,27,117,1659394800,1659330000,1659330000,906,258,7.6,13.0,final,309,439,13.3,7417,0.0,2.7,10.0,322,54,258,19.5,1287,1012,7728,,1659351600,0.0
213,213,10501,28.9,73,954,895,2022-08-02,9.4,0.0,33,117,1659474000,1659456000,1659416400,906,174,2.8,17.5,final,119,438,15.6,2864,0.0,4.4,11.3,320,53,174,22.7,1283,1005,7689,,1659434400,0.0
214,214,10475,25.6,72,957,892,2022-08-03,11.2,0.0,49,117,1659502800,1659531600,1659502800,905,294,3.4,14.2,final,160,436,12.5,3849,0.0,5.5,14.1,319,53,294,19.5,1280,1008,7650,,1659585600,0.0
215,215,10448,26.7,67,964,890,2022-08-04,9.8,0.0,13,117,1659643200,1659654000,1659589200,905,180,8.4,12.2,final,317,435,9.4,7610,0.0,3.9,11.2,317,53,180,19.2,1276,1016,7610,,1659610800,0.0
216,216,10419,33.9,60,959,887,2022-08-05,13.0,0.0,13,117,1659729600,1659729600,1659675600,904,185,7.8,16.4,final,264,434,17.8,6347,0.0,6.9,16.2,315,53,185,25.7,1272,1010,7569,,1659697200,0.0
217,217,10390,23.9,67,964,884,2022-08-06,7.6,7.0,42,117,1659762000,1659808800,1659762000,904,270,6.2,14.1,final,233,433,17.4,5594,7.0,4.4,10.4,314,53,270,20.8,1268,1015,7527,,1659844800,0.0
218,218,10360,18.9,74,967,882,2022-08-07,5.4,1.5,70,117,1659906000,1659898800,1659848400,904,120,4.0,12.0,final,174,432,13.3,4178,1.5,2.5,7.2,312,53,120,16.8,1264,1019,7484,,1659870000,0.0
219,219,10329,26.1,70,966,879,2022-08-08,5.8,0.0,12,117,1659996000,1659999600,1659934800,903,274,8.2,11.2,final,306,430,8.3,7334,0.0,2.3,5.6,310,52,274,17.7,1260,1018,7441,,1659956400,0.0
220,220,10297,30.0,65,965,876,2022-08-09,8.1,0.0,10,116,1660078800,1660064400,1660021200,903,230,8.2,14.1,final,308,429,12.8,7391,0.0,3.6,10.8,308,52,230,22.1,1256,1017,7396,,1660039200,0.0
221,221,10263,26.1,55,970,873,2022-08-10,6.3,0.0,16,116,1660165200,1660172400,1660107600,902,169,7.8,11.2,final,263,428,13.9,6320,0.0,2.4,6.8,306,52,169,21.3,1251,1022,7351,,1660129200,0.0
222,222,10229,25.6,56,971,870,2022-08-11,6.7,0.0,2,116,1660248000,1660244400,1660194000,902,102,5.3,10.7,final,188,426,12.8,4506,0.0,3.0,9.1,304,52,102,20.4,1247,1023,7306,,1660215600,0.0
223,223,10193,20.6,81,966,867,2022-08-12,10.7,13.0,88,116,1660280400,1660309200,1660280400,901,143,2.5,14.0,final,92,425,15.6,2208,13.0,4.8,14.0,302,52,143,17.6,1242,1018,7259,,1660302000,0.0
224,224,10155,22.6,81,965,864,2022-08-13,3.7,0.0,73,116,1660431600,1660413600,1660366800,901,161,4.0,14.7,final,159,423,13.8,3817,0.0,2.2,8.8,300,52,161,18.3,1237,1017,7212,,1660449600,0.0
225,225,10117,26.2,79,966,861,2022-08-14,3.4,0.0,21,116,1660510800,1660521600,1660453200,900,156,4.4,14.2,final,211,422,10.5,5071,0.0,1.6,7.2,298,51,156,18.3,1233,1018,7164,,1660474800,0.0
226,226,10077,26.1,75,966,858,2022-08-15,7.6,0.0,54,116,1660600800,1660600800,1660539600,900,168,3.9,15.2,final,168,420,13.6,4032,0.0,3.3,10.3,296,51,168,20.0,1227,1017,7115,,1660561200,0.0
227,227,10036,27.2,76,967,855,2022-08-16,7.2,2.5,74,115,1660676400,1660676400,1660626000,899,189,6.7,17.1,final,249,418,17.8,5980,2.5,4.0,10.4,294,51,189,21.8,1222,1019,7066,,1660636800,0.0
228,228,9993,28.3,70,966,851,2022-08-17,7.2,2.5,37,115,1660762800,1660773600,1660712400,899,197,6.1,16.3,final,272,416,17.2,6536,2.5,3.1,9.8,292,51,197,22.6,1217,1018,7016,,1660726800,0.0
229,229,9948,23.3,84,959,848,2022-08-18,8.1,13.5,69,115,1660849200,1660856400,1660798800,898,256,2.9,16.4,final,99,415,16.1,2370,13.5,3.0,8.0,290,50,256,19.3,1211,1011,6965,,1660824000,0.0
230,230,9902,23.3,84,958,845,2022-08-19,7.6,11.0,74,115,1660950000,1660939200,1660885200,897,74,2.8,16.5,final,97,413,16.7,2330,11.0,3.9,10.2,288,50,74,19.6,1206,1009,6914,,1660888800,0.0
231,231,9854,24.4,78,965,841,2022-08-20,5.4,0.0,52,115,1661032800,1661018400,1660971600,897,80,3.9,15.4,final,162,411,14.4,3886,0.0,2.3,8.8,286,50,80,19.7,1200,1017,6862,,1661054400,0.0
232,232,9805,26.7,69,967,837,2022-08-21,4.0,0.0,17,115,1661115600,1661112000,1661058000,896,243,5.3,12.0,final,250,409,10.0,6006,0.0,1.6,5.6,284,50,243,18.7,1194,1019,6809,,1661079600,0.0
233,233,9754,26.7,71,966,834,2022-08-22,4.5,0.0,20,115,1661205600,1661198400,1661144400,896,217,2.7,14.2,final,122,406,13.3,2928,0.0,1.9,5.2,282,49,217,20.1,1188,1018,6756,,1661166000,0.0
234,234,9701,28.3,65,964,830,2022-08-23,5.8,0.0,0,114,1661288400,1661288400,1661230800,895,151,7.2,13.8,final,279,404,12.8,6701,0.0,2.1,8.8,279,49,151,21.3,1181,1015,6703,,1661252400,0.0
235,235,9647,24.4,81,964,826,2022-08-24,8.9,2.0,59,114,1661367600,1661374800,1661317200,894,187,2.7,16.7,final,112,402,16.7,2696,2.0,3.6,10.9,277,49,187,20.1,1175,1015,6649,,1661338800,0.0
236,236,9592,24.4,72,967,822,2022-08-25,6.3,0.0,56,114,1661461200,1661407200,1661403600,894,201,3.8,13.7,final,193,400,14.2,4633,0.0,3.1,7.9,275,49,201,19.4,1168,1019,6594,,1661486400,0.0
237,237,9535,25.0,70,965,819,2022-08-26,5.4,0.0,19,114,1661544000,1661547600,1661490000,893,204,2.2,12.2,final,93,397,8.9,2241,0.0,2.1,7.6,272,48,204,18.2,1161,1017,6540,,1661511600,0.0
238,238,9479,26.1,80,955,815,2022-08-27,11.6,10.5,64,114,1661637600,1661587200,1661576400,892,167,6.4,18.0,final,198,395,17.2,4763,10.5,5.8,13.8,270,48,167,21.6,1154,1006,6484,,1661594400,0.0
239,239,9425,23.3,84,951,811,2022-08-28,10.3,0.0,73,113,1661720400,1661695200,1661662800,891,166,4.8,17.3,final,147,393,15.0,3529,0.0,4.3,11.6,268,48,166,20.2,1146,1002,6429,,1661745600,0.0
240,240,9374,21.1,81,955,806,2022-08-29,11.2,0.0,54,113,1661814000,1661799600,1661749200,891,267,2.7,13.5,final,115,391,13.5,2751,0.0,5.2,13.9,266,47,267,17.0,1138,1006,6374,,1661832000,0.0
241,241,9330,26.1,69,964,802,2022-08-30,9.8,0.0,2,113,1661896800,1661886000,1661835600,890,294,6.9,11.8,final,258,389,10.6,6199,0.0,4.3,11.8,263,47,294,18.3,1130,1016,6318,,1661857200,0.0
242,242,9288,28.9,66,964,798,2022-08-31,4.0,0.0,0,113,1661979600,1661972400,1661922000,889,304,6.8,13.0,final,261,387,12.2,6263,0.0,2.1,6.8,261,47,304,20.8,1123,1015,6263,,1661940000,0.0
243,243,9245,30.0,68,960,794,2022-09-01,7.2,0.0,0,113,1662066000,1662066000,1662008400,888,193,6.8,14.9,final,259,385,12.8,6207,0.0,3.1,8.4,259,47,193,22.1,1118,1011,6207,,1662030000,0.0
244,244,9200,24.4,66,960,789,2022-09-02,9.8,0.0,3,112,1662134400,1662141600,1662094800,887,276,5.4,14.0,final,237,383,13.9,5697,0.0,4.2,12.0,256,46,276,20.9,1112,1011,6150,,1662177600,0.0
245,245,9155,22.2,66,972,785,2022-09-03,4.5,0.0,0,112,1662238800,1662181200,1662181200,886,180,6.6,8.9,final,250,381,7.8,6001,0.0,2.1,7.2,254,46,180,15.8,1106,1024,6093,,1662202800,0.0
246,246,9108,22.8,69,970,780,2022-09-04,6.7,0.0,0,112,1662328800,1662328800,1662267600,885,122,6.6,9.3,final,251,379,8.9,6036,0.0,3.0,8.8,251,46,122,15.5,1100,1022,6036,,1662289200,0.0
247,247,9059,24.4,73,966,776,2022-09-05,10.3,0.0,0,112,1662408000,1662404400,1662354000,885,149,5.1,11.8,final,228,377,10.6,5477,0.0,5.4,11.6,249,46,149,17.1,1094,1018,5978,,1662375600,0.0
248,248,9010,29.4,77,966,771,2022-09-06,5.8,0.0,25,112,1662498000,1662465600,1662440400,884,229,6.4,16.1,final,243,375,15.0,5844,0.0,3.4,8.4,247,45,229,20.8,1087,1018,5920,,1662458400,0.0
249,249,8960,28.3,66,968,767,2022-09-07,6.7,0.0,0,111,1662588000,1662588000,1662526800,883,120,6.4,13.4,final,244,373,11.1,5857,0.0,3.3,9.2,244,45,120,20.9,1081,1020,5861,,1662548400,0.0
250,250,8908,28.3,71,955,762,2022-09-08,9.8,0.0,13,111,1662660000,1662649200,1662613200,882,218,4.7,17.0,final,177,371,17.5,4238,0.0,5.7,13.2,242,45,218,22.9,1074,1006,5803,,1662696000,0.0
251,251,8856,20.6,75,961,757,2022-09-09,5.8,0.5,64,111,1662750000,1662706800,1662699600,881,315,2.4,11.8,final,91,369,12.9,2175,0.5,3.0,10.0,239,44,315,16.5,1067,1012,5743,0.0,1662782400,0.0
252,252,8804,21.7,64,967,752,2022-09-10,8.1,0.0,18,111,1662840000,1662840000,1662786000,880,300,4.8,5.8,final,228,367,5.6,5469,0.0,2.9,10.4,237,44,300,13.6,1060,1020,5684,,1662804000,0.0
253,253,8752,21.7,63,968,747,2022-09-11,6.3,0.0,2,110,1662930000,1662930000,1662872400,878,292,6.1,4.6,final,234,365,2.8,5624,0.0,2.1,6.0,234,44,292,12.9,1053,1021,5624,,1662894000,0.0
254,254,8701,26.7,60,962,742,2022-09-12,5.8,0.0,0,110,1663012800,1663012800,1662958800,877,265,5.8,6.1,final,231,363,5.0,5553,0.0,2.3,6.0,232,44,265,15.5,1045,1014,5565,,1662980400,0.0
255,255,8652,23.9,69,962,737,2022-09-13,4.5,0.0,0,110,1663095600,1663110000,1663045200,876,231,4.7,9.5,final,199,360,6.7,4768,0.0,2.6,7.2,229,43,231,15.8,1037,1014,5505,,1663063200,0.0
256,256,8605,21.7,74,965,732,2022-09-14,7.2,0.0,28,110,1663189200,1663196400,1663131600,875,108,1.9,11.8,final,90,359,12.8,2168,0.0,4.9,11.8,227,43,108,16.7,1030,1017,5445,,1663153200,0.0
257,257,8559,26.1,78,961,727,2022-09-15,11.2,1.0,33,109,1663275600,1663232400,1663218000,874,157,2.0,15.8,final,59,357,15.0,1426,1.0,4.2,14.9,224,43,157,19.9,1022,1012,5385,,1663218000,0.0
258,258,8512,20.6,92,960,722,2022-09-16,5.4,11.5,99,109,1663362000,1663304400,1663304400,873,179,1.8,16.9,final,55,355,16.1,1309,11.5,2.9,8.8,222,42,179,18.2,1016,1011,5325,,1663387200,0.0
259,259,8463,24.4,84,957,717,2022-09-17,6.7,12.0,86,109,1663448400,1663462800,1663390800,871,171,2.5,14.9,final,100,353,13.3,2405,12.0,2.1,8.8,219,42,171,18.0,1010,1009,5264,,1663405200,0.0
260,260,8412,22.2,79,960,712,2022-09-18,5.8,0.0,38,109,1663531200,1663534800,1663477200,870,266,2.1,13.0,final,95,350,12.8,2270,0.0,2.8,8.4,217,42,266,17.0,1003,1011,5204,,1663502400,0.0
261,261,8359,25.6,73,960,706,2022-09-19,9.8,0.0,11,108,1663621200,1663624800,1663563600,869,173,3.3,12.3,final,172,348,11.7,4116,0.0,3.4,11.6,214,42,173,17.8,997,1012,5143,,1663585200,0.0
262,262,8305,28.3,66,958,701,2022-09-20,8.9,0.0,21,108,1663700400,1663707600,1663650000,868,232,5.3,11.8,final,209,346,12.2,5005,0.0,3.2,10.1,212,41,232,18.9,990,1010,5082,,1663671600,0.0
263,263,8250,15.0,74,966,695,2022-09-21,13.0,0.5,54,108,1663783200,1663783200,1663736400,866,307,3.5,6.5,final,150,344,6.3,3599,0.5,5.7,13.9,209,41,307,11.0,983,1018,5021,,1663819200,0.0
264,264,8192,15.0,71,971,690,2022-09-22,6.3,0.0,23,107,1663884000,1663876800,1663822800,865,188,4.2,4.4,final,140,341,4.4,3349,0.0,3.1,8.4,207,41,188,9.8,976,1025,4960,,1663840800,0.0
265,265,8133,14.4,81,961,685,2022-09-23,10.7,7.0,70,107,1663952400,1663952400,1663909200,863,164,1.6,7.6,final,44,339,7.8,1044,7.0,5.9,14.3,204,40,164,10.8,969,1014,4899,,1663912800,0.0
266,266,8073,13.3,94,957,679,2022-09-24,7.6,2.0,90,107,1664060400,1664053200,1663995600,862,236,1.6,11.0,final,29,336,10.6,697,2.0,3.2,11.3,202,40,236,11.9,961,1009,4838,,1663995600,0.0
267,267,8013,17.8,66,961,673,2022-09-25,13.9,0.0,17,106,1664136000,1664139600,1664082000,860,317,4.6,5.0,final,197,334,8.3,4739,0.0,6.4,17.6,199,40,317,12.0,953,1013,4777,,1664107200,0.0
268,268,7952,16.1,67,965,668,2022-09-26,10.3,0.0,13,106,1664226000,1664226000,1664168400,859,299,4.1,2.6,final,143,331,3.3,3433,0.0,3.8,11.3,196,39,299,9.1,945,1018,4716,,1664179200,0.0
269,269,7893,13.9,58,972,662,2022-09-27,6.3,0.5,11,106,1664312400,1664290800,1664254800,857,65,4.9,-0.7000000000000001,final,194,329,1.1,4653,0.5,2.6,8.8,194,39,65,8.1,937,1026,4655,,1664337600,0.0
270,270,7839,15.6,62,977,656,2022-09-28,8.1,0.0,0,105,1664398800,1664388000,1664341200,856,162,1.6,-0.7000000000000001,final,73,327,-1.7000000000000002,1754,0.0,3.8,9.8,191,39,162,7.0,929,1031,4595,,1664362800,0.0
271,271,7792,17.8,63,970,651,2022-09-29,11.6,0.0,10,105,1664488800,1664478000,1664427600,854,154,3.4,3.5,final,152,325,4.4,3640,0.0,4.6,13.8,189,38,154,10.5,920,1023,4536,,1664442000,0.0
272,272,7749,21.1,60,967,645,2022-09-30,7.6,0.0,14,105,1664568000,1664564400,1664514000,853,143,4.0,6.3,final,168,323,8.3,4032,0.0,3.8,9.6,187,38,143,14.4,913,1019,4477,,1664539200,0.0
273,273,7705,20.6,74,971,639,2022-10-01,6.3,2.0,62,104,1664654400,1664650800,1664600400,851,116,3.8,10.1,final,171,321,12.2,4114,2.0,3.3,10.4,184,38,116,15.0,907,1023,4418,,1664614800,0.0
274,274,7661,18.3,77,972,633,2022-10-02,7.6,2.0,74,104,1664751600,1664737200,1664686800,849,136,1.5,9.5,final,64,319,10.0,1535,2.0,4.6,10.8,182,38,136,13.8,901,1025,4358,,1664704800,0.0
275,275,7615,21.7,60,969,628,2022-10-03,7.2,0.0,35,104,1664830800,1664809200,1664773200,848,157,1.5,8.4,final,54,317,12.2,1303,0.0,3.8,10.4,179,37,157,16.5,895,1021,4299,,1664798400,0.0
276,276,7568,20.0,69,965,622,2022-10-04,7.2,0.0,95,103,1664917200,1664906400,1664859600,846,206,1.4,10.6,final,45,315,13.3,1074,0.0,2.7,9.2,177,37,206,16.5,888,1017,4240,,1664888400,0.0
277,277,7519,22.8,72,964,616,2022-10-05,11.2,0.0,52,103,1664996400,1665025200,1664946000,844,282,4.1,10.2,final,171,313,7.8,4114,0.0,3.2,12.5,174,37,282,15.9,882,1016,4181,,1664971200,0.0
278,278,7470,13.9,66,975,610,2022-10-06,10.3,0.0,90,103,1665032400,1665050400,1665032400,842,262,1.4,0.2,final,45,311,3.3,1090,0.0,6.4,13.4,172,36,262,6.2,876,1028,4122,,1665115200,0.0
279,279,7419,8.9,62,979,604,2022-10-07,6.7,0.0,50,102,1665176400,1665176400,1665118800,840,268,2.5,-3.1,final,113,309,-0.8,2708,0.0,2.8,8.4,169,36,268,4.0,869,1033,4063,,1665201600,0.0
280,280,7367,17.2,63,968,598,2022-10-08,8.1,0.0,0,102,1665255600,1665259200,1665205200,838,268,2.2,-0.4,final,84,307,-1.7000000000000002,2026,0.0,3.6,10.8,167,36,268,7.0,863,1021,4004,,1665216000,0.0
281,281,7314,13.9,77,966,592,2022-10-09,8.1,0.0,29,102,1665345600,1665320400,1665291600,836,135,3.5,3.2,final,141,305,1.1,3389,0.0,2.6,9.7,164,36,135,7.2,856,1019,3946,,1665298800,0.0
282,282,7259,18.3,69,964,586,2022-10-10,7.2,0.0,31,101,1665435600,1665424800,1665378000,835,187,4.1,1.5,final,162,302,-3.3,3887,0.0,2.9,8.0,162,35,187,7.8,849,1017,3887,,1665403200,0.0
283,283,7203,24.4,52,950,580,2022-10-11,13.0,0.0,13,101,1665522000,1665540000,1665464400,833,208,3.3,5.9,final,157,300,10.6,3775,0.0,6.9,14.7,160,35,208,16.1,842,1001,3829,,1665471600,0.0
284,284,7146,11.1,69,951,574,2022-10-12,12.5,1.0,62,100,1665550800,1665622800,1665550800,831,294,2.0,0.7000000000000001,final,86,298,1.7000000000000002,2056,1.0,6.0,16.0,157,35,294,6.1,835,1002,3771,,1665576000,0.0
285,285,7087,3.3,75,952,568,2022-10-13,9.8,0.0,95,100,1665676800,1665680400,1665637200,829,301,1.4,-2.5,final,46,295,0.0,1104,0.0,5.9,11.8,155,35,301,1.5,828,1005,3714,,1665712800,0.0
286,286,7027,5.0,88,949,562,2022-10-14,9.4,2.5,75,100,1665781200,1665781200,1665723600,826,293,1.5,-1.0,final,51,293,-2.4,1223,2.5,4.0,11.5,152,34,293,0.8,821,1002,3656,2.0,1665806400,19.5
287,287,6966,7.2,73,955,556,2022-10-15,13.0,0.0,95,99,1665867600,1665856800,1665810000,824,285,1.2,-0.30000000000000004,final,43,290,-2.8,1023,0.0,5.8,14.3,150,34,285,4.1,814,1008,3599,1.0,1665810000,0.0
288,288,6903,5.0,64,966,551,2022-10-16,11.6,0.0,89,99,1665896400,1665964800,1665896400,822,329,1.3,-4.3,final,47,288,-2.1,1119,0.0,7.3,14.8,148,34,329,1.9,806,1020,3542,,1665979200,0.0
289,289,6839,0.6000000000000001,56,972,545,2022-10-17,9.4,0.0,49,98,1666040400,1666029600,1665982800,820,228,1.2,-10.5,final,38,285,-6.1,917,0.0,5.4,12.0,145,33,228,-2.7,799,1027,3486,,1666004400,0.0
290,290,6773,4.4,62,974,539,2022-10-18,6.7,0.0,0,98,1666126800,1666108800,1666069200,818,311,3.7,-10.5,final,143,282,-11.1,3425,0.0,3.2,9.6,143,33,311,-3.7,791,1029,3430,,1666090800,0.0
291,291,6706,12.2,54,964,533,2022-10-19,4.5,0.0,4,98,1666213200,1666209600,1666155600,816,269,3.6,-9.2,final,112,279,-8.9,2689,0.0,1.9,6.0,141,33,269,0.8,783,1018,3375,,1666166400,0.0
292,292,6638,15.0,61,953,527,2022-10-20,4.5,0.0,0,97,1666299600,1666303200,1666242000,813,256,1.1,-2.2,final,36,277,-3.3,866,0.0,2.6,7.6,138,32,256,5.2,775,1006,3320,,1666260000,0.0
293,293,6569,15.6,53,948,521,2022-10-21,7.2,0.0,6,97,1666378800,1666378800,1666328400,811,252,3.5,1.2,final,133,274,3.3,3203,0.0,3.7,10.8,136,32,252,10.7,767,1000,3266,0.0,1666357200,0.0
294,294,6500,16.1,54,948,515,2022-10-22,6.7,0.0,7,96,1666468800,1666472400,1666414800,809,93,1.5,2.3,final,47,271,7.8,1118,0.0,2.8,9.8,134,32,93,11.5,759,1000,3213,,1666429200,0.0
295,295,6430,22.2,66,947,509,2022-10-23,10.7,1.5,21,96,1666555200,1666555200,1666501200,807,121,3.4,8.6,final,126,268,6.7,3035,1.5,5.0,13.2,132,31,121,15.2,751,999,3160,,1666512000,0.0
296,296,6361,17.2,77,946,504,2022-10-24,13.0,1.0,87,96,1666587600,1666634400,1666587600,804,204,1.3,6.0,final,48,265,3.6,1152,1.0,8.3,17.4,129,31,204,10.0,742,997,3108,,1666670400,0.0
297,297,6293,5.0,77,955,498,2022-10-25,9.4,0.0,100,95,1666735200,1666702800,1666674000,802,288,1.8,-0.7000000000000001,final,53,262,0.6000000000000001,1282,0.0,4.6,11.3,127,31,288,2.9,733,1008,3057,,1666699200,0.0
298,298,6228,8.3,64,963,492,2022-10-26,8.9,0.0,50,95,1666814400,1666767600,1666760400,799,264,2.1,-2.8,final,91,259,0.0,2178,0.0,3.2,9.6,125,30,264,3.7,725,1016,3006,,1666839600,0.0
299,299,6167,8.3,83,967,486,2022-10-27,9.8,1.0,60,94,1666893600,1666908000,1666846800,797,158,1.3,1.9,final,64,257,-1.1,1538,1.0,3.8,12.0,123,30,158,4.6,715,1020,2957,,1666850400,0.0
300,300,6111,16.7,70,969,481,2022-10-28,9.4,0.0,11,94,1666987200,1666987200,1666933200,795,201,3.2,4.0,final,121,255,2.8,2907,0.0,4.9,11.7,121,29,201,9.8,706,1022,2908,,1666962000,0.0
301,301,6057,18.3,78,965,475,2022-10-29,6.7,0.0,11,94,1667077200,1667080800,1667019600,792,205,1.2,5.3,final,50,252,3.3,1197,0.0,2.9,8.8,119,29,205,9.5,699,1018,2861,,1667044800,0.0
302,302,6005,16.7,67,963,470,2022-10-30,4.0,0.0,0,93,1667160000,1667167200,1667106000,790,262,2.1,-0.9,final,85,250,-1.1,2043,0.0,2.0,5.2,117,29,262,5.9,692,1016,2814,0.0,1667131200,0.0
303,303,5957,17.2,58,957,464,2022-10-31,6.7,0.0,0,93,1667246400,1667239200,1667192400,787,183,1.7000000000000002,-1.8,final,64,248,-1.1,1530,0.0,2.8,9.3,115,29,183,7.1,684,1009,2768,,1667203200,0.0
304,304,5913,20.6,53,960,459,2022-11-01,5.8,0.0,0,92,1667332800,1667354400,1667278800,785,109,1.8,-0.9,final,64,246,-1.1,1532,0.0,2.5,8.0,113,28,109,9.6,677,1013,2723,0.0,1667304000,0.0
305,305,5873,22.8,53,956,453,2022-11-02,16.1,0.0,0,92,1667415600,1667419200,1667365200,782,168,1.0,5.8,final,36,245,8.9,876,0.0,7.4,18.8,112,28,168,15.8,670,1008,2679,,1667376000,0.0
306,306,5832,16.7,85,955,448,2022-11-03,10.7,1.0,47,91,1667451600,1667502000,1667451600,780,251,1.3,5.3,final,44,243,2.0,1056,1.0,3.3,10.8,110,28,251,7.8,665,1007,2636,,1667534400,0.0
307,307,5792,4.4,67,959,443,2022-11-04,8.9,0.0,40,91,1667592000,1667541600,1667538000,777,313,2.8,-5.6,final,95,241,-5.7,2282,0.0,3.3,11.3,108,27,313,0.0,659,1013,2594,1.0,1667620800,0.0
308,308,5751,5.6,80,948,437,2022-11-05,5.4,0.0,28,91,1667682000,1667707200,1667624400,775,177,1.9,-5.5,final,85,240,-9.4,2039,0.0,2.4,7.6,106,27,177,-2.3,654,1001,2551,,1667646000,0.0
309,309,5709,3.3,63,951,432,2022-11-06,17.4,0.0,87,90,1667754000,1667775600,1667710800,772,242,1.4,-5.1,final,51,228,-3.2,1283,0.0,8.8,21.3,100,26,242,1.2,649,1004,2510,,1667797200,0.0
310,310,5668,1.0,70,978,427,2022-11-07,10.7,0.0,81,90,1667883600,1667804400,1667800800,769,203,1.5,-6.4,final,40,236,-4.0,951,0.0,4.3,13.5,103,27,203,-1.6,644,1033,2469,,1667826000,0.0
311,311,5626,5.6,74,972,422,2022-11-08,13.0,5.5,100,89,1667970000,1667919600,1667887200,767,147,0.9,-0.9,final,23,234,1.1,545,5.5,6.6,15.4,101,27,147,3.6,639,1026,2429,,1667887200,0.0
312,312,5584,6.7,96,962,417,2022-11-09,7.6,6.0,100,89,1668009600,1668052800,1667973600,764,83,0.9,4.4,final,10,233,2.2,239,6.0,3.6,11.2,100,26,83,5.0,634,1015,2390,,1668056400,0.0
313,313,5542,3.3,94,955,412,2022-11-10,10.7,22.0,100,89,1668121200,1668099600,1668060000,762,100,0.9,0.0,final,10,231,-4.4,235,22.0,5.8,14.7,98,26,100,0.9,629,1008,2351,,1668135600,6.0
314,314,5499,-2.8,86,962,407,2022-11-11,9.8,0.0,99,88,1668153600,1668178800,1668146400,759,301,0.8,-6.4,final,26,229,-6.0,612,0.0,6.5,11.8,96,26,301,-4.4,624,1016,2313,,1668214800,0.0
315,315,5456,-4.0,78,970,403,2022-11-12,7.2,0.0,100,88,1668283200,1668232800,1668232800,757,142,0.8,-8.7,final,24,227,-6.7,572,0.0,3.3,10.1,95,26,142,-5.6,619,1025,2276,4.0,1668250800,0.0
316,316,5414,-5.0,73,972,398,2022-11-13,5.4,0.0,100,87,1668380400,1668358800,1668319200,754,152,0.8,-9.8,final,23,226,-6.7,560,0.0,2.2,6.0,93,26,152,-5.7,614,1027,2240,4.0,1668319200,0.0
317,317,5371,-3.0,86,970,394,2022-11-14,5.8,0.0,99,87,1668459600,1668448800,1668405600,752,97,0.8,-7.0,final,23,224,-7.0,551,0.0,2.8,7.6,92,25,97,-5.0,609,1024,2204,4.0,1668423600,0.0
318,318,5328,-1.7000000000000002,88,970,389,2022-11-15,5.4,5.0,100,87,1668546000,1668556800,1668492000,749,81,0.8,-4.6,final,18,222,-4.0,428,5.0,2.6,6.0,90,25,81,-2.9,604,1025,2169,8.0,1668517200,100.0
319,319,5285,-2.8,84,968,385,2022-11-16,6.3,0.0,86,86,1668578400,1668614400,1668578400,747,285,1.1,-8.5,final,35,220,-9.0,842,0.0,3.7,8.4,89,25,285,-6.2,599,1023,2135,73.0,1668650400,0.0
320,320,5243,-5.0,80,964,380,2022-11-17,9.4,0.0,95,86,1668704400,1668718800,1668664800,744,316,0.8,-9.6,final,21,218,-8.9,503,0.0,5.0,12.0,88,25,316,-6.8,594,1019,2102,70.0,1668736800,0.0
321,321,5200,-7.8,77,962,376,2022-11-18,9.8,0.0,80,85,1668751200,1668762000,1668751200,742,273,0.9,-14.3,final,26,217,-15.0,635,0.0,6.0,13.2,86,25,273,-11.1,589,1017,2069,67.0,1668783600,0.0
322,322,5158,-8.0,73,964,372,2022-11-19,11.6,0.0,72,85,1668841200,1668855600,1668837600,739,300,1.5,-16.5,final,27,215,-17.8,641,0.0,6.4,15.1,85,24,300,-12.6,584,1019,2038,63.0,1668906000,0.0
323,323,5115,-3.9,79,960,368,2022-11-20,6.7,0.0,27,85,1668974400,1668938400,1668924000,737,205,2.3,-11.4,final,83,213,-13.3,1989,0.0,4.0,8.0,84,24,205,-8.4,579,1015,2007,59.0,1668924000,0.0
324,324,5074,-4.4,82,966,364,2022-11-21,8.1,0.0,69,84,1669057200,1669028400,1669010400,735,253,1.4,-9.6,final,24,211,-12.2,584,0.0,3.3,9.3,82,24,253,-6.9,575,1020,1978,56.0,1669032000,0.0
325,325,5032,-0.6000000000000001,83,964,361,2022-11-22,5.4,0.0,40,84,1669147200,1669140000,1669096800,732,211,2.5,-7.2,final,81,210,-7.2,1949,0.0,3.0,7.2,81,24,211,-4.7,570,1018,1949,54.0,1669179600,0.0
326,326,4991,6.1,78,960,357,2022-11-23,6.3,0.0,0,84,1669233600,1669233600,1669183200,730,149,2.1,-6.1,final,80,208,-8.9,1914,0.0,2.8,6.4,80,24,149,-2.5,565,1014,1921,63.0,1669208400,0.0
327,327,4950,4.4,81,965,353,2022-11-24,8.1,0.0,8,83,1669320000,1669320000,1669269600,728,280,2.5,-5.5,final,77,206,-8.3,1837,0.0,3.2,8.4,79,23,280,-2.6,561,1019,1894,29.0,1669284000,0.0
328,328,4910,5.0,79,962,350,2022-11-25,6.7,0.0,0,83,1669406400,1669417200,1669356000,726,218,2.4,-4.1,final,78,205,-7.2,1868,0.0,2.9,9.6,78,23,218,-0.7000000000000001,557,1016,1868,28.0,1669377600,0.0
329,329,4871,7.8,70,954,347,2022-11-26,8.9,0.0,9,83,1669492800,1669492800,1669442400,724,279,1.8,-2.1,final,69,203,-3.4,1664,0.0,4.1,10.8,77,23,279,2.9,552,1007,1843,13.0,1669525200,0.0
330,330,4832,1.7000000000000002,81,957,343,2022-11-27,4.5,0.0,3,82,1669579200,1669539600,1669528800,722,251,1.7000000000000002,-6.5,final,58,201,-8.9,1389,0.0,1.7000000000000002,6.8,76,23,251,-3.5,548,1011,1819,0.0,1669554000,0.0
331,331,4794,0.6000000000000001,77,951,340,2022-11-28,8.1,0.0,55,82,1669658400,1669687200,1669615200,720,194,1.7000000000000002,-5.4,final,54,200,-4.8,1288,0.0,4.8,10.3,75,23,194,-1.8,544,1004,1796,0.0,1669698000,0.0
332,332,4757,-5.0,72,953,337,2022-11-29,10.3,0.0,45,82,1669701600,1669780800,1669701600,718,278,0.7000000000000001,-11.2,final,19,198,-7.8,447,0.0,5.5,12.4,74,22,278,-7.0,540,1006,1774,0.0,1669730400,0.0
333,333,4722,-7.8,76,963,334,2022-11-30,12.5,0.0,76,81,1669788000,1669824000,1669788000,716,290,0.9,-16.0,final,25,197,-17.2,607,0.0,7.3,14.7,73,22,290,-12.7,536,1018,1753,25.0,1669870800,0.0
334,334,4687,-1.7000000000000002,73,961,332,2022-12-01,11.6,0.0,7,81,1669924800,1669924800,1669874400,714,153,0.9,-12.2,final,34,195,-16.7,806,0.0,5.3,13.1,72,22,153,-8.1,532,1016,1733,21.0,1669874400,0.0
335,335,4654,-1.0,79,951,329,2022-12-02,13.0,1.0,55,81,1670000400,1670040000,1669960800,712,245,0.6000000000000001,-10.1,final,18,194,-18.0,429,1.0,5.7,14.8,71,22,245,-7.1,528,1005,1714,15.0,1670043600,30.0
336,336,4622,-13.9,75,970,326,2022-12-03,10.3,0.0,31,81,1670101200,1670047200,1670047200,710,245,1.7000000000000002,-20.7,final,50,193,-20.0,1210,0.0,4.1,13.2,71,22,245,-17.3,525,1026,1695,31.0,1670068800,0.0
337,337,4592,-0.6000000000000001,70,957,324,2022-12-04,9.4,0.0,0,80,1670202000,1670202000,1670133600,709,248,1.8,-13.3,final,70,191,-17.8,1678,0.0,4.6,13.2,70,22,248,-8.6,521,1012,1678,28.0,1670133600,0.0
338,338,4564,-7.2,75,959,322,2022-12-05,9.8,0.0,24,80,1670256000,1670259600,1670220000,707,300,0.6000000000000001,-14.0,final,17,190,-16.7,416,0.0,4.0,11.2,69,22,300,-10.4,518,1013,1663,21.0,1670295600,0.0
339,339,4538,-12.2,82,964,320,2022-12-06,5.8,2.5,90,80,1670389200,1670389200,1670306400,706,166,1.3,-16.6,final,24,189,-16.7,572,2.5,2.2,8.0,69,21,166,-14.3,514,1019,1648,19.0,1670317200,75.0
340,340,4514,-12.8,68,974,318,2022-12-07,6.7,1.5,41,80,1670392800,1670396400,1670392800,704,96,1.8,-21.2,final,66,188,-20.6,1576,1.5,2.9,9.8,68,21,96,-16.5,511,1031,1634,37.0,1670468400,45.0
341,341,4492,-5.0,81,971,316,2022-12-08,5.4,0.0,12,80,1670533200,1670526000,1670479200,703,155,1.8,-14.9,final,68,187,-18.9,1621,0.0,2.8,6.0,68,21,155,-12.4,508,1027,1621,35.0,1670490000,0.0
342,342,4474,-1.7000000000000002,85,969,314,2022-12-09,7.2,0.0,87,79,1670648400,1670641200,1670565600,702,119,1.7000000000000002,-5.8,final,67,186,-7.2,1607,0.0,3.6,10.4,67,21,119,-3.6,506,1023,1609,33.0,1670565600,0.0
343,343,4458,-0.6000000000000001,92,965,312,2022-12-10,8.9,0.5,100,79,1670706000,1670662800,1670652000,701,145,0.6000000000000001,-2.3,final,9,186,-1.7000000000000002,210,0.5,3.7,10.3,67,21,145,-1.3,503,1019,1599,33.0,1670673600,10.0
344,344,4445,0.0,86,968,311,2022-12-11,9.8,0.0,100,79,1670788800,1670810400,1670738400,700,128,0.8,-3.4,final,19,185,-2.2,463,0.0,3.5,11.3,66,21,128,-1.3,500,1023,1589,34.0,1670763600,0.0
345,345,4435,-0.6000000000000001,78,967,310,2022-12-12,9.4,0.0,91,79,1670878800,1670896800,1670824800,699,131,0.5,-4.7,final,15,185,-2.2,361,0.0,6.4,12.1,66,21,131,-1.4,498,1021,1580,151.0,1670853600,0.0
346,346,4426,0.0,83,961,308,2022-12-13,9.4,8.0,100,79,1670983200,1670983200,1670911200,698,114,0.5,-3.0,final,15,184,-1.1,351,8.0,6.4,12.6,66,21,114,-0.4,496,1015,1573,135.0,1670911200,132.0
347,347,4419,0.0,93,953,307,2022-12-14,7.6,12.0,100,79,1671062400,1671058800,1670997600,697,100,0.5,-1.3,final,11,184,-1.1,270,12.0,5.1,10.8,65,21,100,-0.4,495,1006,1567,170.0,1671008400,200.0
348,348,4413,0.0,91,943,306,2022-12-15,6.7,13.5,100,79,1671084000,1671112800,1671084000,696,38,0.5,-2.1,final,9,184,-2.0,204,13.5,4.4,10.2,65,21,38,-0.8,494,996,1561,227.0,1671145200,224.5
349,349,4409,-1.0,89,946,306,2022-12-16,9.4,2.0,100,79,1671177600,1671253200,1671170400,696,279,0.6000000000000001,-5.2,final,12,184,-8.2,288,2.0,4.8,10.8,65,21,279,-3.7,494,999,1556,305.0,1671253200,78.0
350,350,4406,-8.3,82,956,305,2022-12-17,8.1,0.0,84,79,1671256800,1671321600,1671256800,695,321,0.5,-14.3,final,15,184,-19.1,354,0.0,5.3,10.8,65,21,321,-11.9,493,1010,1553,292.0,1671339600,0.0
351,351,4404,-16.1,81,967,304,2022-12-18,5.4,0.0,9,78,1671393600,1671346800,1671343200,695,298,1.0,-23.8,final,36,183,-25.0,866,0.0,2.9,7.2,65,21,298,-21.4,493,1024,1550,275.0,1671364800,0.0
352,352,4403,-14.4,82,972,304,2022-12-19,6.7,3.0,95,78,1671487200,1671508800,1671429600,695,164,0.5,-19.5,final,16,183,-22.2,385,3.0,1.9,6.4,65,21,164,-17.2,493,1029,1549,265.0,1671429600,90.0
353,353,4404,-21.7,79,977,304,2022-12-20,6.3,0.0,12,78,1671523200,1671562800,1671516000,695,281,0.7000000000000001,-29.8,final,27,184,-32.2,643,0.0,3.9,9.2,64,21,281,-27.3,493,1035,1548,347.0,1671595200,0.0
354,354,4406,-21.7,75,973,304,2022-12-21,5.8,4.5,100,78,1671660000,1671685200,1671602400,695,158,0.6000000000000001,-27.5,final,17,184,-29.4,416,4.5,1.8,7.2,65,21,158,-24.4,493,1030,1548,336.0,1671602400,135.0
355,355,4410,-23.3,71,965,304,2022-12-22,10.7,1.5,65,78,1671735600,1671739200,1671688800,695,315,1.2,-28.6,final,35,184,-26.7,842,1.5,6.5,13.4,65,21,315,-24.9,494,1022,1550,339.0,1671771600,45.0
356,356,4415,-20.6,72,965,304,2022-12-23,13.0,0.0,53,78,1671822000,1671818400,1671775200,695,321,0.5,-26.8,final,16,184,-26.1,388,0.0,8.7,15.7,65,21,321,-23.1,494,1022,1552,332.0,1671775200,0.0
357,357,4421,-17.2,74,970,304,2022-12-24,10.7,0.0,0,78,1671912000,1671904800,1671861600,695,312,0.9,-26.2,final,38,184,-26.1,912,0.0,7.2,14.0,65,21,312,-22.9,495,1028,1555,389.0,1671890400,0.0
358,358,4429,-14.4,72,965,305,2022-12-25,7.2,0.0,47,79,1672016400,1671948000,1671948000,696,206,0.5,-23.7,final,16,185,-26.7,390,0.0,2.8,10.4,65,21,206,-20.0,496,1022,1559,379.0,1671973200,0.0
359,359,4438,-12.8,70,969,305,2022-12-26,7.2,0.0,23,79,1672084800,1672088400,1672034400,696,249,0.6000000000000001,-21.9,final,23,185,-24.4,541,0.0,3.1,8.4,65,21,249,-17.7,497,1025,1564,372.0,1672063200,0.0
360,360,4448,-6.1,79,949,306,2022-12-27,8.1,0.0,81,79,1672189200,1672149600,1672120800,697,162,0.7000000000000001,-12.8,final,20,185,-15.0,488,0.0,5.0,10.0,65,21,162,-9.9,498,1003,1571,364.0,1672120800,0.0
361,361,4460,-1.1,87,943,307,2022-12-28,6.7,0.0,82,79,1672264800,1672246800,1672207200,697,134,0.7000000000000001,-5.9,final,30,186,-6.7,723,0.0,2.8,9.8,66,21,134,-4.0,499,996,1578,397.0,1672207200,0.0
362,362,4472,-3.3,92,951,308,2022-12-29,6.7,0.0,92,79,1672326000,1672351200,1672293600,698,290,0.5,-7.2,final,12,186,-9.4,295,0.0,3.2,7.2,66,21,290,-6.0,500,1004,1586,389.0,1672362000,0.0
363,363,4486,-8.9,84,959,309,2022-12-30,6.7,0.0,82,79,1672380000,1672387200,1672380000,699,241,1.8,-13.7,final,66,187,-13.9,1580,0.0,3.2,8.8,66,21,241,-11.6,502,1014,1595,383.0,1672452000,0.0
