,index,t_dni,max_temp,rh,pres,max_ghi,Date,max_wind_spd,precip_gpm,clouds,max_dhi,max_temp_ts,max_wind_spd_ts,ts,max_dni,max_wind_dir,max_uv,dewpt,revision_status,solar_rad,dni,min_temp,t_solar_rad,precip,wind_spd,wind_gust_spd,ghi,dhi,wind_dir,temp,t_dhi,slp,t_ghi,snow_depth,min_temp_ts,snow
0,0,4505,-24.1,69,963,311,1/1/2022,2.8,0,24,79,1641070800,1641081600,1641016800,700,282,1.8,-33.4,final,66,188,-33.7,1594,0,2.3,4.8,67,21,282,-29.5,504,1029,1608,424,1641042000,0
1,1,4522,-17,70,961,312,1/2/2022,4.8,0,23,79,1641160800,1641171600,1641103200,702,209,1.8,-27.5,final,63,188,-30,1511,0,3.3,8.4,67,21,209,-23.6,506,1025,1619,409,1641128400,0
2,2,4540,-9.3,77,959,314,1/3/2022,4.4,0,52,80,1641240000,1641218400,1641189600,703,190,1.6,-16,final,60,189,-17.4,1439,0,3.1,8,68,21,190,-12.8,508,1020,1631,397,1641196800,0
3,3,4559,-7.8,84,949,315,1/4/2022,5.6,1.5,100,80,1641326400,1641358800,1641276000,704,67,0.6,-13.2,final,13,190,-14.1,312,1.5,4.5,9.6,69,21,67,-11.1,510,1009,1644,384,1641276000,45
4,4,4578,-11.5,75,957,317,1/5/2022,6.8,4.5,100,80,1641362400,1641394800,1641362400,706,278,0.6,-21.1,final,17,191,-22.6,415,4.5,5.7,12.8,69,21,278,-17.7,512,1019,1658,376,1641445200,135
5,5,4599,-23.3,71,966,319,1/6/2022,4.4,0,94,80,1641499200,1641492000,1641448800,707,312,0.6,-30.3,final,21,192,-30,501,0,3.2,8.4,70,21,312,-26.6,515,1032,1674,386,1641524400,0
6,6,4621,-13.7,72,959,321,1/7/2022,7.6,0,75,80,1641618000,1641610800,1641535200,709,177,1.1,-28.2,final,29,193,-32.6,704,0,4.1,15.2,70,22,177,-24.6,517,1023,1690,377,1641560400,0
7,7,4644,-5.6,74,950,324,1/8/2022,7.6,0,57,81,1641672000,1641693600,1641621600,710,237,1.7,-15.6,final,56,193,-20.7,1352,0,6.1,15.2,71,22,237,-11.9,520,1010,1707,373,1641704400,0
8,8,4668,-20.4,65,970,326,1/9/2022,6.4,0,28,81,1641754800,1641708000,1641708000,712,288,1.8,-28.2,final,71,194,-25.9,1697,0,4.9,13.2,72,22,288,-23.4,522,1035,1725,364,1641783600,0
9,9,4692,-17.4,61,974,328,1/10/2022,4.8,0,29,81,1641859200,1641877200,1641794400,714,253,1.8,-28.4,final,71,196,-27.8,1713,0,3.1,8.4,73,22,253,-22.9,525,1039,1744,357,1641808800,0
10,10,4717,-0.7,69,955,331,1/11/2022,6.4,0,49,81,1641931200,1641938400,1641880800,716,235,1.6,-13.2,final,56,197,-17.8,1355,0,4.9,12.4,73,22,235,-8.6,528,1015,1763,433,1641880800,0
11,11,4743,-0.4,82,957,334,1/12/2022,3.6,0.5,73,82,1642017600,1642050000,1641967200,718,175,1.3,-5.8,final,45,198,-5.6,1074,0.5,2,6.4,74,22,175,-3.2,531,1016,1784,423,1641985200,10
12,12,4770,-3,82,961,337,1/13/2022,5.2,0,87,82,1642078800,1642082400,1642053600,720,214,0.6,-8.7,final,19,199,-11.1,445,0,4,10,75,22,214,-6,534,1020,1806,415,1642136400,0
13,13,4798,-11.1,78,969,340,1/14/2022,4.8,1.5,72,82,1642190400,1642179600,1642140000,722,70,0.6,-16.6,final,19,200,-20.4,457,1.5,3.8,9.2,76,22,70,-13.5,538,1031,1828,407,1642222800,45
14,14,4826,-11.9,76,968,343,1/15/2022,6.8,0,64,83,1642309200,1642294800,1642226400,724,174,1.3,-20.2,final,56,201,-23,1352,0,4.4,12.8,77,23,174,-16.8,541,1031,1852,402,1642255200,0
15,15,4854,-1.9,77,952,346,1/16/2022,6.8,0,92,83,1642359600,1642370400,1642312800,726,281,0.7,-10.3,final,29,202,-12.6,689,0,4.8,12,78,23,281,-7,544,1012,1876,396,1642395600,0
16,16,4884,-0.4,84,952,350,1/17/2022,3.6,0,87,83,1642453200,1642417200,1642399200,729,221,0.8,-6.8,final,47,203,-11.1,1122,0,2.6,7.2,79,23,221,-4.6,548,1011,1901,389,1642399200,0
17,17,4913,0,84,946,354,1/18/2022,8.8,2.5,80,84,1642528800,1642536000,1642485600,731,231,1.6,-9.3,final,49,205,-18.9,1184,2.5,6.4,18.4,80,23,231,-6.9,551,1005,1927,385,1642568400,45.5
18,18,4944,-19.3,72,970,358,1/19/2022,7.6,0,91,84,1642572000,1642572000,1642572000,734,313,0.9,-25.5,final,30,206,-25.9,714,0,5.8,14.8,81,23,313,-21.8,557,1034,1955,380,1642654800,0
19,19,4977,-18.5,71,975,362,1/20/2022,4.8,0,3,84,1642712400,1642730400,1642658400,737,240,2,-28.2,final,82,207,-29.6,1977,0,2.8,9.2,83,23,240,-24.4,563,1040,1983,376,1642683600,0
20,20,5015,-4.8,77,959,366,1/21/2022,8,2.5,90,85,1642816800,1642820400,1642744800,739,208,0.6,-17,final,21,209,-23,503,2.5,6.6,15.2,84,24,208,-13.8,569,1020,2012,373,1642744800,67.5
21,21,5057,-11.5,74,962,370,1/22/2022,6.8,0,98,85,1642831200,1642845600,1642831200,742,245,0.6,-21.8,final,21,211,-23.3,511,0,3.7,14,85,24,245,-18.4,576,1025,2043,386,1642860000,0
22,22,5103,-15.2,77,956,374,1/23/2022,4.4,0,83,86,1643000400,1642975200,1642917600,745,228,0.7,-24.2,final,26,213,-28.5,615,0,2.7,8,86,24,228,-21.2,583,1019,2074,388,1642932000,0
23,23,5152,-15.2,74,956,379,1/24/2022,5.2,0,50,86,1643004000,1643058000,1643004000,747,245,1.7,-23.7,final,69,215,-26.3,1664,0,4.4,10.8,88,25,245,-20.3,590,1019,2107,390,1643083200,0
24,24,5206,-21.5,72,968,383,1/25/2022,4,0,17,86,1643140800,1643144400,1643090400,750,292,1.8,-29.4,final,73,217,-28.5,1741,0,3.5,8,89,25,292,-25.8,597,1033,2141,434,1643119200,0
25,25,5261,-1.9,75,954,388,1/26/2022,7.6,0,76,87,1643252400,1643227200,1643176800,753,227,1.7,-17.3,final,60,219,-27,1450,0,5.9,14.4,91,25,227,-13.9,605,1015,2177,430,1643176800,0
26,26,5319,-5.2,69,965,392,1/27/2022,6,0,77,87,1643263200,1643288400,1643263200,756,326,1.3,-17.8,final,45,222,-23,1074,0,4.4,11.6,92,25,326,-13.3,612,1027,2213,428,1643346000,0
27,27,5378,-9.6,76,967,397,1/28/2022,3.6,0,67,88,1643400000,1643392800,1643349600,758,243,1.7,-19.7,final,65,224,-24.4,1558,0,2.7,6.8,94,26,243,-16.4,619,1029,2250,423,1643356800,0
28,28,5439,-7,78,956,402,1/29/2022,6.4,0,90,88,1643486400,1643493600,1643436000,761,254,0.9,-13.7,final,32,227,-14.4,776,0,4.6,12.4,95,26,254,-10.6,626,1016,2288,420,1643446800,0
29,29,5500,-8.5,79,959,407,1/30/2022,4.4,0,73,89,1643576400,1643526000,1643522400,764,237,1.2,-14.7,final,38,229,-14.8,901,0,2.9,8.4,97,26,237,-11.8,633,1020,2328,415,1643551200,0
30,30,5562,-4.1,77,949,412,1/31/2022,4.8,0,85,89,1643684400,1643673600,1643608800,767,166,0.8,-11.4,final,26,232,-12.2,631,0,3.8,9.2,99,27,166,-8.1,640,1008,2368,411,1643630400,0
31,31,5624,-4.8,76,953,417,2/1/2022,9.6,0.5,81,89,1643702400,1643738400,1643695200,770,277,1.7,-15.8,final,81,234,-19.6,1954,0.5,7,19.2,100,27,277,-12.5,647,1014,2409,399,1643778000,12.5
32,32,5686,-20,71,974,422,2/2/2022,5.6,0,59,90,1643832000,1643839200,1643781600,772,307,1.8,-26.9,final,78,237,-26.7,1880,0,3.7,10,102,27,307,-23.1,654,1039,2452,404,1643864400,0
33,33,5748,-19.3,70,975,427,2/3/2022,4.4,0,40,90,1643922000,1643943600,1643868000,775,208,2.3,-28.1,final,97,240,-30.4,2331,0,2.4,8,104,28,208,-24,661,1041,2495,400,1643896800,0
34,34,5810,-17,71,969,433,2/4/2022,5.2,0,78,91,1644004800,1643994000,1643954400,778,266,1.6,-23.8,final,83,242,-23.3,1982,0,3.1,10.4,106,28,266,-19.9,668,1033,2539,398,1644026400,0
35,35,5872,-7.4,77,957,438,2/5/2022,6.4,3.5,97,91,1644123600,1644069600,1644040800,781,207,0.8,-17.6,final,32,245,-23,769,3.5,4.3,11.6,108,28,207,-14.4,675,1018,2583,398,1644040800,105
36,36,5933,-11.5,76,963,444,2/6/2022,4.8,0,88,92,1644127200,1644156000,1644127200,784,309,1,-18.6,final,39,247,-20.4,945,0,3.5,10.4,110,28,309,-15.4,682,1025,2629,404,1644206400,0
37,37,5994,-7.4,74,960,449,2/7/2022,4.4,0,70,92,1644267600,1644264000,1644213600,786,182,2.3,-17,final,88,250,-20.7,2108,0,3.3,8.4,111,29,182,-13.3,689,1021,2675,401,1644213600,0
38,38,6054,2.2,81,947,455,2/8/2022,6.4,0.5,71,93,1644346800,1644346800,1644300000,789,252,2.3,-5.4,final,85,252,-10,2047,0.5,5.4,13.6,113,29,252,-2.6,696,1005,2723,398,1644325200,1
39,39,6113,0.4,78,952,460,2/9/2022,7.6,0,100,93,1644386400,1644422400,1644386400,792,318,0.8,-9.2,final,29,255,-13.3,705,0,6.4,15.2,115,29,318,-6,703,1011,2770,398,1644469200,0
40,40,6172,3.3,84,944,466,2/10/2022,8.4,7.5,97,93,1644537600,1644555600,1644472800,795,248,0.9,-8.9,final,34,257,-15.6,818,7.5,5.3,17.6,117,30,248,-6.7,709,1003,2819,394,1644480000,138
41,41,6229,-0.4,74,954,472,2/11/2022,8.8,0,86,94,1644559200,1644595200,1644559200,797,334,1.5,-17.5,final,77,260,-24.4,1859,0,6.9,17.2,120,30,334,-13.9,716,1016,2868,444,1644642000,0
42,42,6287,-18.9,68,969,478,2/12/2022,3.6,0,86,94,1644699600,1644721200,1644645600,800,283,1.6,-27.9,final,85,262,-28.9,2042,0,2.2,6.4,122,30,283,-23.5,723,1034,2918,449,1644660000,0
43,43,6343,-15.9,75,966,483,2/13/2022,5.6,1.5,73,95,1644814800,1644796800,1644732000,803,224,0.8,-24.3,final,31,264,-27.4,740,1.5,3.3,10.4,124,30,224,-21,730,1029,2969,445,1644757200,45
44,44,6398,-13,74,966,489,2/14/2022,3.2,0,76,95,1644872400,1644832800,1644818400,805,236,2.5,-21.5,final,88,267,-22.6,2104,0,2,5.6,126,31,236,-17.9,736,1029,3020,455,1644843600,0
45,45,6453,-7,74,959,495,2/15/2022,5.6,0,95,96,1644976800,1644951600,1644904800,808,139,0.9,-15.2,final,33,269,-17.8,781,0,4.2,11.2,128,31,139,-11.6,743,1020,3072,451,1644904800,0
46,46,6507,-7.4,73,956,501,2/16/2022,6,0,87,96,1644994800,1645041600,1644991200,811,315,1.2,-16.1,final,54,271,-20.4,1297,0,5.2,12.8,130,31,315,-12.2,749,1017,3124,445,1645074000,0
47,47,6560,-17.8,63,966,507,2/17/2022,5.6,0,37,97,1645135200,1645077600,1645077600,813,271,2.9,-26.9,final,126,273,-25.2,3030,0,2.8,10.4,132,31,271,-21.6,756,1030,3177,439,1645102800,0
48,48,6611,-7.4,72,953,513,2/18/2022,10.8,0.5,90,97,1645200000,1645207200,1645164000,816,253,1.7,-20.2,final,72,275,-21.1,1721,0.5,7.6,21.6,135,32,253,-16.3,762,1015,3231,436,1645246800,15
49,49,6663,-4.1,68,958,519,2/19/2022,8,0,48,97,1645333200,1645308000,1645250400,818,225,1.4,-19.8,final,92,278,-24.4,2198,0,5.6,16,137,32,225,-15.1,769,1020,3284,386,1645264800,0
50,50,6713,0,70,950,525,2/20/2022,6.8,0.5,97,98,1645362000,1645365600,1645336800,821,200,1,-11.2,final,39,280,-14.8,930,0.5,5.6,14.4,139,32,200,-6.6,775,1009,3339,380,1645419600,6
51,51,6762,-15.2,72,966,531,2/21/2022,6.8,9.5,100,98,1645423200,1645498800,1645423200,823,34,1,-21.5,final,35,282,-20.4,848,9.5,5.8,13.2,141,33,34,-17.7,781,1029,3393,373,1645506000,285
52,52,6810,-16.7,69,970,537,2/22/2022,6.8,3,100,99,1645563600,1645563600,1645509600,825,181,1,-24.2,final,36,284,-22.6,862,3,5.9,13.6,144,33,181,-19.9,788,1033,3448,427,1645534800,90
53,53,6858,-16.7,62,977,543,2/23/2022,4.8,0,46,99,1645650000,1645599600,1645596000,828,304,3.2,-27.7,final,142,286,-26.3,3417,0,2.8,8.8,146,33,304,-22.3,794,1042,3504,421,1645621200,0
54,54,6905,-14.1,66,974,549,2/24/2022,2,0,69,100,1645743600,1645747200,1645682400,830,115,1.9,-25,final,113,288,-25.9,2706,0,1.5,3.6,148,33,115,-20.2,800,1038,3559,417,1645704000,0
55,55,6950,-12.2,65,971,555,2/25/2022,4.8,0,14,100,1645822800,1645826400,1645768800,832,255,3.3,-22.9,final,151,290,-24.8,3615,0,3,9.6,151,34,255,-17.8,806,1035,3615,413,1645797600,0
56,56,6995,-3.3,71,962,562,2/26/2022,6.4,0,24,100,1645909200,1645894800,1645855200,835,256,3.1,-14.8,final,149,291,-18.1,3584,0,5.2,12.8,153,34,256,-10.3,812,1023,3671,313,1645869600,0
57,57,7039,-1.5,74,963,568,2/27/2022,3.2,0,69,101,1645999200,1645945200,1645941600,837,172,1.7,-10.7,final,76,293,-13.3,1826,0,2.4,6.4,155,34,172,-6.6,818,1023,3728,307,1645963200,0
58,58,7090,1.1,79,957,574,2/28/2022,3.6,0,59,101,1646078400,1646096400,1646028000,839,221,3.3,-6.7,final,154,295,-8.1,3697,0,2.9,8,158,35,221,-3.5,829,1016,3786,303,1646028000,0
59,59,7184,-1.1,73,961,586,3/1/2022,3.2,0,76,102,1646172000,1646182800,1646114400,843,216,3.4,-8.9,final,99,299,-7,2376,0,2.1,6,163,35,216,-4.6,842,1020,3901,299,1646118000,0
60,60,7238,-5.2,68,966,592,3/2/2022,4.4,0,93,102,1646251200,1646254800,1646200800,846,231,1.3,-12.3,final,53,302,-13.3,1281,0,3.3,9.6,165,35,231,-7.2,852,1026,3959,297,1646283600,0
61,61,7298,-6.3,51,973,598,3/3/2022,3.2,0,95,103,1646344800,1646287200,1646287200,848,265,1.4,-21.1,final,55,304,-18.5,1331,0,1.2,5.2,167,36,265,-12.2,862,1035,4019,300,1646312400,0
62,62,7366,-3,49,965,604,3/4/2022,5.6,0,98,103,1646431200,1646424000,1646373600,850,107,1.3,-15.4,final,43,307,-10.7,1024,0,4,11.2,170,36,107,-6.3,872,1025,4079,298,1646373600,0
63,63,7439,-0.4,75,954,610,3/5/2022,4.4,0,98,104,1646510400,1646542800,1646460000,852,97,1.6,-6.6,final,55,310,-4.8,1324,0,3.3,9.2,173,37,97,-2.7,882,1012,4140,291,1646485200,0
64,64,7515,-4.1,80,959,616,3/6/2022,5.6,0,97,104,1646546400,1646607600,1646546400,854,311,1.4,-9.1,final,41,313,-10.7,996,0,4.6,11.2,175,37,311,-6.3,891,1018,4202,286,1646629200,0
65,65,7590,-4.4,74,962,622,3/7/2022,5.2,0,31,104,1646683200,1646683200,1646632800,855,274,4.4,-13.2,final,160,316,-16.3,3845,0,3.8,10,178,38,274,-9.4,901,1022,4264,284,1646658000,0
66,66,7666,-2.6,73,955,628,3/8/2022,8,0,92,105,1646751600,1646755200,1646719200,857,264,1.4,-9.6,final,61,319,-10,1463,0,6.1,16.4,180,38,264,-5.5,910,1014,4327,282,1646802000,0
67,67,7740,-10.7,65,962,634,3/9/2022,6,0,77,105,1646856000,1646845200,1646805600,859,299,1.5,-19.5,final,60,322,-17.4,1439,0,5.1,12.8,183,38,299,-14.3,918,1024,4390,280,1646888400,0
68,68,7812,-7.4,67,960,640,3/10/2022,7.6,0,45,106,1646971200,1646974800,1646892000,861,238,3.2,-18.9,final,151,325,-20.4,3623,0,5.2,16.4,186,39,238,-14,927,1022,4453,278,1646910000,0
69,69,7883,-13.3,67,961,646,3/11/2022,7.6,0,94,106,1646978400,1647018000,1646978400,863,296,1.8,-22.3,final,62,328,-21.9,1491,0,6.5,16,188,39,296,-17.6,935,1024,4517,276,1647061200,0
70,70,7951,-4.1,67,957,652,3/12/2022,6.4,1,66,106,1647147600,1647118800,1647064800,864,218,1.7,-19.5,final,50,331,-24.1,1194,1,4.3,12.4,191,39,218,-14.5,943,1019,4580,277,1647082800,25
71,71,8018,-2.6,74,954,658,3/13/2022,6,0,74,107,1647205200,1647187200,1647151200,866,307,4.8,-8.4,final,147,349,-7.4,3392,0,4.2,10.4,202,41,307,-4.3,951,1013,4644,279,1647230400,0
72,72,8083,1.1,65,964,664,3/14/2022,2.8,0,61,107,1647295200,1647302400,1647234000,868,131,4.7,-10.5,final,188,337,-9.3,4504,0,1.7,4.8,196,40,131,-4.6,959,1024,4708,277,1647259200,0
73,73,8146,6.3,68,959,670,3/15/2022,5.2,0,63,107,1647374400,1647360000,1647320400,870,201,2.2,-4,final,89,339,-4.1,2131,0,4.2,10.8,199,40,201,1.3,967,1017,4772,271,1647342000,0
74,74,8207,9.6,71,951,676,3/16/2022,5.2,2.5,57,108,1647460800,1647486000,1647406800,871,232,4.9,0.3,final,163,342,1.9,3911,2.5,3.7,9.2,201,41,232,5.3,974,1008,4836,231,1647489600,0
75,75,8266,4.8,80,960,682,3/17/2022,4.8,0,58,108,1647543600,1647496800,1647493200,873,302,4,-0.9,final,181,344,-0.4,4347,0,3.4,9.6,204,41,302,2.2,981,1017,4899,184,1647525600,0
76,76,8323,4.4,76,962,688,3/18/2022,2.4,0,47,108,1647640800,1647615600,1647579600,875,133,4.5,-2.6,final,160,347,-3,3846,0,1.5,4.8,207,41,133,1.3,989,1020,4963,171,1647594000,0
77,77,8379,7.4,74,957,694,3/19/2022,3.6,0,18,109,1647720000,1647723600,1647666000,876,256,5.2,-3.7,final,202,349,-4.4,4845,0,2.8,6.4,209,41,256,0.6,996,1015,5027,171,1647691200,0
78,78,8433,10,67,959,700,3/20/2022,6,0,46,109,1647813600,1647810000,1647752400,878,164,3.7,-3,final,149,351,-6.3,3575,0,3,10.4,212,42,164,3.1,1002,1016,5090,149,1647770400,0
79,79,8485,7.8,64,956,706,3/21/2022,6.8,1.5,98,109,1647889200,1647846000,1647838800,879,110,1.9,-0.9,final,57,354,2.6,1378,1.5,5.6,13.2,215,42,110,5.4,1009,1013,5153,137,1647921600,0
80,80,8536,1.9,91,958,712,3/22/2022,4.8,2.5,100,110,1647982800,1648008000,1647925200,881,160,1.7,-0.5,final,37,356,0,877,2.5,3.3,9.2,217,42,160,0.8,1016,1016,5216,77,1647954000,7.5
81,81,8585,0.7,87,956,717,3/23/2022,7.2,0,99,110,1648072800,1648062000,1648011600,882,22,1.7,-1.8,final,42,358,-0.4,1005,0,6,14.4,220,43,22,0.2,1022,1014,5279,79,1648036800,0
82,82,8632,8.1,74,954,723,3/24/2022,5.2,0.5,40,110,1648155600,1648180800,1648098000,883,141,4.9,-1.9,final,193,360,-2.2,4631,0.5,2.7,8,223,43,141,2.6,1028,1012,5341,79,1648119600,0
83,83,8679,4.1,72,954,728,3/25/2022,10.8,2.5,91,110,1648184400,1648231200,1648184400,885,311,2.4,-6.2,final,98,362,-7.8,2358,2.5,8.1,20.4,225,43,311,-1.7,1034,1013,5403,73,1648267200,34
84,84,8723,-5.6,49,965,734,3/26/2022,8,0,46,111,1648328400,1648270800,1648270800,886,332,5.7,-17.8,final,211,363,-11.9,5075,0,6.5,16,228,43,332,-8.9,1040,1026,5465,71,1648353600,0
85,85,8767,-3.7,40,969,739,3/27/2022,4.4,0,2,111,1648418400,1648357200,1648357200,887,296,5.9,-21.8,final,230,365,-15.9,5522,0,2.5,8,230,44,296,-9.6,1046,1030,5526,68,1648382400,0
86,86,8809,1.1,37,965,745,3/28/2022,5.6,0,68,111,1648504800,1648501200,1648443600,888,126,1.8,-17.3,final,70,367,-11.5,1686,0,4,11.6,233,44,126,-4.4,1052,1025,5587,67,1648465200,0
87,87,8850,5.6,44,953,750,3/29/2022,7.2,0,88,112,1648591200,1648569600,1648530000,890,143,1.9,-9.2,final,60,369,-0.7,1445,0,5.4,14.4,235,44,143,1.9,1058,1011,5648,63,1648544400,0
88,88,8890,0.4,86,947,756,3/30/2022,7.2,8,99,112,1648659600,1648674000,1648616400,891,152,1.9,-3.6,final,45,370,-3,1085,8,4.8,14.4,238,44,152,-1.5,1063,1005,5708,73,1648699200,136
89,89,8928,1.1,68,951,761,3/31/2022,6,0,60,112,1648764000,1648735200,1648702800,892,275,6.1,-7.9,final,175,372,-5.6,4198,0,4.3,12,240,45,275,-2.7,1069,1009,5768,112,1648785600,0
90,90,8966,5.9,71,956,766,4/1/2022,5.2,0,59,112,1648846800,1648850400,1648789200,893,200,2.7,-5.3,final,99,374,-8.5,2386,0,3.6,10.8,243,45,200,-0.4,1074,1014,5827,110,1648810800,0
91,91,9003,2.2,76,958,771,4/2/2022,5.6,0,69,113,1648926000,1648929600,1648875600,894,294,2.5,-3.2,final,118,375,-0.7,2842,0,3.8,12,245,45,294,0.8,1082,1016,5886,103,1648958400,0
92,92,9047,2.2,71,959,776,4/3/2022,3.2,0,88,113,1649016000,1649012400,1648962000,895,114,2,-5,final,66,377,-4.1,1585,0,2,7.2,248,45,114,-0.3,1090,1018,5945,102,1648987200,0
93,93,9096,6.7,73,955,781,4/4/2022,4.8,0,37,113,1649106000,1649131200,1649048400,896,238,6.3,-3.1,final,234,379,-3.7,5608,0,2.1,9.2,250,46,238,1.3,1098,1013,6005,102,1649070000,0
94,94,9149,3,88,941,786,4/5/2022,8,20.5,100,113,1649206800,1649163600,1649134800,897,117,2,-0.1,final,37,381,0.4,888,20.5,6.2,15.6,253,46,117,1.8,1105,998,6064,75,1649149200,40
95,95,9203,1.1,95,939,791,4/6/2022,9.6,20.5,100,114,1649257200,1649282400,1649221200,898,256,2,-0.5,final,26,383,0,612,20.5,6.8,17.6,255,46,256,0.3,1112,995,6123,216,1649296800,141
96,96,9256,0.4,85,952,795,4/7/2022,9.6,1,99,114,1649383200,1649340000,1649307600,899,189,2.1,-3.1,final,62,386,-2.2,1487,1,7.4,18.4,258,47,189,-0.8,1119,1010,6181,289,1649343600,73
97,97,9308,4.1,62,960,800,4/8/2022,6.8,0,7,114,1649451600,1649430000,1649394000,900,349,6.7,-7,final,260,388,-4.1,6239,0,5.5,13.2,260,47,349,-0.2,1126,1018,6239,33,1649476800,0
98,98,9359,8.1,58,954,805,4/9/2022,4.4,0,40,114,1649545200,1649545200,1649480400,901,182,2.2,-6.5,final,100,390,-6.7,2397,0,3,7.6,262,47,182,1.3,1132,1011,6297,28,1649505600,0
99,99,9408,4.1,74,948,809,4/10/2022,4.8,6,95,114,1649620800,1649649600,1649566800,902,104,2.1,-1.3,final,59,392,1.9,1418,6,3.6,8.8,265,47,104,3,1139,1005,6355,9,1649649600,0
100,100,9458,6.7,81,949,814,4/11/2022,6.4,5.5,66,115,1649718000,1649671200,1649653200,902,254,3.6,-0.2,final,150,394,0.4,3605,5.5,3.7,12.4,267,48,254,2.9,1148,1007,6412,26,1649736000,17
101,101,9510,4.4,81,952,818,4/12/2022,8.4,10.5,99,115,1649800800,1649818800,1649739600,903,96,2.2,-1,final,77,396,-1.5,1838,10.5,5.1,18,270,48,96,2,1155,1009,6469,33,1649743200,7
102,102,9564,3,79,943,822,4/13/2022,8,2,86,115,1649851200,1649880000,1649826000,904,161,2.2,-2.2,final,53,398,-1.9,1266,2,5.4,15.2,272,48,161,1.4,1163,1000,6526,7,1649908800,0
103,103,9618,-0.4,75,940,827,4/14/2022,9.2,1.5,95,115,1649955600,1649970000,1649912400,905,240,2.6,-7.1,final,93,401,-7.4,2240,1.5,5.4,18.4,274,49,240,-3.2,1170,998,6582,6,1649995200,22
104,104,9673,-4.4,65,954,831,4/15/2022,7.6,0,97,115,1650052800,1650052800,1649998800,905,291,2.3,-12.9,final,75,403,-11.1,1798,0,6.6,16.4,277,49,291,-7.5,1177,1014,6638,29,1650013200,0
105,105,9727,1.5,58,965,835,4/16/2022,5.2,0,41,116,1650139200,1650132000,1650085200,906,310,6.6,-11.5,final,272,405,-8.5,6538,0,4.2,11.6,279,49,310,-3.7,1184,1025,6694,28,1650110400,0
106,106,9779,0.7,70,964,839,4/17/2022,6,3.5,72,116,1650218400,1650222000,1650171600,907,129,2.3,-7.1,final,70,407,-6.3,1671,3.5,4,12.4,281,50,129,-2.2,1191,1024,6749,23,1650182400,47.5
107,107,9831,0.4,72,965,843,4/18/2022,9.2,1.5,71,116,1650319200,1650297600,1650258000,907,306,3.4,-6.4,final,113,410,-3.3,2702,1.5,5.8,18,283,50,306,-1.5,1197,1024,6803,81,1650340800,58
108,108,9881,5.2,56,964,847,4/19/2022,6.8,0,79,116,1650402000,1650420000,1650344400,908,167,3.5,-8.9,final,94,412,-8.5,2260,0,3.8,12.4,286,50,167,-0.6,1204,1023,6857,82,1650366000,0
109,109,9930,5.2,75,952,851,4/20/2022,7.2,11.5,95,116,1650430800,1650434400,1650430800,909,186,2.4,-1.8,final,45,414,0,1084,11.5,4.6,14.4,288,50,186,2.5,1210,1010,6910,67,1650513600,33
110,110,9977,5.6,71,963,854,4/21/2022,6.4,0,73,116,1650582000,1650535200,1650517200,909,226,4.6,-2.1,final,164,416,0.4,3945,0,4.6,13.2,290,51,226,2.9,1215,1021,6963,147,1650517200,0
111,111,10023,5.9,81,961,858,4/22/2022,8.4,22.5,98,117,1650672000,1650646800,1650603600,910,111,2.4,1.2,final,64,418,2.6,1533,22.5,6.3,16,292,51,111,4.3,1221,1019,7014,136,1650646800,0
112,112,10067,17.8,91,942,861,4/23/2022,8.4,49.5,79,117,1650754800,1650740400,1650690000,910,123,2.6,8.9,final,95,419,4.8,2279,49.5,6.5,17.2,294,51,123,10.4,1227,997,7066,29,1650690000,0
113,113,10109,7.4,81,942,865,4/24/2022,7.2,5,89,117,1650776400,1650834000,1650776400,911,228,2.5,-0.3,final,49,421,-1.5,1167,5,5,14,297,51,228,2.8,1232,999,7116,,1650859200,0
114,114,10151,-1.9,72,963,868,4/25/2022,6.8,0,100,117,1650862800,1650862800,1650862800,911,324,2.5,-7.2,final,75,423,-4.1,1791,0,5.9,13.6,299,52,324,-2.9,1237,1023,7166,11,1650942000,0
115,115,10190,1.1,64,971,872,4/26/2022,4.4,0,85,117,1651006800,1650978000,1650949200,912,244,2.5,-8.3,final,86,425,-4.4,2065,0,3.2,8,301,52,244,-2.2,1242,1031,7215,0,1650963600,0
116,116,10229,7.4,52,969,875,4/27/2022,5.6,0,20,117,1651093200,1651078800,1651035600,912,100,7.5,-7.7,final,302,426,-3.3,7252,0,4.3,12,303,52,100,1.6,1247,1027,7263,0,1651053600,0
117,117,10265,9.6,58,963,878,4/28/2022,5.6,0,70,117,1651179600,1651168800,1651122000,912,119,4.7,-3.7,final,147,428,-1.5,3531,0,4.4,11.6,305,52,119,4,1252,1020,7311,,1651140000,0
118,118,10301,9.3,80,956,881,4/29/2022,5.6,4,99,118,1651262400,1651262400,1651208400,913,110,2.5,3.4,final,59,429,4.8,1424,4,4.4,11.6,307,52,110,6.7,1256,1013,7357,,1651233600,0
119,119,10336,7.4,91,949,884,4/30/2022,6,14,100,118,1651305600,1651305600,1651294800,913,85,2.5,5,final,39,431,5.2,935,14,4.6,10.8,308,53,85,6.4,1261,1006,7403,,1651377600,0
120,120,10369,5.2,93,952,887,5/1/2022,7.2,5,100,118,1651381200,1651442400,1651381200,913,272,2.6,3.2,final,48,432,3,1143,5,4.8,14.8,310,53,272,4.3,1265,1008,7448,,1651464000,0
121,121,10401,6.7,77,962,890,5/2/2022,5.2,0,99,118,1651521600,1651503600,1651467600,914,251,2.6,-0.3,final,75,433,0.7,1806,0,4.1,9.6,312,53,251,3.5,1269,1020,7492,,1651489200,0
122,122,10431,11.9,64,964,893,5/3/2022,4.4,0,39,118,1651618800,1651593600,1651554000,914,44,8.4,-0.6,final,305,435,1.9,7316,0,2.5,8.4,314,53,44,6,1274,1021,7536,,1651575600,0
123,123,10461,15.2,60,965,895,5/4/2022,3.2,0,90,118,1651701600,1651708800,1651640400,914,158,2.7,0.7,final,83,436,0.4,2002,0,2.3,7.2,316,53,158,8.5,1278,1022,7578,,1651654800,0
124,124,10490,17.8,57,961,898,5/5/2022,3.2,0,17,118,1651791600,1651773600,1651726800,915,145,8.1,2.4,final,311,437,3,7471,0,2.2,8,318,53,145,11.3,1281,1017,7620,,1651744800,0
125,125,10518,20.4,53,957,901,5/6/2022,4.8,0,11,118,1651874400,1651863600,1651813200,915,143,7.3,2.5,final,317,438,3.7,7597,0,3.1,10.4,319,54,143,12.9,1287,1012,7661,,1651834800,0
126,126,10548,21.1,49,953,903,5/7/2022,9.2,0.5,48,118,1651957200,1651957200,1651899600,915,153,7,4.7,final,235,439,9.6,5633,0.5,6.1,18,321,54,153,16,1293,1008,7702,,1651917600,0
127,127,10580,15.6,77,949,905,5/8/2022,7.6,15.5,91,118,1651986000,1652004000,1651986000,915,164,3.2,8.4,final,86,441,10.4,2071,15.5,6,15.6,323,54,164,12.5,1298,1004,7741,,1652025600,0
128,128,10614,20,80,943,908,5/9/2022,8.8,12.5,68,119,1652133600,1652144400,1652072400,916,167,3.5,10.3,final,115,442,10.7,2757,12.5,6.8,27.6,324,54,167,13.9,1303,998,7781,,1652086800,0
129,129,10649,21.1,56,960,910,5/10/2022,5.6,0,53,119,1652220000,1652158800,1652158800,916,252,7.7,5.9,final,279,444,10.4,6706,0,3.7,11.6,326,54,252,15.5,1308,1015,7819,,1652180400,0
130,130,10684,20.4,63,963,912,5/11/2022,6.4,17.5,87,119,1652295600,1652306400,1652245200,916,77,3.1,6.8,final,127,445,8.5,3055,17.5,4.2,14.8,327,55,77,14,1313,1019,7857,,1652259600,0
131,131,10718,21.1,86,955,914,5/12/2022,6.4,17,82,119,1652407200,1652407200,1652331600,916,84,6,11.9,final,152,447,9.6,3642,17,4.1,15.2,329,55,84,14.3,1317,1011,7893,,1652353200,0
132,132,10751,20.4,63,952,916,5/13/2022,10.8,4,40,119,1652475600,1652468400,1652418000,916,205,6.9,9.3,final,314,448,13.3,7533,4,7.2,22,330,55,205,17.1,1321,1006,7929,,1652500800,0
133,133,10784,16.3,57,956,918,5/14/2022,8.4,0.5,48,119,1652562000,1652558400,1652504400,916,240,7,4.8,final,246,449,10.7,5908,0.5,5,17.2,332,55,240,13.7,1325,1011,7965,,1652526000,0
134,134,10815,19.6,53,957,920,5/15/2022,7.6,0,11,119,1652648400,1652648400,1652590800,917,268,8.4,4,final,325,451,8.5,7789,0,4.6,16.8,333,55,268,14.4,1329,1012,7999,,1652612400,0
135,135,10845,17,55,959,922,5/16/2022,6,0,49,119,1652734800,1652734800,1652677200,917,299,6.6,2.8,final,220,452,7.4,5274,0,3.6,12.8,335,56,299,12.1,1333,1014,8032,,1652698800,0
136,136,10874,17.4,63,960,924,5/17/2022,3.2,0,48,119,1652817600,1652835600,1652763600,917,128,4.9,5,final,179,453,5.9,4298,0,2.5,8.4,336,56,128,12.3,1337,1016,8065,,1652774400,0
137,137,10902,19.3,68,953,926,5/18/2022,8,1,46,119,1652896800,1652907600,1652850000,917,240,4.2,7.7,final,237,454,9.3,5683,1,4.8,17.6,337,56,240,14.1,1340,1008,8096,,1652868000,0
138,138,10928,15.6,78,944,927,5/19/2022,4,2,95,119,1653001200,1652986800,1652936400,917,206,2.8,8.1,final,101,455,8.9,2430,2,1.9,8.4,339,56,206,12,1344,999,8127,,1652950800,0
139,139,10954,11.9,77,943,929,5/20/2022,7.2,3.5,92,119,1653066000,1653087600,1653022800,917,286,4.7,4.4,final,147,456,4.1,3538,3.5,5.3,14.8,340,56,286,8.3,1347,999,8157,,1653105600,0
140,140,10978,7.4,63,962,930,5/21/2022,5.2,0,76,119,1653170400,1653163200,1653109200,917,308,2.8,-1.7,final,132,457,1.9,3180,0,3.9,10.8,341,56,308,4.9,1350,1020,8186,,1653127200,0
141,141,11001,13.3,58,968,932,5/22/2022,4,0,33,119,1653256800,1653249600,1653195600,917,269,3.9,-0.3,final,216,458,3.7,5182,0,2.8,9.2,342,56,269,8.4,1353,1025,8213,,1653217200,0
142,142,11023,17,52,968,933,5/23/2022,4.8,0,54,119,1653343200,1653318000,1653282000,917,203,7.4,1.3,final,246,459,4.4,5894,0,3.5,10.8,343,56,203,11.8,1355,1024,8240,,1653289200,0
143,143,11043,20,53,966,935,5/24/2022,3.6,0,58,119,1653433200,1653400800,1653368400,917,175,6,4.3,final,166,460,8.1,3986,0,2.6,8.8,344,57,175,14.9,1358,1021,8266,,1653382800,0
144,144,11063,14.4,65,962,936,5/25/2022,6,0,89,119,1653498000,1653498000,1653454800,917,94,2.9,5.6,final,90,461,9.6,2160,0,3.4,12,345,57,94,11.9,1360,1018,8291,,1653465600,0
145,145,11082,20.4,66,957,937,5/26/2022,2.8,0,26,120,1653606000,1653562800,1653541200,917,78,6.2,5.9,final,274,462,5.2,6573,0,1.6,6,346,57,78,12.9,1363,1012,8315,,1653555600,0
146,146,11099,25.6,54,955,938,5/27/2022,3.6,0,27,120,1653685200,1653660000,1653627600,917,206,9.3,7.2,final,330,462,9.3,7920,0,2.6,7.6,347,57,206,18.2,1366,1010,8338,,1653649200,0
147,147,11116,26.3,66,948,939,5/28/2022,4.8,2,77,120,1653775200,1653750000,1653714000,917,131,5.2,13,final,255,463,14.4,6128,2,2.8,10,348,57,131,19.8,1369,1002,8360,,1653732000,0
148,148,11134,24.4,82,943,940,5/29/2022,6.4,26,89,120,1653847200,1653847200,1653800400,917,135,5.2,16.4,final,135,464,15.2,3229,26,4.7,12,349,57,135,19.6,1373,997,8382,,1653822000,0
149,149,11151,23,88,941,941,5/30/2022,9.6,13,78,120,1653937200,1653930000,1653886800,917,146,6,16.3,final,125,465,16.3,3011,13,5.3,17.2,350,57,146,18.4,1376,994,8402,,1653951600,0
150,150,11170,15.6,86,946,942,5/31/2022,10,7,93,120,1653980400,1654012800,1653973200,917,253,2.9,9.4,final,71,465,9.6,1693,7,7.1,18,351,57,253,11.8,1378,1001,8422,,1654056000,0
151,151,11188,20,59,960,943,6/1/2022,6.4,0,67,120,1654124400,1654117200,1654059600,917,262,7.8,4.4,final,229,466,7,5499,0,3.7,13.2,352,58,262,13.9,1381,1015,8440,,1654077600,0
152,152,11205,18.5,51,955,944,6/2/2022,8.8,0,53,120,1654203600,1654203600,1654146000,917,278,6.7,3.6,final,265,467,9.6,6364,0,5.4,18,352,58,278,14.3,1384,1011,8458,,1654164000,0
153,153,11223,18.9,51,959,945,6/3/2022,5.6,0,4,120,1654297200,1654232400,1654232400,917,279,9.5,1.6,final,353,468,5.6,8473,0,4.3,10.8,353,58,279,12.1,1386,1015,8475,,1654250400,0
154,154,11239,22.6,43,957,945,6/4/2022,4,0,6,120,1654376400,1654369200,1654318800,917,249,9,2.3,final,354,468,10.4,8490,0,3.3,8.4,354,58,249,16.8,1388,1011,8490,,1654333200,0
155,155,11255,22.2,49,955,946,6/5/2022,4.8,0,44,120,1654455600,1654480800,1654405200,917,86,7.6,4.5,final,262,469,8.5,6298,0,2.5,8,354,58,86,16.2,1390,1010,8505,,1654423200,0
156,156,11270,20.7,54,956,946,6/6/2022,5.2,0,46,120,1654552800,1654524000,1654491600,917,38,9.2,5.5,final,282,470,9.6,6766,0,3.6,10.4,355,58,38,15.3,1392,1011,8519,,1654509600,0
157,157,11283,20.7,54,958,947,6/7/2022,2.4,0,89,120,1654632000,1654639200,1654578000,917,173,4.7,6.1,final,165,470,9.3,3958,0,1.4,4.4,355,58,173,16,1394,1013,8532,,1654592400,0
158,158,11296,22.2,41,959,947,6/8/2022,5.6,0,28,120,1654718400,1654700400,1654664400,917,326,9.5,2.5,final,331,471,11.5,7942,0,3.6,11.6,356,58,326,17,1396,1013,8544,,1654682400,0
159,159,11308,24.1,46,959,948,6/9/2022,3.2,0,52,120,1654808400,1654804800,1654750800,917,266,8.7,4.9,final,237,471,9.3,5699,0,2.2,7.6,356,58,266,17.9,1397,1014,8555,,1654768800,0
160,160,11319,24.8,56,956,948,6/10/2022,2.4,1.5,88,120,1654891200,1654920000,1654837200,917,148,3.4,9.1,final,119,472,12.6,2866,1.5,1.6,5.2,357,58,148,18.6,1398,1011,8564,,1654840800,0
161,161,11328,23.3,76,952,949,6/11/2022,4,9.5,86,120,1654984800,1654988400,1654923600,917,147,4.2,14.1,final,177,472,15.2,4252,9.5,2.3,7.6,357,58,147,18.6,1400,1006,8573,,1654941600,0
162,162,11337,25.6,73,952,949,6/12/2022,5.2,6,66,120,1655074800,1655060400,1655010000,917,145,8,14.7,final,318,472,14.8,7638,6,4.4,12,358,58,145,19.8,1401,1006,8581,,1655031600,0
163,163,11345,26.7,84,950,949,6/13/2022,6,5,95,120,1655157600,1655128800,1655096400,916,132,3.2,18.2,final,115,473,17,2748,5,4.2,12.4,358,58,132,21.2,1402,1004,8588,,1655110800,0
164,164,11351,29.6,76,946,949,6/14/2022,6.8,0,55,120,1655236800,1655247600,1655182800,916,176,8.3,18.7,final,316,473,19.6,7573,0,5.3,17.2,358,58,176,23.6,1402,999,8593,,1655204400,0
165,165,11356,23.7,58,950,949,6/15/2022,8.4,0,54,120,1655334000,1655337600,1655269200,916,215,8.4,10.7,final,256,473,15.6,6147,0,5.1,17.2,358,58,215,20.2,1403,1004,8598,,1655287200,0
166,166,11361,23,56,953,949,6/16/2022,9.2,0.5,49,120,1655413200,1655409600,1655355600,916,278,5.9,9.8,final,293,473,15.6,7033,0.5,7.2,19.2,358,58,278,19.2,1403,1007,8602,,1655377200,0
167,167,11364,26.3,56,964,949,6/17/2022,3.2,0,0,120,1655503200,1655488800,1655442000,916,222,9.6,10.3,final,359,473,13.7,8605,0,2.7,7.2,359,58,222,20.2,1404,1019,8605,,1655452800,0
168,168,11366,25.2,57,964,949,6/18/2022,8.4,0,49,120,1655593200,1655600400,1655528400,916,134,8.1,11.1,final,273,474,15.9,6563,0,6.5,17.6,359,58,134,20.2,1404,1018,8606,,1655546400,0
169,169,11367,37,55,957,949,6/19/2022,8,0,52,120,1655676000,1655658000,1655614800,916,184,9.5,17.2,final,314,474,20,7524,0,6.7,15.6,359,59,184,28,1404,1009,8607,,1655614800,0
170,170,11367,34.8,59,955,949,6/20/2022,6,6.5,30,120,1655758800,1655762400,1655701200,916,202,9.6,19.4,final,318,474,22.6,7627,6.5,5.1,14,359,59,202,28.7,1404,1007,8606,,1655776800,0
171,171,11366,24.8,69,958,949,6/21/2022,9.2,0,35,120,1655838000,1655841600,1655787600,916,261,8.4,14.9,final,355,474,18.1,8510,0,6,19.2,359,58,261,21.5,1404,1012,8605,,1655870400,0
172,172,11363,25.9,66,964,948,6/22/2022,4.8,0,18,120,1655935200,1655928000,1655874000,915,270,7.2,12.9,final,352,473,13,8454,0,2.9,9.2,358,58,270,20.1,1404,1018,8603,,1655892000,0
173,173,11360,32.6,51,957,948,6/23/2022,5.2,0,13,120,1656021600,1656007200,1655960400,915,207,9.6,14,final,356,473,18.1,8544,0,3.7,11.6,358,58,207,25.5,1403,1010,8599,,1655974800,0
174,174,11356,30,63,955,948,6/24/2022,5.6,0,37,120,1656100800,1656126000,1656046800,915,165,9,17.4,final,315,473,20,7556,0,4.6,13.6,358,58,165,25.2,1403,1008,8595,,1656129600,0
175,175,11350,22.6,73,957,947,6/25/2022,7.6,26.5,62,120,1656183600,1656212400,1656133200,915,258,8.9,13.9,final,306,473,15.6,7335,26.5,5.7,16,358,58,258,19.2,1402,1012,8589,,1656216000,0
176,176,11344,19.6,59,964,947,6/26/2022,9.6,0,55,119,1656288000,1656252000,1656219600,915,299,3.9,7.1,final,239,473,11.1,5726,0,6.9,19.2,358,58,299,15.4,1401,1019,8583,,1656241200,0
177,177,11336,25.6,59,966,946,6/27/2022,5.6,0,13,119,1656370800,1656363600,1656306000,915,245,8.1,9.8,final,355,472,11.5,8519,0,3.2,11.6,357,58,245,19.2,1400,1020,8575,,1656313200,0
178,178,11327,20,63,964,946,6/28/2022,4.4,0,27,119,1656432000,1656435600,1656392400,915,194,4.4,10.3,final,264,472,13.7,6330,0,2.7,9.2,357,58,194,17.6,1399,1018,8566,,1656475200,0
179,179,11317,25.2,66,960,945,6/29/2022,8,0,67,119,1656547200,1656536400,1656478800,914,132,3.5,11.1,final,153,472,10.7,3670,0,4.6,20,357,58,132,18,1398,1014,8557,,1656486000,0
180,180,11306,24.8,62,955,945,6/30/2022,6.8,0.5,28,119,1656608400,1656572400,1656565200,914,285,9.5,13.7,final,350,471,16.7,8405,0.5,5.1,14.4,356,58,285,21.6,1397,1008,8546,,1656648000,0
181,181,11294,24.1,59,960,944,7/1/2022,6.4,0,14,119,1656709200,1656698400,1656651600,914,281,9.5,9.2,final,322,471,12.2,7727,0,3.5,14.4,356,58,281,18.5,1395,1015,8535,,1656669600,0
182,182,11280,23.7,58,962,943,7/2/2022,3.6,0,2,119,1656802800,1656770400,1656738000,914,74,9.4,9.6,final,355,470,13,8522,0,2,5.6,355,58,74,18.5,1394,1017,8522,,1656756000,0
183,183,11266,23,79,961,942,7/3/2022,4.4,3,69,119,1656878400,1656878400,1656824400,914,127,6.4,15.5,final,246,469,14.4,5908,3,3.5,10.8,355,58,127,19.4,1392,1016,8509,,1656842400,0
184,184,11250,25.9,89,956,942,7/4/2022,4,22,80,119,1656979200,1656957600,1656910800,913,124,3.4,19.5,final,139,469,19.3,3327,22,2.7,8.4,354,58,124,21.4,1390,1010,8494,,1656918000,0
185,185,11233,22.6,90,959,941,7/5/2022,4,3,68,119,1657047600,1657062000,1656997200,913,47,2.9,18.6,final,98,468,18.5,2349,3,3,8.8,353,58,47,20.4,1388,1013,8478,,1657080000,0
186,186,11215,25.6,77,962,940,7/6/2022,3.6,0,72,119,1657144800,1657087200,1657083600,913,121,7.5,15.8,final,202,467,15.2,4857,0,2.8,7.6,353,58,121,20.2,1386,1017,8462,,1657101600,0
187,187,11196,25.9,74,962,939,7/7/2022,4,0.5,63,119,1657216800,1657231200,1657170000,913,124,3.7,16.8,final,171,466,17.8,4097,0.5,2.7,7.6,352,58,124,21.8,1384,1016,8444,,1657191600,0
188,188,11175,25.2,67,966,938,7/8/2022,4,0,34,119,1657324800,1657339200,1657256400,913,75,8.3,13.9,final,305,466,15.6,7310,0,3.3,9.2,351,58,75,20.7,1381,1021,8426,,1657274400,0
189,189,11153,27.4,68,966,937,7/9/2022,4.8,0,31,119,1657404000,1657404000,1657342800,912,167,4.5,15.4,final,243,465,14.8,5822,0,3.6,10.8,350,57,167,21.8,1379,1020,8406,,1657364400,0
190,190,11131,25.9,81,957,935,7/10/2022,5.6,2,65,119,1657490400,1657472400,1657429200,912,210,3.1,19.5,final,126,464,20.7,3029,2,3.4,10.4,349,57,210,23,1376,1011,8386,,1657468800,0
191,191,11106,22.2,79,955,934,7/11/2022,7.2,8,56,119,1657562400,1657562400,1657515600,912,299,4.9,15.9,final,268,463,17.4,6442,8,4.5,18.4,349,57,299,19.9,1373,1009,8365,,1657598400,0
192,192,11081,25.9,73,958,933,7/12/2022,4.8,3,20,119,1657659600,1657663200,1657602000,912,299,7.8,14.6,final,337,462,15.6,8079,3,3.7,13.2,348,57,299,19.9,1370,1012,8342,,1657620000,0
193,193,11055,23.3,75,963,932,7/13/2022,2.8,0,30,119,1657753200,1657749600,1657688400,912,123,5.2,14,final,249,461,13,5978,0,1.8,6,347,57,123,18.9,1367,1018,8319,,1657699200,0
194,194,11027,23.7,74,963,930,7/14/2022,4.8,0.5,71,119,1657828800,1657814400,1657774800,911,134,7.3,14.5,final,186,459,14.8,4473,0.5,3.5,10.4,346,57,134,19.4,1363,1018,8295,,1657796400,0
195,195,10998,28.9,72,962,929,7/15/2022,3.2,6,31,119,1657918800,1657926000,1657861200,911,131,9.1,17.3,final,344,458,16.7,8258,6,1.8,6.4,345,57,131,23,1360,1016,8270,,1657879200,0
196,196,10968,26.7,75,961,928,7/16/2022,2.4,0,78,119,1657987200,1658005200,1657947600,911,168,6.3,18.1,final,206,457,18.9,4940,0,1.8,6,344,57,168,23,1356,1015,8244,,1657969200,0
197,197,10938,29.6,78,959,926,7/17/2022,4,0,33,119,1658088000,1658088000,1658034000,911,203,7.7,19.5,final,321,456,17,7702,0,2.8,8.8,342,56,203,24,1352,1012,8218,,1658052000,0
198,198,10907,32.6,69,955,925,7/18/2022,6,0,36,118,1658174400,1658192400,1658120400,910,203,8.7,20.3,final,322,454,21.9,7739,0,4.1,12,341,56,203,27,1348,1007,8190,,1658138400,0
199,199,10875,28.1,61,945,923,7/19/2022,8.8,0.5,69,118,1658260800,1658264400,1658206800,910,222,7.9,15.9,final,250,453,18.5,6003,0.5,5.8,17.6,340,56,222,24.1,1344,998,8162,,1658282400,0
200,200,10844,28.5,70,950,921,7/20/2022,8,2,33,118,1658354400,1658304000,1658293200,910,305,9,16.5,final,335,452,17.8,8028,2,5.9,16,339,56,305,23,1339,1003,8133,,1658293200,0
201,201,10813,26.3,60,955,920,7/21/2022,6.4,0.5,15,118,1658437200,1658433600,1658379600,910,285,8.2,13.3,final,333,451,15.9,7989,0.5,4.7,13.6,338,56,285,21.7,1335,1009,8103,,1658394000,0
202,202,10784,29.6,60,956,918,7/22/2022,5.2,0,13,118,1658516400,1658520000,1658466000,909,249,8.1,14.6,final,331,449,17.4,7948,0,3.5,11.2,336,55,249,23.7,1330,1009,8072,,1658484000,0
203,203,10755,24.8,73,955,916,7/23/2022,5.6,5.5,65,118,1658602800,1658613600,1658552400,909,214,4.3,15.8,final,185,448,18.1,4446,5.5,3.3,11.2,335,55,214,21,1324,1009,8041,,1658574000,0
204,204,10727,20.7,69,960,914,7/24/2022,6.4,0,33,118,1658700000,1658682000,1658638800,909,320,5.5,11.4,final,284,447,14.1,6805,0,4.8,13.2,334,55,320,17.4,1320,1015,8009,,1658721600,0
205,205,10699,23.7,67,962,912,7/25/2022,3.6,0,14,118,1658779200,1658782800,1658725200,908,253,8.7,10.3,final,322,446,9.6,7740,0,2.2,8,332,55,253,17.2,1316,1017,7977,,1658743200,0
206,206,10672,22.2,83,957,910,7/26/2022,5.6,7,63,118,1658876400,1658876400,1658811600,908,253,4,16.3,final,166,445,16.7,3979,7,3.9,10.8,331,55,253,19.3,1311,1011,7943,,1658894400,0
207,207,10645,21.9,69,956,908,7/27/2022,6.4,0,24,118,1658955600,1658959200,1658898000,908,289,6.4,11.5,final,319,444,13.7,7646,0,4.5,14.4,330,54,289,17.7,1307,1010,7909,,1658912400,0
208,208,10621,20.4,76,960,906,7/28/2022,6.4,0,48,118,1659049200,1659049200,1658984400,907,312,5.8,11.6,final,274,443,11.9,6587,0,5,13.6,328,54,312,16.2,1303,1015,7874,,1659002400,0
209,209,10597,25.2,71,963,904,7/29/2022,3.6,0,32,118,1659128400,1659114000,1659070800,907,289,6,12.1,final,244,442,10.7,5849,0,2.5,8.8,327,54,289,18.4,1298,1018,7839,,1659088800,0
210,210,10574,28.9,66,961,902,7/30/2022,5.2,0,14,117,1659222000,1659218400,1659157200,907,193,8.3,14.8,final,319,441,14.8,7656,0,3.8,10.8,325,54,193,22,1293,1015,7803,,1659178800,0
211,211,10551,25.9,70,955,899,7/31/2022,6,2.5,64,117,1659290400,1659294000,1659243600,906,242,5.4,16,final,251,440,18.5,6024,2.5,4.9,12,324,54,242,21.8,1290,1009,7766,,1659272400,0
212,212,10526,24.1,66,958,897,8/1/2022,5.2,0,40,117,1659394800,1659330000,1659330000,906,272,7.6,12.4,final,308,439,13.7,7395,0,2.5,10,322,54,272,19.4,1287,1012,7728,,1659351600,0
213,213,10501,28.9,73,951,895,8/2/2022,6.8,0,72,117,1659474000,1659456000,1659416400,906,176,2.9,17.3,final,117,438,15.9,2810,0,4.4,11.2,320,53,176,22.5,1283,1005,7689,,1659434400,0
214,214,10475,24.8,66,954,892,8/3/2022,7.2,0,61,117,1659502800,1659531600,1659502800,905,304,2.7,13.3,final,121,436,13.7,2907,0,5.1,15.6,319,53,304,20,1280,1008,7650,,1659585600,0
215,215,10448,26.7,66,961,890,8/4/2022,5.6,0,0,117,1659643200,1659654000,1659589200,905,182,8.4,12.7,final,317,435,12.2,7610,0,3.4,11.6,317,53,182,20,1276,1015,7610,,1659610800,0
216,216,10419,31.9,60,957,887,8/5/2022,7.6,0,46,117,1659729600,1659729600,1659675600,904,193,7.9,16,final,264,434,18.5,6328,0,6,16,315,53,193,24.9,1272,1010,7569,,1659697200,0
217,217,10390,23.7,74,961,884,8/6/2022,5.2,10.5,77,117,1659762000,1659808800,1659762000,904,246,5.9,14.6,final,245,433,15.9,5884,10.5,3.5,10.4,314,53,246,19.5,1268,1016,7527,,1659844800,0
218,218,10360,19.3,77,964,882,8/7/2022,3.2,1.5,67,117,1659906000,1659898800,1659848400,904,60,4.2,12,final,168,432,13,4034,1.5,2.3,7.6,312,53,60,16.2,1264,1019,7484,,1659870000,0
219,219,10329,24.4,72,963,879,8/8/2022,3.6,0,4,117,1659996000,1659999600,1659934800,903,273,8.2,11.8,final,309,430,10,7418,0,2,6.8,310,52,273,17.5,1260,1018,7441,,1659956400,0
220,220,10297,28.5,66,963,876,8/9/2022,4.8,0,5,116,1660078800,1660064400,1660021200,903,241,8.2,14.6,final,307,429,14.8,7378,0,3.8,10.4,308,52,241,21.8,1256,1017,7396,,1660039200,0
221,221,10263,25.6,60,967,873,8/10/2022,3.2,0,31,116,1660165200,1660172400,1660107600,902,100,7.5,11.7,final,260,428,13.3,6234,0,2.6,6.8,306,52,100,20.2,1251,1022,7351,,1660129200,0
222,222,10229,24.4,62,968,870,8/11/2022,3.6,0.5,59,116,1660248000,1660244400,1660194000,902,105,4.9,10.7,final,187,426,12.6,4486,0.5,2.9,8.4,304,52,105,18.9,1247,1023,7306,,1660215600,0
223,223,10193,21.9,82,962,867,8/12/2022,7.2,4.8,94,116,1660280400,1660309200,1660280400,901,120,2.5,14.9,final,97,425,14.8,2331,4.8,4.6,14.8,302,52,120,18,1242,1017,7259,,1660302000,0
224,224,10155,22.6,81,962,864,8/13/2022,3.6,0,57,116,1660431600,1660413600,1660366800,901,63,5,14.4,final,191,423,14.4,4596,0,2.6,8,300,52,63,18,1237,1017,7212,,1660449600,0
225,225,10117,24.4,79,962,861,8/14/2022,3.2,0,44,116,1660510800,1660521600,1660453200,900,191,5.5,14.1,final,245,422,11.9,5869,0,2,7.6,298,51,191,18.2,1233,1017,7164,,1660474800,0
226,226,10077,25.2,75,963,858,8/15/2022,4,0,53,116,1660600800,1660600800,1660539600,900,169,3.3,15.2,final,148,420,15.2,3558,0,3.1,8,296,51,169,20.1,1227,1017,7115,,1660561200,0
227,227,10036,26.7,74,964,855,8/16/2022,5.2,6,76,115,1660676400,1660676400,1660626000,899,204,6.4,15.9,final,246,418,17,5908,6,4.1,12,294,51,204,21.1,1222,1018,7066,,1660636800,0
228,228,9993,26.3,76,963,851,8/17/2022,3.6,0,48,115,1660762800,1660773600,1660712400,899,210,5.7,16.6,final,269,416,17.4,6461,0,2.7,8.8,292,51,210,21.2,1217,1018,7016,,1660726800,0
229,229,9948,21.1,89,957,848,8/18/2022,3.6,23.8,97,115,1660849200,1660856400,1660798800,898,264,2.5,16.7,final,71,415,16.3,1715,23.8,2.3,8,290,50,264,18.6,1211,1011,6965,,1660824000,0
230,230,9902,21.5,88,955,845,8/19/2022,5.6,9.5,96,115,1660950000,1660939200,1660885200,897,93,2.6,16.6,final,73,413,15.9,1746,9.5,3.8,10.8,288,50,93,18.6,1206,1009,6914,,1660888800,0
231,231,9854,24.1,82,962,841,8/20/2022,4,0,51,115,1661032800,1661018400,1660971600,897,29,4.5,15.5,final,179,411,15.2,4292,0,2.5,8.8,286,50,29,19.1,1200,1017,6862,,1661054400,0
232,232,9805,25.6,70,964,837,8/21/2022,2,0,23,115,1661115600,1661112000,1661058000,896,225,5.5,13.5,final,264,409,14.1,6342,0,1.5,5.2,284,50,225,19.6,1194,1018,6809,,1661079600,0
233,233,9754,26.3,71,963,834,8/22/2022,2.8,0,66,115,1661205600,1661198400,1661144400,896,203,2.5,14,final,119,406,13.3,2860,0,2,5.2,282,49,203,19.9,1188,1018,6756,,1661166000,0
234,234,9701,26.3,70,961,830,8/23/2022,2.8,0,12,114,1661288400,1661288400,1661230800,895,163,7.4,14.4,final,279,404,14.1,6703,0,2,6.4,279,49,163,20.7,1181,1015,6703,,1661252400,0
235,235,9647,21.9,85,961,826,8/24/2022,4.8,0,91,114,1661367600,1661374800,1661317200,894,126,2.5,16.3,final,112,402,16.3,2679,0,2.8,10.4,277,49,126,19,1175,1016,6649,,1661338800,0
236,236,9592,22.6,79,965,822,8/25/2022,3.2,0,62,114,1661461200,1661407200,1661403600,894,170,3.4,13.5,final,187,400,13.7,4497,0,2.4,6,275,49,170,17.5,1168,1020,6594,,1661486400,0
237,237,9535,24.8,74,962,819,8/26/2022,4,1.5,61,114,1661544000,1661547600,1661490000,893,209,2.3,12.9,final,99,397,11.5,2378,1.5,1.9,7.2,272,48,209,18,1161,1017,6540,,1661511600,0
238,238,9479,25.9,79,952,815,8/27/2022,6,3.8,64,114,1661637600,1661587200,1661576400,892,176,6.7,16.8,final,202,395,16.3,4856,3.8,5.1,12.4,270,48,176,20.8,1154,1006,6484,,1661594400,0
239,239,9425,24.4,86,948,811,8/28/2022,6.4,0.8,69,113,1661720400,1661695200,1661662800,891,197,3.8,17.9,final,122,393,17.4,2931,0.8,4.3,13.2,268,48,197,20.5,1146,1002,6429,,1661745600,0
240,240,9374,21.1,77,952,806,8/29/2022,7.6,0,56,113,1661814000,1661799600,1661749200,891,277,3.4,13.6,final,120,391,14.8,2880,0,5.7,16.8,266,47,277,17.8,1138,1006,6374,,1661832000,0
241,241,9330,25.6,67,961,802,8/30/2022,6.4,0,5,113,1661896800,1661886000,1661835600,890,291,6.9,12,final,257,389,11.9,6171,0,4,12.8,263,47,291,18.8,1130,1016,6318,,1661857200,0
242,242,9288,28.5,67,961,798,8/31/2022,2.4,0,0,113,1661979600,1661972400,1661922000,889,274,6.8,14.1,final,261,387,14.1,6263,0,1.9,6.8,261,47,274,21.3,1123,1015,6263,,1661940000,0
243,243,9245,29.3,65,957,794,9/1/2022,5.2,0,1,113,1662066000,1662066000,1662008400,888,200,6.8,15,final,259,385,15.2,6207,0,3.1,8.8,259,47,200,22.7,1118,1011,6207,,1662030000,0
244,244,9200,23,63,957,789,9/2/2022,6,0.3,40,112,1662134400,1662141600,1662094800,887,294,4.7,13.2,final,223,383,14.1,5352,0.3,4.8,12.4,256,46,294,20.7,1112,1011,6150,,1662177600,0
245,245,9155,20.7,72,969,785,9/3/2022,3.6,0,15,112,1662238800,1662181200,1662181200,886,97,6.4,9.4,final,243,381,8.5,5838,0,2.2,6.8,254,46,97,14.8,1106,1024,6093,,1662202800,0
246,246,9108,21.9,69,967,780,9/4/2022,4,0,0,112,1662328800,1662328800,1662267600,885,135,6.6,8.8,final,251,379,8.1,6036,0,3.1,9.2,251,46,135,15,1100,1022,6036,,1662289200,0
247,247,9059,23.7,72,962,776,9/5/2022,6,0,39,112,1662408000,1662404400,1662354000,885,152,5.1,11.9,final,220,377,11.1,5280,0,4.8,12,249,46,152,17.3,1094,1017,5978,,1662375600,0
248,248,9010,27,78,963,771,9/6/2022,4.8,0,4,112,1662498000,1662465600,1662440400,884,205,5.7,15.9,final,245,375,15.2,5875,0,3.3,9.2,247,45,205,20.1,1087,1018,5920,,1662458400,0
249,249,8960,27.4,66,965,767,9/7/2022,5.2,0,4,111,1662588000,1662588000,1662526800,883,108,6.4,13,final,244,373,11.9,5846,0,3.1,10,244,45,108,20.3,1081,1020,5861,,1662548400,0
250,250,8908,26.7,73,952,762,9/8/2022,7.2,1,53,111,1662660000,1662649200,1662613200,882,241,4.3,16.8,final,168,371,18.1,4030,1,5.5,12.4,242,45,241,22,1074,1006,5803,,1662696000,0
251,251,8856,18.5,75,958,757,9/9/2022,4.8,6.8,79,111,1662750000,1662706800,1662699600,881,317,3.2,10.9,final,115,369,11.9,2759,6.8,3.4,9.6,239,44,317,15.6,1067,1013,5743,,1662782400,0
252,252,8804,19.3,68,964,752,9/10/2022,4.8,0,15,111,1662840000,1662840000,1662786000,880,277,5.3,6.6,final,227,367,7.4,5445,0,2.7,10.4,237,44,277,13.2,1060,1020,5684,,1662804000,0
253,253,8752,20.7,64,965,747,9/11/2022,2.4,0,1,110,1662930000,1662930000,1662872400,878,275,6.1,6.4,final,234,365,5.2,5624,0,1.7,6.4,234,44,275,14,1053,1021,5624,,1662894000,0
254,254,8701,25.2,63,959,742,9/12/2022,2.8,0,6,110,1663012800,1663012800,1662958800,877,232,5.4,7.7,final,231,363,7.8,5533,0,2.3,6.4,232,44,232,16,1045,1014,5565,,1662980400,0
255,255,8652,22.6,70,958,737,9/13/2022,3.6,0,36,110,1663095600,1663110000,1663045200,876,135,4.5,10.1,final,188,360,8.9,4522,0,2.6,6.8,229,43,135,15.8,1037,1013,5505,,1663063200,0
256,256,8605,21.1,76,962,732,9/14/2022,6.4,0,67,110,1663189200,1663196400,1663131600,875,105,2.4,11.1,final,94,359,10,2252,0,5.1,13.6,227,43,105,15.7,1030,1017,5445,,1663153200,0
257,257,8559,25.9,71,957,727,9/15/2022,6.4,5,98,109,1663275600,1663232400,1663218000,874,173,1.9,15.1,final,61,357,17.4,1454,5,4.6,12.4,224,43,173,20.8,1022,1011,5385,,1663218000,0
258,258,8512,19.3,93,957,722,9/16/2022,3.6,0,99,109,1663362000,1663304400,1663304400,873,186,1.9,16,final,47,355,15.6,1121,0,2.7,8,222,42,186,17.3,1016,1011,5325,,1663387200,0
259,259,8463,21.1,89,954,717,9/17/2022,2.8,0.3,89,109,1663448400,1663462800,1663390800,871,191,3.2,14.3,final,110,353,12.6,2646,0.3,1.6,10,219,42,191,16.2,1010,1009,5264,,1663405200,0
260,260,8412,21.1,82,957,712,9/18/2022,4.4,0,65,109,1663531200,1663534800,1663477200,870,273,2.9,12.7,final,131,350,12.6,3139,0,3,8.8,217,42,273,16,1003,1011,5204,,1663502400,0
261,261,8359,24.4,71,957,706,9/19/2022,6,1.3,47,108,1663621200,1663624800,1663563600,869,198,3.3,12.2,final,149,348,11.9,3568,1.3,4.1,12,214,42,198,18.1,997,1012,5143,,1663585200,0
262,262,8305,26.3,68,955,701,9/20/2022,6,0,14,108,1663700400,1663707600,1663650000,868,287,5.1,13,final,208,346,14.4,4981,0,3.6,11.6,212,41,287,19.4,990,1009,5082,,1663671600,0
263,263,8250,13.7,73,962,695,9/21/2022,7.2,0.8,43,108,1663783200,1663783200,1663736400,866,307,3.3,6.7,final,153,344,8.5,3665,0.8,5.7,15.2,209,41,307,11.4,983,1018,5021,,1663819200,0
264,264,8192,14.1,73,968,690,9/22/2022,4,0,53,107,1663884000,1663876800,1663822800,865,190,4.5,4.2,final,146,341,4.4,3508,0,2.6,8.8,207,41,190,9.1,976,1025,4960,,1663840800,0
265,265,8133,11.9,85,958,685,9/23/2022,6.8,5.5,93,107,1663952400,1663952400,1663909200,863,163,1.6,7.6,final,44,339,8.1,1060,5.5,5.1,13.6,204,40,163,10.1,969,1014,4899,,1663912800,0
266,266,8073,13.7,97,953,679,9/24/2022,4,0,92,107,1664060400,1664053200,1663995600,862,245,1.6,10.7,final,26,336,9.6,615,0,3,8.8,202,40,245,11.2,961,1009,4838,,1663995600,0
267,267,8013,17,67,958,673,9/25/2022,8.4,0,15,106,1664136000,1664139600,1664082000,860,313,4.5,5.2,final,198,334,8.5,4742,0,6.2,17.6,199,40,313,12.1,953,1014,4777,,1664107200,0
268,268,7952,15.9,66,962,668,9/26/2022,5.2,0,58,106,1664226000,1664226000,1664168400,859,315,4.6,3.1,final,144,331,5.2,3459,0,4.1,11.2,196,39,315,9.6,945,1018,4716,,1664179200,0
269,269,7893,13.7,71,969,662,9/27/2022,3.6,0,15,106,1664312400,1664290800,1664254800,857,65,4.9,1.2,final,194,329,1.5,4649,0,2.7,8.4,194,39,65,7,937,1026,4655,,1664337600,0
270,270,7839,16.3,63,973,656,9/28/2022,4.8,0,69,105,1664398800,1664388000,1664341200,856,150,1.6,0,final,78,327,-0.4,1882,0,3.5,10,191,39,150,7.9,929,1030,4595,,1664362800,0
271,271,7792,19.3,51,966,651,9/29/2022,6.4,0.5,34,105,1664488800,1664478000,1664427600,854,169,3.4,2.6,final,142,325,7,3420,0.5,5.4,13.2,189,38,169,12.7,920,1022,4536,,1664442000,0
272,272,7749,21.1,59,963,645,9/30/2022,4.8,0,32,105,1664568000,1664564400,1664514000,853,153,3.7,6.3,final,162,323,8.5,3877,0,3.6,9.2,187,38,153,14.6,913,1019,4477,,1664539200,0
273,273,7705,18.5,68,967,639,10/1/2022,4.8,10.5,66,104,1664654400,1664650800,1664600400,851,125,3.5,8.4,final,175,321,10.4,4192,10.5,3.4,10.4,184,38,125,14.5,907,1023,4418,,1664614800,0
274,274,7661,20.4,78,969,633,10/2/2022,5.2,0.3,91,104,1664751600,1664737200,1664686800,849,142,1.4,9.6,final,60,319,9.3,1448,0.3,4.5,10.8,182,38,142,13.8,901,1025,4358,,1664704800,0
275,275,7615,21.9,60,965,628,10/3/2022,4.8,0,98,104,1664830800,1664809200,1664773200,848,177,1.6,8.4,final,55,317,13.3,1309,0,3.9,10.4,179,37,177,16.5,895,1020,4299,,1664798400,0
276,276,7568,20.7,71,962,622,10/4/2022,4.4,0,99,103,1664917200,1664906400,1664859600,846,199,1.4,11.3,final,50,315,14.1,1201,0,3.2,9.2,177,37,199,16.7,888,1017,4240,,1664888400,0
277,277,7519,21.9,77,960,616,10/5/2022,6,0.3,48,103,1664996400,1665025200,1664946000,844,296,4,11.2,final,170,313,10.4,4077,0.3,3.1,12,174,37,296,15.7,882,1016,4181,,1664971200,0
278,278,7470,11.5,66,971,610,10/6/2022,7.2,0,95,103,1665032400,1665050400,1665032400,842,113,1.4,0.1,final,44,311,2.2,1060,0,5.8,14.4,172,36,113,6,876,1029,4122,,1665115200,0
279,279,7419,6.7,70,975,604,10/7/2022,4.4,0,52,102,1665176400,1665176400,1665118800,840,201,3.5,-2.9,final,149,309,-1.1,3565,0,2.9,9.2,169,36,201,2.5,869,1034,4063,,1665201600,0
280,280,7367,15.9,61,964,598,10/8/2022,5.2,0,39,102,1665255600,1665259200,1665205200,838,273,1.7,0.3,final,76,307,1.5,1833,0,4,10.8,167,36,273,7.6,863,1021,4004,,1665216000,0
281,281,7314,15.6,71,962,592,10/9/2022,4,0.3,43,102,1665345600,1665320400,1665291600,836,123,3.8,3.2,final,139,305,2.6,3325,0.3,2.4,8.8,164,36,123,8.5,856,1019,3946,,1665298800,0
282,282,7259,18.1,68,960,586,10/10/2022,4.8,0,0,101,1665435600,1665424800,1665378000,835,154,4.1,2.7,final,162,302,0,3887,0,3,8.8,162,35,154,9.2,849,1017,3887,,1665403200,0
283,283,7203,24.4,49,946,580,10/11/2022,7.6,0,26,101,1665522000,1665540000,1665464400,833,211,3.8,5.3,final,156,300,10.7,3756,0,6,13.6,160,35,211,16.3,842,1001,3829,,1665471600,0
284,284,7146,10,67,947,574,10/12/2022,7.2,0.5,83,100,1665550800,1665622800,1665550800,831,291,1.5,0.8,final,69,298,2.2,1652,0.5,5.5,16,157,35,291,6.6,835,1003,3771,,1665576000,0
285,285,7087,3,71,949,568,10/13/2022,6.8,0,93,100,1665676800,1665680400,1665637200,829,299,1.2,-3.2,final,44,295,0,1051,0,5.4,14.4,155,35,299,1.5,828,1006,3714,,1665712800,0
286,286,7027,4.4,91,945,562,10/14/2022,5.2,0,91,100,1665781200,1665781200,1665723600,826,301,1.4,0,final,51,293,-0.4,1236,0,4.1,12.4,152,34,301,1.4,821,1003,3656,7,1665806400,0
287,287,6966,7.4,75,952,556,10/15/2022,6.8,0,95,99,1665867600,1665856800,1665810000,824,280,1.2,0,final,39,290,-0.7,944,0,5.2,14.8,150,34,280,4,814,1009,3599,2,1665810000,0
288,288,6903,4.4,67,963,551,10/16/2022,7.6,0,90,99,1665896400,1665964800,1665896400,822,326,1.2,-3.8,final,41,288,-3,976,0,6.6,15.6,148,34,326,1.7,806,1021,3542,,1665979200,0
289,289,6839,-0.7,59,969,545,10/17/2022,6.8,0,63,98,1666040400,1666029600,1665982800,820,210,1.2,-10.6,final,40,285,-6.3,971,0,5.5,12.8,145,33,210,-3.7,799,1029,3486,,1666004400,0
290,290,6773,3.7,65,971,539,10/18/2022,4,0,6,98,1666126800,1666108800,1666069200,818,272,3.7,-9.8,final,140,282,-9.3,3357,0,3.1,8.8,143,33,272,-3.8,791,1031,3430,,1666090800,0
291,291,6706,11.1,53,961,533,10/19/2022,3.2,0,62,98,1666213200,1666209600,1666155600,816,268,3.6,-8,final,112,279,-6.3,2685,0,2.1,6,141,33,268,1.7,783,1019,3375,,1666166400,0
292,292,6638,13.3,57,949,527,10/20/2022,4.8,0,66,97,1666299600,1666303200,1666242000,813,266,1.1,-1.9,final,37,277,-1.5,879,0,3.3,8.8,138,32,266,6.2,775,1006,3320,,1666260000,0
293,293,6569,15.6,58,944,521,10/21/2022,6.4,0,52,97,1666378800,1666378800,1666328400,811,258,3,1.9,final,125,274,7,3002,0,3.9,11.6,136,32,258,10.3,767,1000,3266,,1666357200,0
294,294,6500,14.8,58,945,515,10/22/2022,5.2,0,88,96,1666468800,1666472400,1666414800,809,115,1.4,2.3,final,41,271,6.7,993,0,3.8,10.4,134,32,115,10.4,759,1000,3213,,1666429200,0
295,295,6430,21.1,70,944,509,10/23/2022,7.2,4.8,40,96,1666555200,1666555200,1666501200,807,128,3.4,8.3,final,125,268,7,3007,4.8,5.2,16.4,132,31,128,14,751,998,3160,,1666512000,0
296,296,6361,15.6,74,942,504,10/24/2022,9.2,1.8,76,96,1666587600,1666634400,1666587600,804,199,1.2,5.8,final,44,265,4.4,1064,1.8,7,18.4,129,31,199,10.3,742,997,3108,,1666670400,0
297,297,6293,6.3,77,951,498,10/25/2022,5.6,0,94,95,1666735200,1666702800,1666674000,802,284,1.2,-0.6,final,38,262,0.7,917,0,4.3,11.6,127,31,284,3.1,733,1008,3057,,1666699200,0
298,298,6228,7,71,959,492,10/26/2022,3.6,0,26,95,1666814400,1666767600,1666760400,799,254,2.1,-2.4,final,95,259,-1.9,2278,0,2.6,7.6,125,30,254,2.5,725,1017,3006,,1666839600,0
299,299,6167,9.3,79,963,486,10/27/2022,6,0,84,94,1666893600,1666908000,1666846800,797,179,1.9,1.6,final,80,257,-0.7,1912,0,4.4,12.4,123,30,179,5,715,1020,2957,,1666850400,0
300,300,6111,14.8,70,965,481,10/28/2022,6,0,40,94,1666987200,1666987200,1666933200,795,206,3.2,3.6,final,121,255,4.1,2906,0,4.9,12.4,121,29,206,9.2,706,1021,2908,,1666962000,0
301,301,6057,15.9,75,961,475,10/29/2022,4.8,0,90,94,1667077200,1667080800,1667019600,792,223,1.2,4.5,final,49,252,5.2,1187,0,3.4,8.4,119,29,223,9.2,699,1018,2861,,1667044800,0
302,302,6005,15.6,66,958,470,10/30/2022,2.8,0,39,93,1667160000,1667167200,1667106000,790,290,2.4,-0.7,final,97,250,-0.4,2320,0,2,4.8,117,29,290,6.1,692,1015,2814,,1667131200,0
303,303,5957,16.7,53,952,464,10/31/2022,4.4,0,49,93,1667246400,1667239200,1667192400,787,222,1.7,-2,final,56,248,1.5,1354,0,3.4,9.6,115,29,222,7.7,684,1009,2768,,1667203200,0
304,304,5913,20.4,52,956,459,11/1/2022,4.8,0,49,92,1667332800,1667354400,1667278800,785,174,1.7,-0.2,final,65,246,1.1,1566,0,2.7,8.8,113,28,174,10.2,677,1012,2723,,1667304000,0
305,305,5873,20.4,53,953,453,11/2/2022,7.6,0,90,92,1667415600,1667419200,1667365200,782,176,1.1,5.5,final,39,245,9.6,926,0,6.3,15.6,112,28,176,15.1,670,1007,2679,,1667376000,0
306,306,5832,14.4,77,952,448,11/3/2022,5.2,0,63,91,1667451600,1667502000,1667451600,780,294,1.2,3.9,final,42,243,1.5,1018,0,3.7,10.8,110,28,294,7.7,665,1008,2636,,1667534400,0
307,307,5792,3.3,63,956,443,11/4/2022,4.8,0,47,91,1667592000,1667541600,1667538000,777,272,2.9,-6.7,final,100,241,-3.3,2404,0,3,10,108,27,272,-0.4,659,1014,2594,0,1667620800,0
308,308,5751,5.2,84,944,437,11/5/2022,4,0,38,91,1667682000,1667707200,1667624400,775,127,2.5,-3.7,final,96,240,-7.4,2313,0,2.7,8,106,27,127,-1.2,654,1002,2551,,1667646000,0
309,309,5709,3,65,947,432,11/6/2022,10.8,0,70,90,1667754000,1667775600,1667710800,772,239,1.2,-4.9,final,48,228,-3.3,1206,0,7.3,22.4,100,26,239,1,649,1004,2510,,1667797200,0
310,310,5668,0,75,974,427,11/7/2022,6.8,0,82,90,1667883600,1667804400,1667800800,769,180,1.3,-6.3,final,34,236,-5.9,804,0,3.7,14,103,27,180,-2.5,644,1034,2469,,1667826000,0
311,311,5626,5.9,78,969,422,11/8/2022,7.6,0,99,89,1667970000,1667919600,1667887200,767,149,0.9,-0.7,final,23,234,0.4,562,0,6,14,101,27,149,2.9,639,1027,2429,,1667887200,0
312,312,5584,5.9,97,959,417,11/9/2022,5.6,1.3,98,89,1668009600,1668052800,1667973600,764,76,0.9,2.7,final,10,233,1.1,250,1.3,3.7,11.2,100,26,76,3.2,634,1016,2390,,1668056400,2
313,313,5542,1.1,99,952,412,11/10/2022,8.4,10,100,89,1668121200,1668099600,1668060000,762,89,0.9,-0.4,final,10,231,-2.6,235,10,5.8,16,98,26,89,-0.2,629,1010,2351,,1668135600,78.8
314,314,5499,-3.3,86,959,407,11/11/2022,6.8,0,99,88,1668153600,1668178800,1668146400,759,327,0.8,-6.4,final,24,229,-6.7,581,0,5.8,13.2,96,26,327,-4.5,624,1018,2313,16,1668214800,0
315,315,5456,-5.2,77,967,403,11/12/2022,4.8,0,96,88,1668283200,1668232800,1668232800,757,152,0.8,-9,final,24,227,-6.7,576,0,2.8,8.8,95,26,152,-5.5,619,1027,2276,24,1668250800,0
316,316,5414,-3.7,71,968,398,11/13/2022,2.8,0,97,87,1668380400,1668358800,1668319200,754,144,0.8,-9.3,final,24,226,-6.7,564,0,2,6.4,93,26,144,-4.8,614,1028,2240,32,1668319200,0
317,317,5371,-3.3,79,966,394,11/14/2022,4,0,98,87,1668459600,1668448800,1668405600,752,117,0.8,-7.7,final,23,224,-5.6,548,0,2.9,7.6,92,25,117,-4.7,609,1026,2204,29,1668423600,0
318,318,5328,-1.5,91,967,389,11/15/2022,3.2,0,99,87,1668546000,1668556800,1668492000,749,34,0.8,-4.4,final,17,222,-4.8,402,0,2.4,6,90,25,34,-3.1,604,1026,2169,29,1668517200,0
319,319,5285,-3,87,965,385,11/16/2022,4,0,98,86,1668578400,1668614400,1668578400,747,286,0.9,-8.4,final,25,220,-7.8,609,0,3.4,8.4,89,25,286,-6.6,599,1025,2135,66,1668650400,0
320,320,5243,-5.6,86,961,380,11/17/2022,6.4,0,100,86,1668704400,1668718800,1668664800,744,318,0.8,-9.5,final,20,218,-9.6,471,0,4.7,12.8,88,25,318,-7.5,594,1021,2102,62,1668736800,0
321,321,5200,-8.9,79,958,376,11/18/2022,7.6,0,99,85,1668751200,1668762000,1668751200,742,273,0.8,-14.3,final,24,217,-14.1,580,0,5.5,15.6,86,25,273,-11.4,589,1019,2069,63,1668783600,0
322,322,5158,-8.9,75,960,372,11/19/2022,7.2,0,82,85,1668841200,1668855600,1668837600,739,296,1.2,-16.9,final,29,215,-16.3,705,0,5.3,14,85,24,296,-13.3,584,1021,2038,62,1668906000,0
323,323,5115,-4.8,81,956,368,11/20/2022,4.8,0,54,85,1668974400,1668938400,1668924000,737,220,2.2,-11.1,final,82,213,-12.2,1966,0,3.8,8.8,84,24,220,-8.4,579,1016,2007,59,1668924000,0
324,324,5074,-4.4,80,962,364,11/21/2022,5.2,0,64,84,1669057200,1669028400,1669010400,735,291,1,-10.2,final,22,211,-10,525,0,3.4,9.6,82,24,291,-7.4,575,1022,1978,57,1669032000,0
327,327,4950,3,82,961,353,11/24/2022,4.4,0,31,83,1669320000,1669320000,1669269600,728,284,2.5,-5,final,77,206,-6.3,1841,0,3.8,8.4,79,23,284,-2.3,561,1020,1894,52,1669284000,0
328,328,4910,4.8,79,959,350,11/25/2022,5.6,0,4,83,1669406400,1669417200,1669356000,726,234,2.4,-3.6,final,78,205,-5.9,1868,0,4.4,10.8,78,23,234,-0.2,557,1017,1868,49,1669377600,0
329,329,4871,4.4,77,951,347,11/26/2022,6,0,81,83,1669492800,1669492800,1669442400,724,286,1.2,-1.2,final,53,203,-1.5,1283,0,4.4,10.8,77,23,286,2.5,552,1008,1843,14,1669525200,0
330,330,4832,1.1,82,954,343,11/27/2022,3.6,0,52,82,1669579200,1669539600,1669528800,722,271,1.8,-5.3,final,66,201,-5.6,1589,0,2.1,7.2,76,23,271,-2.5,548,1012,1819,,1669554000,0
331,331,4794,1.5,74,947,340,11/28/2022,5.2,0,86,82,1669658400,1669687200,1669615200,720,197,1.5,-5.7,final,51,200,-4.4,1228,0,4.3,9.6,75,23,197,-1.5,544,1005,1796,,1669698000,0
332,332,4757,-4.8,69,949,337,11/29/2022,6.8,0,100,82,1669701600,1669780800,1669701600,718,268,0.7,-11.8,final,19,198,-8.5,448,0,4.9,13.2,74,22,268,-7,540,1008,1774,,1669730400,0
333,333,4722,-7.8,71,959,334,11/30/2022,8,0,93,81,1669788000,1669824000,1669788000,716,294,0.8,-16.5,final,20,197,-14.8,468,0,6.2,16.4,73,22,294,-12.4,536,1020,1753,45,1669870800,0
334,334,4687,-1.9,64,957,332,12/1/2022,6.8,0,94,81,1669924800,1669924800,1669874400,714,158,0.8,-13.2,final,33,195,-15.6,797,0,4.4,12.8,72,22,158,-7.3,532,1016,1733,42,1669874400,0
335,335,4654,-2.2,75,948,329,12/2/2022,7.6,0,98,81,1670000400,1670040000,1669960800,712,249,0.6,-11,final,18,194,-17.4,428,0,5,16,71,22,249,-7.2,528,1007,1714,36,1670043600,0
336,336,4622,-12.6,70,966,326,12/3/2022,7.2,0,46,81,1670101200,1670047200,1670047200,710,256,1.7,-21,final,50,193,-21.1,1202,0,4.4,13.6,71,22,256,-16.7,525,1028,1695,52,1670068800,0
337,337,4592,-0.4,68,953,324,12/4/2022,7.6,0,13,80,1670202000,1670202000,1670133600,709,259,1.7,-12.8,final,70,191,-14.4,1676,0,5.5,14.8,70,22,259,-7.7,521,1013,1678,49,1670133600,0
338,338,4564,-6.7,71,955,322,12/5/2022,5.2,0,84,80,1670256000,1670259600,1670220000,707,297,0.6,-14.6,final,19,190,-16.7,451,0,4,11.2,69,22,297,-10.3,518,1016,1663,41,1670295600,0
339,339,4538,-9.6,75,960,320,12/6/2022,4.4,0,92,80,1670389200,1670389200,1670306400,706,180,1,-17.3,final,22,189,-17.4,531,0,2.7,8,69,21,180,-13.8,514,1021,1648,37,1670317200,0
340,340,4514,-15.9,70,970,318,12/7/2022,4.4,0,38,80,1670392800,1670396400,1670392800,704,92,1.8,-22.6,final,68,188,-21.1,1632,0,2.9,8,68,21,92,-18.5,511,1033,1634,66,1670468400,0
341,341,4492,-6.7,81,966,316,12/8/2022,4.4,0,1,80,1670533200,1670526000,1670479200,703,172,1.8,-16.1,final,68,187,-18.9,1621,0,3.2,7.6,68,21,172,-13.6,508,1028,1621,63,1670490000,0
342,342,4474,-1.9,86,965,314,12/9/2022,5.6,0,61,79,1670648400,1670641200,1670565600,702,134,1.6,-6.9,final,67,186,-13.3,1604,0,3.5,11.2,67,21,134,-4.8,506,1025,1609,59,1670565600,0
343,343,4458,-0.4,92,962,312,12/10/2022,5.6,0,100,79,1670706000,1670662800,1670652000,701,177,0.6,-2.6,final,9,186,-2.2,226,0,2.9,10.4,67,21,177,-1.6,503,1021,1599,57,1670673600,0
344,344,4445,-0.7,89,965,311,12/11/2022,5.6,0,80,79,1670788800,1670810400,1670738400,700,163,1,-3.4,final,27,185,-2.6,657,0,3.1,10.4,66,21,163,-1.8,500,1024,1589,59,1670763600,0
345,345,4435,-1.1,84,963,310,12/12/2022,6.4,0,96,79,1670878800,1670896800,1670824800,699,132,0.5,-4.4,final,15,185,-3,361,0,5.8,12.4,66,21,132,-2,498,1022,1580,123,1670853600,0
346,346,4426,-0.4,86,958,308,12/13/2022,7.6,12.3,100,79,1670983200,1670983200,1670911200,698,109,0.5,-2.9,final,13,184,-1.5,301,12.3,6.1,14.4,66,21,109,-0.9,496,1016,1573,116,1670911200,185.3
347,347,4419,0.4,93,949,307,12/14/2022,6.8,3.8,100,79,1671062400,1671058800,1670997600,697,96,0.5,-1.7,final,8,184,-1.9,184,3.8,5.2,13.6,65,21,96,-0.6,495,1007,1567,165,1671008400,63.8
348,348,4413,0,94,941,306,12/15/2022,6.8,6,100,79,1671084000,1671112800,1671084000,696,23,0.5,-2.2,final,8,184,-2.2,190,6,4.8,11.2,65,21,23,-1.3,494,998,1561,222,1671145200,95.5
349,349,4409,-2.2,92,943,306,12/16/2022,4.8,0,100,79,1671177600,1671253200,1671170400,696,338,0.5,-5.6,final,8,184,-8.5,203,0,4.2,9.6,65,21,338,-4.6,494,1002,1556,281,1671253200,0
350,350,4406,-8.9,85,952,305,12/17/2022,5.2,0,100,79,1671256800,1671321600,1671256800,695,316,0.5,-14.1,final,15,184,-17.4,354,0,4.6,10,65,21,316,-12.1,493,1013,1553,265,1671339600,0
351,351,4404,-17,80,963,304,12/18/2022,4,0,96,78,1671393600,1671346800,1671343200,695,315,0.8,-22.8,final,29,183,-22.6,706,0,3,7.6,65,21,315,-20.2,493,1027,1550,253,1671364800,0
352,352,4403,-15.2,81,968,304,12/19/2022,4,0,98,78,1671487200,1671508800,1671429600,695,164,0.5,-21,final,16,183,-22.2,385,0,1.8,6.4,65,21,164,-18.6,493,1032,1549,245,1671429600,0
353,353,4404,-21.1,77,973,304,12/20/2022,4.8,0,75,78,1671523200,1671562800,1671516000,695,279,0.9,-28.2,final,33,184,-29.6,789,0,4,9.6,64,21,279,-25.3,493,1038,1548,357,1671595200,0
354,354,4406,-23.3,73,968,304,12/21/2022,4,0,98,78,1671660000,1671685200,1671602400,695,159,0.6,-29.3,final,17,184,-30,409,0,1.9,7.2,65,21,159,-25.9,493,1033,1548,347,1671602400,0
355,355,4410,-23.7,74,961,304,12/22/2022,6.8,0,90,78,1671735600,1671739200,1671688800,695,315,1.2,-28.6,final,40,184,-26.7,958,0,5.4,13.2,65,21,315,-25.3,494,1026,1550,354,1671771600,0
356,356,4415,-21.1,77,962,304,12/23/2022,8.8,0,100,78,1671822000,1671818400,1671775200,695,322,0.6,-26.3,final,18,184,-25.9,429,0,7.6,17.2,65,21,322,-23.4,494,1026,1552,348,1671775200,0
357,357,4421,-19.3,74,967,304,12/24/2022,7.6,0,84,78,1671912000,1671904800,1671861600,695,315,0.7,-26,final,21,184,-24.8,493,0,6.8,14,65,21,315,-22.6,495,1031,1555,408,1671890400,0
358,358,4429,-16.3,70,962,305,12/25/2022,5.6,0,88,79,1672016400,1671948000,1671948000,696,185,0.5,-24.5,final,16,185,-24.8,390,0,3,10,65,21,185,-20.4,496,1025,1559,397,1671973200,0
359,359,4438,-13.7,70,965,305,12/26/2022,4.8,0,72,79,1672084800,1672088400,1672034400,696,197,0.6,-21.8,final,22,185,-21.9,533,0,3.3,8.4,65,21,197,-17.6,497,1028,1564,391,1672063200,0
360,360,4448,-4.4,78,945,306,12/27/2022,5.6,0,99,79,1672189200,1672149600,1672120800,697,176,0.6,-12.2,final,18,185,-16.3,425,0,4.6,10.8,65,21,176,-9,498,1005,1571,382,1672120800,0
361,361,4460,0.7,87,939,307,12/28/2022,4.8,0,97,79,1672264800,1672246800,1672207200,697,134,0.8,-5.3,final,30,186,-6.3,722,0,3.1,8.8,66,21,134,-3.4,499,997,1578,378,1672207200,0
362,362,4472,-3,90,947,308,12/29/2022,4,0,100,79,1672326000,1672351200,1672293600,698,285,0.5,-6.7,final,12,186,-8.5,295,0,2.8,7.2,66,21,285,-5.2,500,1006,1586,370,1672362000,0
363,363,4486,-8.1,81,956,309,12/30/2022,4.4,0,45,79,1672380000,1672387200,1672380000,699,232,1.8,-13.1,final,63,187,-13,1522,0,2.8,9.2,66,21,232,-10.4,502,1016,1595,363,1672452000,0
