TIMESTAMP,RECORD,BATT_daily_min_V,RAIN_daily_in,RAIN_cmltv_in,AIRTEMP_daily_max_F,AIRTEMP_F_TMx,AIRTEMP_daily_min_F,AIRTEMP_F_TMn,AIRTEMP_daily_avg_F,RLTVHMDTY_daily_max_%,RH_TMx,RLTVHMDTY_daily_min_%,RH_TMn,RLTVHMDTY_daily_avg_%,WNDSP_daily_max_mph,WNDSP_mph_TMx,WNDSP_daily_min_mph,WNDSP_mph_TMn,WNDSP_daily_avg_mph,WND_DIR_daily_dgr,WND_DIR_daily_crdn,SolarFlux_daily_lnglys,SolarRad_daily_mj,ETos_daily_in,ETrs_daily_in,CornGDD_daily
1/1/2023 23:59,1145,12.29,0,0,31.51,1/1/2023 0:11,21.09,1/1/2023 21:57,24.88,96.3,1/1/2023 9:01,75.01,1/1/2023 12:53,89,13.34,1/1/2023 17:04,0,1/1/2023 6:09,5.503,278.2,W,142.1686,6.387341,0.013,0.017,0
1/2/2023 23:59,1146,12.28,0,0,22.29,1/2/2023 11:10,18.38,1/2/2023 20:30,20.48,96.4,1/2/2023 23:31,84,1/2/2023 15:49,92.3,8.79,1/2/2023 13:04,0,1/2/2023 1:01,2.655,223.9,WNW,65.88877,6.439322,0.003,0.004,0
1/3/2023 23:59,1147,12.23,0,0,27.14,1/3/2023 23:06,15.75,1/3/2023 7:30,20.86,96.4,1/3/2023 1:23,77.33,1/3/2023 13:11,91.1,19.16,1/3/2023 19:52,0.149,1/3/2023 6:43,7.915,38.25,NNE,36.94635,6.504362,0.007,0.01,0
1/4/2023 23:59,1148,12.15,0,0,27.14,1/4/2023 4:04,22.49,1/4/2023 20:50,24.93,95.9,1/4/2023 15:42,88.2,1/4/2023 2:20,93.7,19.83,1/4/2023 3:42,3.652,1/4/2023 8:23,9.47,33.63,NNE,57.66695,6.480481,0.008,0.011,0
1/5/2023 23:59,1149,12.1,0.01,0.01,24.02,1/5/2023 0:01,-9.63,1/5/2023 23:46,13.35,95.1,1/5/2023 0:02,80.9,1/5/2023 23:46,90.5,15.73,1/5/2023 1:44,0,1/5/2023 16:05,4.077,162.3,N,124.4549,6.605735,0.007,0.007,0
1/6/2023 23:59,1150,11.99,0,0.01,19.21,1/6/2023 14:32,-13.9,1/6/2023 7:31,-0.789,91.2,1/6/2023 14:32,78.96,1/6/2023 7:30,84.3,4.248,1/6/2023 13:01,0,1/5/2023 23:59,0.262,151.4,ESE,170.3258,6.733436,0.007,0.006,0
1/7/2023 23:59,1151,12.24,0,0.01,17.2,1/7/2023 13:02,-12.26,1/7/2023 7:35,0.09,90.3,1/7/2023 19:21,79.84,1/7/2023 7:16,83.6,4.696,1/7/2023 14:24,0,1/6/2023 23:59,0.692,163.1,SSE,177.3694,6.797764,0.007,0.007,0
1/8/2023 23:59,1152,12.28,0,0.01,20.07,1/8/2023 15:23,-3.883,1/8/2023 7:19,5.872,92,1/8/2023 19:27,76.66,1/8/2023 13:42,84,5.963,1/8/2023 10:17,0,1/8/2023 0:01,1.654,175.1,SSE,169.3982,6.843295,0.008,0.008,0
1/9/2023 23:59,1153,12.3,0,0.01,25.66,1/9/2023 18:58,-3.97,1/9/2023 2:53,13.88,95.4,1/9/2023 23:58,82.6,1/9/2023 2:14,88.5,9.39,1/9/2023 13:25,0,1/8/2023 23:59,2.222,104,E,134.3307,6.851788,0.006,0.006,0
1/10/2023 23:59,1154,12.35,0,0.01,31.27,1/10/2023 13:55,24.22,1/10/2023 0:02,27.45,98.2,1/10/2023 23:57,89.3,1/10/2023 13:58,95,7.528,1/10/2023 8:09,0,1/10/2023 2:30,2.185,140.4,E,62.37614,6.798676,0.005,0.005,0
1/11/2023 23:59,1155,12.26,0,0.01,31.01,1/11/2023 16:06,22.24,1/11/2023 23:57,28.42,98.3,1/11/2023 0:11,83.7,1/11/2023 23:56,92.1,15.65,1/11/2023 22:36,0,1/11/2023 2:16,3.42,226.6,W,52.89345,6.8674,0.009,0.011,0
1/12/2023 23:59,1156,12.19,0,0.01,22.52,1/11/2023 23:59,12.3,1/12/2023 20:37,17.68,88.4,1/12/2023 23:53,74.35,1/12/2023 14:54,82.1,17.37,1/12/2023 17:11,0.894,1/12/2023 20:53,6.787,283.2,NNW,113.3384,7.09658,0.012,0.017,0
1/13/2023 23:59,1157,12.15,0,0.01,13.49,1/13/2023 15:05,6.214,1/13/2023 23:54,10.98,94.3,1/13/2023 4:31,87.6,1/13/2023 23:55,90.9,12.3,1/13/2023 20:08,0,1/13/2023 4:41,3.955,155.9,SSE,111.2173,7.19679,0.006,0.007,0
1/14/2023 23:59,1158,12.12,0,0.01,29.61,1/14/2023 22:48,6.131,1/14/2023 0:04,19.04,90.7,1/14/2023 8:41,76.01,1/14/2023 15:32,84.9,17.07,1/14/2023 23:42,2.311,1/14/2023 5:11,8.44,156.7,SSE,123.2454,7.218835,0.014,0.019,0
1/15/2023 23:59,1159,12.29,0.01,0.02,37.11,1/15/2023 13:27,26.27,1/15/2023 19:55,30.55,93,1/15/2023 20:10,71.36,1/15/2023 13:26,82.6,17.52,1/15/2023 13:58,0,1/15/2023 18:24,7.123,153.8,SSE,147.2893,7.182622,0.02,0.028,0
1/16/2023 23:59,1160,12.29,0.23,0.25,33.57,1/16/2023 11:26,30.64,1/16/2023 0:17,32.68,96.7,1/16/2023 10:03,86.2,1/16/2023 3:53,93.6,11.48,1/16/2023 19:26,0.596,1/16/2023 0:28,5.032,74.21,NE,34.21302,7.216304,0.004,0.005,0
1/17/2023 23:59,1161,12.21,0.03,0.28,33.66,1/17/2023 13:08,28.17,1/17/2023 23:55,31.75,96,1/17/2023 1:17,83.1,1/17/2023 16:05,88.6,14.61,1/17/2023 13:51,0.149,1/17/2023 23:03,5.876,278.2,NNW,85.53274,7.339197,0.014,0.018,0
1/18/2023 23:59,1162,12.16,0,0.28,28.55,1/18/2023 12:50,26.77,1/18/2023 6:06,27.59,91.5,1/18/2023 21:36,81.2,1/18/2023 12:38,86.2,14.61,1/18/2023 18:30,0,1/18/2023 3:45,5.279,89.6,NE,81.08321,7.506701,0.012,0.016,0
1/19/2023 23:59,1163,12.14,0.02,0.3,28.96,1/19/2023 12:49,25.86,1/19/2023 21:58,27.33,93.5,1/19/2023 7:48,81.4,1/19/2023 16:47,87,18.04,1/19/2023 10:53,1.416,1/19/2023 22:38,7.228,146.6,N,124.1652,7.591508,0.015,0.019,0
1/20/2023 23:59,1164,12.11,0,0.3,26.48,1/20/2023 1:04,16.16,1/20/2023 9:18,20.78,94.9,1/20/2023 23:22,81.8,1/20/2023 8:10,86.7,13.94,1/20/2023 9:51,0,1/20/2023 19:07,5.328,281.6,WNW,123.4399,7.802977,0.011,0.014,0
1/21/2023 23:59,1165,12.12,0,0.3,22.79,1/21/2023 15:18,18.05,1/21/2023 23:57,20.49,95.9,1/21/2023 8:44,86.4,1/21/2023 15:53,93.2,11.25,1/21/2023 3:03,0.82,1/21/2023 13:02,5.186,229.4,SW,97.15012,7.85448,0.009,0.011,0
1/22/2023 23:59,1166,12.07,0,0.3,18.77,1/22/2023 12:48,11.31,1/22/2023 22:38,15.97,95.6,1/22/2023 3:21,91.5,1/22/2023 11:36,93.6,7.975,1/22/2023 21:09,0,1/22/2023 1:44,2.551,212,WSW,99.46164,8.013498,0.008,0.009,0
1/23/2023 23:59,1167,12.02,0,0.3,32.82,1/23/2023 18:01,7.529,1/23/2023 6:33,21.58,95.6,1/23/2023 12:45,71.48,1/23/2023 23:55,87.4,17.89,1/23/2023 21:00,0,1/23/2023 23:28,5.2,245.5,WSW,125.6329,8.04363,0.015,0.018,0
1/24/2023 23:59,1168,12.04,0,0.3,27.55,1/24/2023 0:00,4.49,1/24/2023 7:44,20,95.2,1/24/2023 5:33,69.5,1/24/2023 1:45,85.4,13.64,1/24/2023 1:46,0,1/24/2023 4:24,3.929,191,S,114.214,8.238534,0.012,0.015,0
1/25/2023 23:59,1169,12.08,0,0.3,24.1,1/25/2023 5:20,5.395,1/25/2023 23:54,19.66,92.9,1/25/2023 4:06,61.82,1/25/2023 16:30,80.4,20.5,1/25/2023 15:18,0,1/24/2023 23:59,6.669,226.7,N,143.303,8.352085,0.017,0.022,0
1/26/2023 23:59,1170,12.09,0,0.3,15.37,1/26/2023 23:57,-1.831,1/26/2023 6:07,7.853,87.3,1/26/2023 22:53,51.39,1/26/2023 11:45,76.85,20.27,1/26/2023 21:33,0,1/26/2023 4:53,6.199,241,WSW,209.471,8.632842,0.016,0.02,0
1/27/2023 23:59,1171,12.29,0.01,0.31,27.56,1/27/2023 6:04,0.71,1/27/2023 23:45,14.37,95.5,1/27/2023 5:45,60,1/27/2023 15:26,75.75,27.13,1/27/2023 7:05,0,1/27/2023 4:42,9.29,272.4,WNW,203.0323,8.712231,0.019,0.027,0
1/28/2023 23:59,1172,12.24,0,0.31,3.298,1/28/2023 15:39,-8.48,1/28/2023 8:28,-2.593,78.25,1/28/2023 8:31,47.1,1/28/2023 16:57,66.06,9.76,1/28/2023 1:15,0,1/28/2023 7:50,3.805,283.7,NNW,200.5778,8.977979,0.011,0.014,0
1/29/2023 23:59,1173,12.13,0,0.31,1.411,1/29/2023 14:57,-20.05,1/29/2023 7:20,-6.747,84.3,1/29/2023 8:25,55.94,1/29/2023 15:06,70.07,16.7,1/29/2023 15:03,0,1/29/2023 3:52,4.704,263.3,W,221.8314,9.12687,0.01,0.014,0
1/30/2023 23:59,1174,12.1,0,0.31,-3.026,1/30/2023 15:38,-20.45,1/30/2023 23:42,-11.07,84.3,1/30/2023 2:50,49.59,1/30/2023 16:06,69.36,16.1,1/30/2023 13:25,0,1/30/2023 0:23,4.5,236.5,WSW,244.4676,9.299083,0.01,0.013,0
1/31/2023 23:59,1175,12.05,0,0.31,6.26,1/31/2023 15:28,-23.16,1/31/2023 1:51,-7.191,85.9,1/31/2023 9:05,58.28,1/31/2023 13:39,72.51,13.49,1/31/2023 11:40,0,1/31/2023 0:26,3.313,205.4,SSW,235.3252,9.390962,0.011,0.014,0
2/1/2023 23:59,1176,12.11,0,0.31,18.43,2/1/2023 16:14,-16.52,2/1/2023 6:17,0.604,88.2,2/1/2023 23:52,53.14,2/1/2023 16:18,74.94,11.85,2/1/2023 12:13,0,1/31/2023 23:59,2.546,167.1,SSW,189.145,9.468882,0.012,0.015,0
2/2/2023 23:59,1177,12.26,0,0.31,14.88,2/2/2023 4:57,-16.77,2/2/2023 23:43,-0.314,88.1,2/2/2023 3:40,43.3,2/2/2023 11:56,61.59,23.11,2/2/2023 5:36,0,2/2/2023 0:45,6.979,276.8,NW,257.7969,9.730598,0.015,0.021,0
2/3/2023 23:59,1178,12.13,0,0.31,-0.979,2/3/2023 18:16,-19.8,2/3/2023 4:16,-9.84,74.38,2/3/2023 5:01,53.94,2/3/2023 14:54,62.89,18.48,2/3/2023 20:07,0,2/3/2023 0:08,5.788,182.7,SSE,146.988,9.904205,0.008,0.011,0
2/4/2023 23:59,1179,12.17,0,0.31,22.79,2/4/2023 16:40,-4.123,2/4/2023 7:08,7.671,92.4,2/4/2023 21:37,61.96,2/4/2023 14:29,75.17,11.7,2/4/2023 1:05,0,2/4/2023 4:57,2.587,172.9,SSE,187.9856,9.880227,0.015,0.018,0
2/5/2023 23:59,1180,12.34,0,0.31,29.47,2/5/2023 15:43,4.988,2/5/2023 23:57,16.52,97.2,2/5/2023 1:11,52.58,2/5/2023 15:44,80.4,13.19,2/5/2023 10:25,0,2/4/2023 23:59,2.378,220.8,NW,242.1706,9.956084,0.021,0.025,0
2/6/2023 23:59,1181,12.37,0.01,0.32,34.89,2/6/2023 14:17,3.918,2/6/2023 0:35,24.07,97.8,2/6/2023 22:04,68.98,2/6/2023 13:42,86.7,20.12,2/6/2023 14:19,0,2/6/2023 0:21,6.445,179.3,S,194.5969,9.975604,0.023,0.03,0
2/7/2023 23:59,1182,12.39,0.01,0.33,35.47,2/7/2023 15:27,19.37,2/7/2023 23:21,28.43,93.3,2/7/2023 23:51,55.07,2/7/2023 15:06,74.75,19.01,2/7/2023 1:59,0,2/7/2023 20:53,6.52,255.4,WSW,264.7439,10.20435,0.036,0.047,0
2/8/2023 23:59,1183,12.37,0,0.33,40.83,2/8/2023 14:34,10.74,2/8/2023 6:51,25.89,96.5,2/8/2023 2:00,58.49,2/8/2023 14:53,83,14.68,2/8/2023 14:52,0,2/7/2023 23:59,2.667,167.4,SSE,263.0986,10.26378,0.031,0.038,0
2/9/2023 23:59,1184,12.36,0,0.33,36.04,2/9/2023 14:41,10.73,2/9/2023 23:57,23.73,96.5,2/9/2023 6:49,36.91,2/9/2023 17:52,70.3,32.27,2/9/2023 12:31,0,2/8/2023 23:59,6.998,218.5,NNW,219.6393,10.4546,0.035,0.048,0
2/10/2023 23:59,1185,12.26,0,0.33,29.79,2/10/2023 15:41,-2.738,2/10/2023 7:37,15.05,86.7,2/10/2023 7:02,54.54,2/10/2023 10:13,69.79,14.38,2/10/2023 16:24,0,2/10/2023 3:43,4.521,222.6,SW,282.0839,10.80951,0.03,0.038,0
2/11/2023 23:59,1186,12.34,0,0.33,40.2,2/11/2023 14:40,16.49,2/11/2023 1:42,27.24,95.7,2/11/2023 23:08,54.92,2/11/2023 14:42,75.38,13.19,2/11/2023 11:48,0,2/11/2023 12:38,4.742,198.3,SSW,286.3002,10.81632,0.039,0.05,0
2/12/2023 23:59,1187,12.35,0,0.33,41.85,2/12/2023 12:21,16.5,2/12/2023 7:52,28.74,96.5,2/12/2023 7:11,54.33,2/12/2023 12:20,80.8,13.04,2/12/2023 23:13,0,2/11/2023 23:59,3.423,209.7,SW,289.4768,10.94893,0.04,0.048,0
2/13/2023 23:59,1188,12.33,0,0.33,42.16,2/13/2023 13:34,15.01,2/13/2023 7:15,29.34,96,2/13/2023 6:17,46.42,2/13/2023 13:15,75.8,15.73,2/13/2023 16:57,0,2/13/2023 5:07,4.679,200,SSW,290.3354,11.16885,0.044,0.056,0
2/14/2023 23:59,1189,12.36,0.67,1,38.27,2/14/2023 12:00,27.59,2/14/2023 1:59,34.25,97.8,2/14/2023 19:23,76.65,2/14/2023 12:02,89.8,13.64,2/14/2023 10:45,0,2/14/2023 6:32,4.248,134.4,ESE,71.02132,11.15709,0.013,0.016,0
2/15/2023 23:59,1190,12.34,0.08,1.08,35.38,2/15/2023 0:17,5.886,2/15/2023 23:58,20.38,96.8,2/15/2023 0:00,62.55,2/15/2023 17:13,78.34,29.74,2/15/2023 7:57,0,2/15/2023 23:47,9.49,299.7,NW,282.5453,11.72096,0.026,0.034,0
2/16/2023 23:59,1191,12.25,0,1.08,15.13,2/16/2023 15:57,-2.983,2/16/2023 23:54,6.518,88.3,2/16/2023 23:25,48.94,2/16/2023 15:59,67.42,15.58,2/16/2023 14:16,0,2/16/2023 0:31,4.326,157.6,N,314.3452,12.0429,0.022,0.029,0
2/17/2023 23:59,1192,12.17,0,1.08,24.27,2/17/2023 16:36,-8.81,2/17/2023 5:20,10.28,90.6,2/17/2023 23:40,49.06,2/17/2023 11:17,73.77,20.72,2/17/2023 16:04,0,2/16/2023 23:59,5.221,205,SSW,304.4774,12.15466,0.027,0.037,0
2/18/2023 23:59,1193,12.28,0,1.08,36.12,2/18/2023 14:53,8.77,2/18/2023 7:19,23.33,96.5,2/18/2023 2:10,68.78,2/18/2023 14:27,85.5,14.38,2/18/2023 13:58,0,2/18/2023 1:27,2.325,169.9,SSE,288.1832,12.0673,0.03,0.034,0
2/19/2023 23:59,1194,12.36,0,1.08,30.37,2/19/2023 12:32,9.17,2/19/2023 23:54,22.31,97.9,2/19/2023 3:51,44.44,2/19/2023 14:06,70.38,18.78,2/19/2023 13:27,0,2/18/2023 23:59,5.468,269.7,WNW,280.4072,12.40995,0.037,0.049,0
2/20/2023 23:59,1195,12.28,0.01,1.09,29.62,2/20/2023 15:12,7.287,2/20/2023 23:59,15.94,90.5,2/20/2023 14:55,62.02,2/20/2023 5:36,76.92,31.97,2/20/2023 18:23,0,2/19/2023 23:59,7.947,203.6,SW,135.8894,12.55742,0.019,0.024,0
2/21/2023 23:59,1196,12.19,0,1.09,11.31,2/21/2023 11:41,-4.459,2/21/2023 7:32,5.252,85.1,2/21/2023 19:47,55.62,2/21/2023 11:43,77.93,15.06,2/21/2023 0:45,0,2/21/2023 7:18,4.507,153.3,N,216.3457,13.03444,0.017,0.019,0
2/22/2023 23:59,1197,12.22,0,1.09,17.76,2/22/2023 15:42,3.835,2/22/2023 8:01,10.51,85.4,2/22/2023 19:48,53.44,2/22/2023 9:13,69.85,26.68,2/22/2023 16:38,4.025,2/22/2023 0:20,12.42,37.65,NE,251.5919,13.18554,0.026,0.036,0
2/23/2023 23:59,1198,12.25,0,1.09,10.28,2/23/2023 0:01,-3.311,2/23/2023 23:54,5.255,84.9,2/23/2023 1:39,71.79,2/23/2023 15:27,78.9,29.29,2/23/2023 3:18,0,2/23/2023 22:44,9.56,133.4,N,221.8896,13.42634,0.014,0.018,0
2/24/2023 23:59,1199,12.11,0.02,1.11,8.11,2/24/2023 12:07,-17.26,2/24/2023 6:03,-1.017,84.8,2/24/2023 21:58,53.59,2/24/2023 12:14,72.23,8.72,2/24/2023 22:26,0,2/24/2023 3:48,2.366,192.7,S,288.4371,13.71547,0.017,0.02,0
2/25/2023 23:59,1200,12.18,0.01,1.12,17.93,2/25/2023 17:18,-6.02,2/25/2023 7:11,6.964,86.9,2/25/2023 6:35,62.25,2/25/2023 14:25,75.99,14.83,2/25/2023 14:42,0,2/25/2023 7:04,5.565,205.2,SSW,363.2747,13.80573,0.026,0.032,0
2/26/2023 23:59,1201,12.2,0,1.12,27.83,2/26/2023 23:58,-10.04,2/26/2023 6:23,11.56,88.9,2/26/2023 1:37,41.69,2/26/2023 14:13,62.88,17.14,2/26/2023 15:31,0,2/26/2023 0:21,4.778,123.6,ESE,348.9448,14.02796,0.037,0.048,0
2/27/2023 23:59,1202,12.36,0,1.12,33.48,2/27/2023 17:51,20.43,2/27/2023 23:28,28.85,96.8,2/27/2023 9:02,55.77,2/26/2023 23:59,84,17.44,2/27/2023 2:11,0,2/27/2023 18:33,5.321,173.8,N,135.5602,13.80445,0.021,0.024,0
2/28/2023 23:59,1203,12.26,0.01,1.13,34.82,2/28/2023 15:34,0.881,2/28/2023 6:30,23.24,95.3,2/28/2023 4:27,41.06,2/28/2023 15:35,69.03,11.03,2/28/2023 11:23,0,2/28/2023 2:22,2.361,185,SSW,305.5558,14.27046,0.04,0.048,0
3/1/2023 23:59,1204,12.34,0,1.13,29.28,3/1/2023 0:03,10.15,3/1/2023 23:38,23.25,96.1,3/1/2023 7:23,69.87,3/1/2023 1:14,87.8,25.49,3/1/2023 10:01,0,3/1/2023 0:37,9.04,82.4,NNE,171.3945,14.34828,0.017,0.02,0
3/2/2023 23:59,1205,12.17,0.09,1.22,23.54,3/2/2023 13:43,-8.4,3/2/2023 5:26,11.4,94.8,3/2/2023 21:30,68.9,3/2/2023 14:16,82.9,12.52,3/2/2023 22:25,0,3/2/2023 0:43,2.972,176.5,SSE,354.2997,14.75974,0.033,0.038,0
3/3/2023 23:59,1206,12.32,0,1.22,35.8,3/3/2023 15:05,19.36,3/3/2023 23:56,27.2,96.8,3/3/2023 8:37,70.24,3/3/2023 14:48,87.1,13.42,3/3/2023 9:17,0,3/3/2023 13:01,5.41,205.9,SSW,302.6263,14.71282,0.036,0.042,0
3/4/2023 23:59,1207,12.29,0,1.22,37.27,3/4/2023 15:43,4.489,3/4/2023 5:45,21.03,96,3/4/2023 0:32,51.04,3/4/2023 15:42,78.5,14.46,3/4/2023 14:01,0,3/3/2023 23:59,2.652,212.8,WSW,331.3591,15.02643,0.041,0.049,0
3/5/2023 23:59,1208,12.24,0,1.22,36.86,3/5/2023 15:47,1.205,3/5/2023 7:07,21.72,97.9,3/5/2023 23:53,42.46,3/5/2023 15:07,73.58,18.11,3/5/2023 20:03,0,3/4/2023 23:59,3.455,86.4,E,244.3786,15.36846,0.039,0.05,0
3/6/2023 23:59,1209,12.34,0.08,1.3,38.51,3/6/2023 16:24,22.9,3/6/2023 23:56,31.4,97.9,3/6/2023 0:03,53.92,3/6/2023 19:18,77.79,21.61,3/6/2023 11:55,2.087,3/6/2023 18:55,8.72,53.93,NNE,258.1222,15.34073,0.041,0.053,0
3/7/2023 23:59,1210,12.29,0,1.3,36.05,3/7/2023 16:08,13.03,3/7/2023 7:21,25.52,74.82,3/7/2023 23:56,57.53,3/7/2023 15:07,62.12,12.22,3/7/2023 2:49,0,3/7/2023 6:58,4.645,80.2,NE,305.3942,15.81114,0.045,0.057,0
3/8/2023 23:59,1211,12.34,0,1.3,32.83,3/8/2023 14:46,29.08,3/8/2023 10:27,30.72,91.3,3/8/2023 22:44,52.45,3/8/2023 8:30,76.16,14.91,3/8/2023 9:20,1.043,3/8/2023 21:41,5.241,106,ESE,191.1643,15.86274,0.034,0.044,0
3/9/2023 23:59,1212,12.33,0,1.3,34.98,3/9/2023 12:40,26.52,3/9/2023 23:56,30.87,97.7,3/9/2023 19:29,61.76,3/9/2023 10:56,85.2,19.68,3/9/2023 11:01,1.565,3/9/2023 8:01,6.183,67.6,ENE,267.5377,16.0485,0.039,0.049,0
3/10/2023 23:59,1213,12.31,0.08,1.38,29.29,3/10/2023 13:58,22.24,3/10/2023 7:41,26.1,94.8,3/10/2023 0:35,65.17,3/10/2023 13:55,80.2,15.8,3/10/2023 23:46,2.161,3/10/2023 19:52,6.862,54.48,NE,267.079,16.41406,0.036,0.046,0
3/11/2023 23:59,1214,12.3,0,1.38,29.44,3/11/2023 23:50,22.81,3/11/2023 3:24,25.41,96.5,3/11/2023 23:47,74.88,3/11/2023 1:35,87.3,21.91,3/11/2023 10:19,1.938,3/11/2023 2:34,9.84,113.5,ESE,168.1163,16.57024,0.021,0.026,0
3/12/2023 23:59,1215,12.3,0.2,1.58,29.78,3/12/2023 13:24,18.21,3/12/2023 23:59,25.85,97.3,3/12/2023 1:52,73.32,3/12/2023 17:11,87.2,21.17,3/12/2023 17:24,0,3/12/2023 4:04,6.109,147.6,NNE,215.9217,16.76606,0.027,0.032,0
3/13/2023 23:59,1216,12.22,0,1.58,27.81,3/13/2023 16:50,-0.679,3/13/2023 23:35,16.25,90.1,3/13/2023 5:22,41.07,3/13/2023 16:47,70.99,13.49,3/13/2023 11:27,0,3/13/2023 4:33,3.565,170.4,N,445.8245,17.33461,0.045,0.054,0
3/14/2023 23:59,1217,12.2,0,1.58,29.78,3/14/2023 16:12,-9.14,3/14/2023 6:40,14.37,89.3,3/14/2023 0:08,57.07,3/14/2023 16:20,73.93,20.35,3/14/2023 13:00,0,3/13/2023 23:59,6.876,161.6,SSE,447.0895,17.47003,0.046,0.059,0
3/15/2023 23:59,1218,12.3,0,1.58,39.75,3/15/2023 16:02,18.21,3/15/2023 4:55,31.24,91.9,3/15/2023 5:00,65.27,3/15/2023 12:34,78.1,16.7,3/15/2023 14:29,0,3/15/2023 4:51,4.74,145.5,SSE,314.9756,17.39278,0.05,0.061,0
3/16/2023 23:59,1219,12.36,0.03,1.61,37.17,3/16/2023 1:59,11.14,3/16/2023 23:56,27.35,96.6,3/16/2023 9:50,66.82,3/16/2023 20:14,84.9,26.53,3/16/2023 12:30,0.671,3/16/2023 0:02,9.56,215.5,NNW,164.0763,17.66009,0.02,0.025,0
3/17/2023 23:59,1220,12.19,0,1.61,11.5,3/17/2023 0:00,2.269,3/17/2023 7:04,6.486,76.61,3/17/2023 23:53,57.58,3/17/2023 11:42,69.2,27.06,3/17/2023 12:04,2.087,3/17/2023 4:04,11.27,302.2,WNW,447.6401,18.4706,0.029,0.037,0
3/18/2023 23:59,1221,12.2,0.01,1.62,24.19,3/18/2023 14:10,6.213,3/18/2023 23:57,14.26,76.48,3/18/2023 0:00,36.76,3/18/2023 14:05,59.8,21.24,3/18/2023 15:34,0.82,3/18/2023 23:52,8.91,295.5,NW,459.9131,18.62572,0.05,0.065,0
3/19/2023 23:59,1222,12.21,0,1.62,32.84,3/19/2023 15:22,-7.087,3/19/2023 6:04,15.53,95.1,3/19/2023 22:25,37.73,3/19/2023 13:41,68.8,19.16,3/19/2023 12:33,0,3/19/2023 3:32,5.079,217.3,SW,474.6772,18.76041,0.057,0.074,0
3/20/2023 23:59,1223,12.25,0,1.62,30.94,3/20/2023 15:58,10,3/20/2023 1:23,21.71,94.8,3/20/2023 0:35,42.34,3/20/2023 16:29,62.13,15.88,3/20/2023 12:09,0,3/20/2023 0:00,5.365,48.77,NE,468.8511,18.90484,0.059,0.075,0
3/21/2023 23:59,1224,12.27,0.01,1.63,33.23,3/21/2023 21:35,13.78,3/21/2023 5:15,24.88,98.3,3/21/2023 23:57,66.94,3/21/2023 0:07,77.63,18.78,3/21/2023 11:01,0,3/21/2023 2:56,7.373,83.1,E,283.3607,18.96467,0.037,0.047,0
3/22/2023 23:59,1225,12.33,0.24,1.87,35.94,3/22/2023 2:59,20.51,3/22/2023 23:59,28.63,98.6,3/22/2023 2:49,70.13,3/22/2023 16:46,82.4,20.5,3/22/2023 3:56,0.522,3/22/2023 23:55,9.04,265.1,W,296.1287,19.10656,0.04,0.05,0
3/23/2023 23:59,1226,12.27,0,1.87,35.66,3/23/2023 13:50,11.39,3/23/2023 23:56,22.5,92.1,3/23/2023 23:39,41.7,3/23/2023 13:50,70.06,10.81,3/23/2023 16:39,0,3/23/2023 0:00,3.287,252.9,WNW,483.9469,19.57949,0.065,0.076,0
3/24/2023 23:59,1227,12.21,0,1.87,37.46,3/24/2023 16:42,-1.671,3/24/2023 5:58,21.85,93.2,3/24/2023 1:46,40.92,3/24/2023 16:45,67.5,13.34,3/24/2023 12:38,0,3/23/2023 23:59,2.194,120.1,ESE,497.3193,19.77149,0.065,0.076,0
3/25/2023 23:59,1228,12.31,0,1.87,40.92,3/25/2023 14:42,25.36,3/25/2023 23:58,33.05,80.4,3/25/2023 22:54,36.91,3/25/2023 12:10,57.04,16.4,3/25/2023 17:12,0,3/25/2023 3:56,5.253,197.4,NNW,439.5056,19.95996,0.082,0.106,0
3/26/2023 23:59,1229,12.27,0,1.87,35.46,3/26/2023 15:15,15.74,3/26/2023 6:11,26.33,84.2,3/26/2023 2:36,37.7,3/26/2023 16:42,60.65,12.97,3/26/2023 15:38,0,3/26/2023 1:17,4.042,295.4,NW,513.3186,20.27808,0.074,0.091,0
3/27/2023 23:59,1230,12.26,0,1.87,32.18,3/27/2023 13:42,12.21,3/27/2023 23:58,23.04,72.02,3/27/2023 6:36,46.69,3/27/2023 12:10,60.59,15.2,3/27/2023 17:35,0,3/27/2023 1:21,4.954,288.4,NW,464.0052,20.49899,0.064,0.078,0
3/28/2023 23:59,1231,12.2,0,1.87,24.76,3/28/2023 16:43,2.023,3/28/2023 6:21,14.31,84.7,3/28/2023 12:52,47.01,3/28/2023 10:51,68.73,19.53,3/28/2023 12:31,0,3/28/2023 2:56,6.637,260.7,W,357.2573,20.82254,0.037,0.047,0
3/29/2023 23:59,1232,12.15,0,1.87,22.05,3/29/2023 16:32,-1.019,3/29/2023 5:31,11.03,89.7,3/29/2023 3:21,40.08,3/29/2023 12:13,66.54,15.13,3/29/2023 14:42,0,3/29/2023 2:03,3.917,254.6,W,536.0001,21.21976,0.052,0.063,0
3/30/2023 23:59,1233,12.16,0,1.87,29.96,3/30/2023 13:41,-3.888,3/30/2023 5:06,17.3,94.6,3/30/2023 19:30,47.51,3/30/2023 13:29,78.88,16.77,3/30/2023 23:24,0,3/29/2023 23:59,4.979,91.1,ENE,227.976,21.21178,0.032,0.04,0
3/31/2023 23:59,1234,12.29,0.13,2,32.32,3/31/2023 13:47,27.34,3/31/2023 21:22,30.64,97.9,3/31/2023 22:41,79.35,3/31/2023 18:10,90.6,33.76,3/31/2023 21:51,4.174,3/31/2023 4:02,14.5,48.52,NE,81.18952,21.01854,0.02,0.029,0
4/1/2023 23:59,1235,12.26,0.01,2.01,39.54,4/1/2023 12:34,19.27,4/1/2023 23:58,28.82,95.7,3/31/2023 23:59,20.95,4/1/2023 13:18,51.04,23.78,4/1/2023 0:59,0,4/1/2023 12:10,5.9,158.3,NNW,542.6245,21.83969,0.091,0.114,0
4/2/2023 23:59,1236,12.4,0.01,2.02,44.29,4/2/2023 11:47,18.78,4/2/2023 1:24,33.99,86.9,4/2/2023 3:05,52.29,4/2/2023 11:16,73.37,18.48,4/2/2023 15:24,0.596,4/2/2023 0:36,7.421,196.7,SSW,521.2219,21.46518,0.091,0.115,0
4/3/2023 23:59,1237,12.39,0,2.02,36.77,4/3/2023 15:20,31.53,4/3/2023 2:29,33.56,87.7,4/3/2023 23:59,65.31,4/3/2023 15:20,75.3,16.92,4/3/2023 4:12,0,4/3/2023 19:31,5.899,266.6,WNW,410.199,21.754,0.063,0.078,0
4/4/2023 23:59,1238,12.37,0.01,2.03,32.89,4/4/2023 2:07,28.32,4/4/2023 15:42,30.05,95.4,4/4/2023 23:53,81.1,4/4/2023 11:39,89.9,28.7,4/4/2023 14:37,1.342,4/4/2023 0:17,11.09,57.62,ENE,123.6628,21.97775,0.021,0.029,0
4/5/2023 23:59,1239,12.34,0.05,2.08,31.99,4/5/2023 3:43,20.67,4/5/2023 23:56,26.37,98.2,4/5/2023 6:50,65.73,4/5/2023 14:54,83.6,31.01,4/5/2023 21:50,0,4/5/2023 2:43,6.556,231.8,W,320.5626,22.41572,0.047,0.054,0
4/6/2023 23:59,1240,12.33,0.01,2.09,31.18,4/6/2023 17:05,15.65,4/6/2023 6:02,22.95,92.2,4/6/2023 23:30,51.78,4/6/2023 16:37,68.78,25.56,4/6/2023 10:07,0,4/6/2023 19:52,7.997,254.2,W,562.9114,22.76987,0.064,0.08,0
4/7/2023 23:59,1241,12.29,0,2.09,40,4/7/2023 15:46,10.89,4/7/2023 5:06,27.69,94,4/7/2023 1:07,46.14,4/7/2023 17:23,66.35,13.57,4/7/2023 9:41,0,4/6/2023 23:59,4.228,83.4,ENE,557.8776,22.85282,0.084,0.104,0
4/8/2023 23:59,1242,12.33,0,2.09,46.83,4/8/2023 16:41,22.65,4/8/2023 5:34,36.81,85.2,4/8/2023 5:37,51.56,4/8/2023 16:31,67.23,16.02,4/8/2023 12:08,1.64,4/8/2023 5:00,7.135,87.4,E,554.9471,22.7712,0.098,0.122,0
4/9/2023 23:59,1243,12.38,0.01,2.1,52.6,4/9/2023 16:44,32.44,4/9/2023 23:58,43.11,92.2,4/9/2023 23:52,50.11,4/9/2023 10:15,64.68,14.24,4/9/2023 10:38,0,4/9/2023 9:18,3.84,179.1,SSE,372.4403,22.83896,0.08,0.098,1.3
4/10/2023 23:59,1244,12.32,0,2.1,60.43,4/10/2023 16:35,25.45,4/10/2023 6:08,43.72,98,4/10/2023 6:51,32.01,4/10/2023 16:39,65.31,12.3,4/10/2023 13:54,0,4/9/2023 23:59,2.503,214.4,SSW,531.869,23.07576,0.121,0.148,5.215
4/11/2023 23:59,1245,12.33,0,2.1,70.58,4/11/2023 14:11,31.61,4/11/2023 5:10,53.48,92.3,4/11/2023 5:24,39.79,4/11/2023 23:26,62.45,18.19,4/11/2023 23:52,0,4/10/2023 23:59,5.426,155.7,S,543.5527,22.79692,0.159,0.206,10.29
4/12/2023 23:59,1246,12.38,0,2.1,74.94,4/12/2023 16:09,35.9,4/12/2023 5:50,58.23,94,4/12/2023 5:12,40.62,4/12/2023 16:58,59.64,19.6,4/12/2023 14:31,0,4/12/2023 3:24,5.392,204,SW,560.8876,22.86226,0.171,0.223,12.47
4/13/2023 23:59,1247,12.35,0,2.1,83.2,4/13/2023 16:41,36.72,4/13/2023 4:59,60.27,94.9,4/13/2023 4:21,27.1,4/13/2023 18:09,57.83,19.75,4/13/2023 14:51,0,4/13/2023 0:04,5.674,127.8,SE,510.887,23.08935,0.185,0.251,16.6
4/14/2023 23:59,1248,12.41,0.13,2.23,74.28,4/14/2023 13:00,43.14,4/14/2023 22:56,59.67,93.3,4/14/2023 22:59,39.43,4/14/2023 0:42,59.41,19.97,4/14/2023 11:40,0,4/14/2023 18:46,7.731,228.5,SW,408.6589,23.25866,0.159,0.213,12.14
4/15/2023 23:59,1249,12.29,0.86,3.09,44.34,4/15/2023 0:28,32.6,4/15/2023 23:58,38.63,95.1,4/15/2023 4:04,83.5,4/15/2023 21:59,90.5,18.71,4/15/2023 10:58,0,4/15/2023 5:51,7.384,242.6,NNW,87.18667,23.96382,0.022,0.028,0
4/16/2023 23:59,1250,12.26,0.09,3.18,37.01,4/16/2023 19:08,26.84,4/16/2023 7:17,31.19,98.2,4/16/2023 15:50,61.15,4/16/2023 21:48,87.5,29.29,4/16/2023 20:17,1.491,4/16/2023 1:14,10.82,231.5,NNW,202.9427,24.45877,0.029,0.035,0
4/17/2023 23:59,1251,12.37,0,3.18,47.98,4/17/2023 16:18,29.06,4/17/2023 5:36,37.44,68.48,4/17/2023 5:57,39.71,4/17/2023 17:11,54.98,25.34,4/17/2023 0:48,0.969,4/17/2023 23:40,8.02,211.6,NNW,614.0099,24.85207,0.119,0.153,0
4/18/2023 23:59,1252,12.36,0,3.18,53.91,4/18/2023 15:32,25.27,4/18/2023 5:28,41.21,88.5,4/18/2023 6:14,26.07,4/18/2023 13:11,52.19,16.17,4/18/2023 23:47,0,4/18/2023 0:22,4.075,134.2,E,582.4951,25.08106,0.128,0.16,1.955
4/19/2023 23:59,1253,12.35,0.51,3.69,44.99,4/19/2023 0:03,34.33,4/19/2023 23:48,39.04,95,4/19/2023 23:10,40,4/19/2023 4:15,72.74,25.49,4/19/2023 8:20,2.907,4/19/2023 2:42,10.9,94.2,E,109.7574,24.89107,0.044,0.06,0
4/20/2023 23:59,1254,12.26,0.56,4.25,35.12,4/20/2023 0:37,31.94,4/20/2023 14:03,33.25,98.6,4/20/2023 15:13,92.3,4/20/2023 10:43,96.3,18.48,4/20/2023 4:06,0,4/20/2023 16:49,6.089,140.8,N,76.69276,25.11488,0.014,0.016,0
4/21/2023 23:59,1255,12.24,0.15,4.4,33.15,4/21/2023 13:31,29.14,4/21/2023 23:58,31.15,97.7,4/21/2023 1:40,71.71,4/21/2023 11:24,89.2,17.96,4/21/2023 13:44,0,4/21/2023 4:27,6.41,281.6,WNW,313.0011,25.51324,0.042,0.05,0
4/22/2023 23:59,1256,12.44,0.01,4.41,34.46,4/22/2023 17:21,26.76,4/22/2023 7:51,30.33,93.7,4/22/2023 0:01,56.61,4/22/2023 17:20,71.92,24.3,4/22/2023 9:31,0,4/22/2023 20:23,7.24,246.4,NNW,281.1736,25.90361,0.051,0.068,0
4/23/2023 23:59,1257,12.38,0,4.41,42.54,4/23/2023 16:34,25.11,4/23/2023 5:16,33.93,90.8,4/23/2023 23:58,38.24,4/23/2023 16:36,64.08,16.99,4/23/2023 11:52,0,4/23/2023 21:18,4.997,291,WNW,482.3739,26.1036,0.087,0.111,0
4/24/2023 23:59,1258,12.39,0,4.41,46.42,4/24/2023 14:51,28.24,4/24/2023 5:28,36.8,94.3,4/24/2023 5:32,33.03,4/24/2023 14:52,60.8,13.64,4/24/2023 12:04,0,4/23/2023 23:59,3.468,141,NNE,434.351,26.30342,0.089,0.113,0
4/25/2023 23:59,1259,12.35,0,4.41,47.91,4/25/2023 15:28,25.52,4/25/2023 5:07,37.33,86.2,4/25/2023 22:36,30.57,4/25/2023 12:06,54.77,17.37,4/25/2023 12:55,0,4/24/2023 23:59,3.927,82.9,ENE,600.0435,26.50062,0.119,0.151,0
4/26/2023 23:59,1260,12.35,0.06,4.47,55.82,4/26/2023 14:24,27.58,4/26/2023 4:17,42.64,92.1,4/26/2023 22:54,31.04,4/26/2023 12:50,59.86,20.05,4/26/2023 11:19,0,4/26/2023 1:00,6.143,189.1,S,490.385,26.46473,0.125,0.168,2.91
4/27/2023 23:59,1261,12.39,0.67,5.14,61.42,4/27/2023 13:03,34.91,4/27/2023 5:27,47.32,99.4,4/27/2023 8:56,37.59,4/27/2023 13:37,83.7,17.14,4/27/2023 14:30,0,4/27/2023 0:46,4.282,124.3,ESE,288.4634,26.03673,0.08,0.102,5.71
4/28/2023 23:59,1262,12.38,0.03,5.17,50.86,4/28/2023 17:16,40.01,4/28/2023 23:47,45.52,97.1,4/28/2023 23:38,57.38,4/28/2023 17:46,84.2,18.63,4/28/2023 12:35,0,4/28/2023 19:20,5.119,105.6,NNE,242.4848,26.21124,0.054,0.067,0.43
4/29/2023 23:59,1263,12.38,0,5.17,54.99,4/29/2023 12:44,36.96,4/29/2023 5:54,45.01,96.7,4/29/2023 0:02,33.02,4/29/2023 16:57,60.1,24.52,4/29/2023 11:54,0,4/29/2023 0:00,7.835,202.5,N,485.3902,26.83768,0.128,0.172,2.495
4/30/2023 23:59,1264,12.37,0,5.17,53.66,4/30/2023 13:56,37.87,4/30/2023 6:07,44.71,65.01,4/30/2023 3:20,34.91,4/30/2023 18:29,48.92,31.83,4/30/2023 11:39,1.491,4/30/2023 23:27,12.44,232.2,NNW,534.4291,27.15122,0.152,0.212,1.83
5/1/2023 23:59,1265,12.37,0,5.17,54.89,5/1/2023 14:11,37.05,5/1/2023 5:13,45.67,58.46,5/1/2023 5:38,20.27,5/1/2023 14:33,41.22,30.86,5/1/2023 12:44,1.267,5/1/2023 2:00,10.44,227.7,NNW,651.3267,27.51026,0.178,0.248,2.445
5/2/2023 23:59,1266,12.35,0,5.17,61.15,5/2/2023 15:29,36.88,5/2/2023 5:12,48.99,57.69,5/2/2023 5:12,13.2,5/2/2023 13:23,30.78,28.17,5/2/2023 11:36,0,5/2/2023 22:48,8.63,213.4,NNW,685.1154,27.93343,0.205,0.289,5.575
5/3/2023 23:59,1267,12.78,0.02,0.02,71.74,5/3/2023 15:00,-108,5/3/2023 9:50,63.98,69.52,5/3/2023 21:00,0.463,5/3/2023 9:50,29.6,15.88,5/3/2023 11:50,0,5/3/2023 9:50,4.705,238.1,WSW,477.8838,23.56858,0.158,0.206,10.87
5/4/2023 23:59,1268,12.71,0,0.02,75.44,5/4/2023 15:18,42.3,5/4/2023 5:01,60.54,82.3,5/4/2023 4:35,18.22,5/4/2023 15:49,41.03,17.81,5/4/2023 20:24,0,5/4/2023 1:05,5.048,170.6,N,659.4726,27.53762,0.219,0.282,12.72
5/5/2023 23:59,1269,12.73,0,0.02,71.89,5/5/2023 15:19,42.47,5/5/2023 5:39,54.3,81.5,5/5/2023 5:59,35.71,5/5/2023 15:20,60.74,24.3,5/5/2023 18:14,0.298,5/5/2023 0:04,9.95,58.17,ENE,611.2122,27.33136,0.195,0.259,10.95
5/6/2023 23:59,1270,12.71,0.15,0.17,56.21,5/6/2023 13:24,45.77,5/6/2023 5:45,50.26,96.4,5/6/2023 21:50,78.07,5/6/2023 0:22,87.6,23.33,5/6/2023 19:44,0,5/6/2023 20:24,7.988,73.57,ENE,112.4061,27.11548,0.039,0.051,3.105
5/7/2023 23:59,1271,12.7,0,0.17,71.64,5/7/2023 16:17,46.51,5/7/2023 23:49,59.04,99.1,5/7/2023 4:42,43.7,5/7/2023 17:12,74.91,18.63,5/7/2023 15:10,0,5/7/2023 3:23,5.08,208.3,SW,520.6503,27.15368,0.152,0.186,10.82
5/8/2023 23:59,1272,12.76,0.04,0.21,68.94,5/8/2023 15:56,45.27,5/8/2023 4:38,55.7,99.4,5/8/2023 6:32,45.24,5/8/2023 17:06,75.53,14.38,5/8/2023 12:13,0,5/8/2023 0:08,2.76,186.2,NNW,532.3574,27.4525,0.136,0.158,9.47
5/9/2023 23:59,1273,12.73,0.38,0.59,72.96,5/9/2023 15:08,44.45,5/9/2023 5:22,58.47,99.2,5/9/2023 6:02,49.72,5/9/2023 13:39,80.8,18.11,5/9/2023 16:21,0,5/8/2023 23:59,3.959,147.2,E,431.1992,27.31736,0.13,0.159,11.48
5/10/2023 23:59,1274,12.73,0.01,0.6,78.5,5/10/2023 14:18,54.5,5/10/2023 1:21,66.14,97.2,5/10/2023 1:46,41,5/10/2023 14:08,70.99,17.66,5/10/2023 14:05,0,5/10/2023 0:02,4.577,144.1,SE,527.9501,27.24356,0.172,0.216,16.5
5/11/2023 23:59,1275,12.76,0,0.6,81.8,5/11/2023 15:00,53.36,5/11/2023 5:07,68.29,95.3,5/11/2023 2:57,40.86,5/11/2023 16:39,66.19,13.71,5/11/2023 16:50,0,5/11/2023 0:34,3.785,129.6,SE,548.3394,27.36669,0.18,0.225,17.58
5/12/2023 23:59,1276,12.76,0.09,0.69,73.62,5/12/2023 16:57,57.64,5/12/2023 23:51,64.54,97,5/12/2023 8:57,58.55,5/12/2023 16:49,79.01,15.43,5/12/2023 11:54,0,5/11/2023 23:59,5.093,65.5,ENE,303.7125,27.30724,0.105,0.133,15.63
5/13/2023 23:59,1277,12.71,0.22,0.91,59.02,5/13/2023 13:25,52.2,5/13/2023 23:54,56.06,93,5/13/2023 9:19,41.75,5/13/2023 23:47,72.41,22.73,5/13/2023 13:30,1.043,5/13/2023 1:45,8.16,56.62,ENE,122.659,27.98514,0.072,0.103,5.61
5/14/2023 23:59,1278,12.69,0,0.91,72.06,5/14/2023 14:43,45.86,5/14/2023 22:58,58.82,84.2,5/14/2023 21:43,18.69,5/14/2023 15:54,40.69,16.4,5/14/2023 0:18,0,5/14/2023 20:22,5.938,83,NE,672.3997,29.00596,0.22,0.29,11.03
5/15/2023 23:59,1279,12.73,0,0.91,77.18,5/15/2023 15:25,40.26,5/15/2023 4:52,60.42,98.4,5/15/2023 6:04,22.34,5/15/2023 15:46,57.64,15.58,5/15/2023 14:15,0,5/15/2023 0:07,3.814,243.4,WSW,689.2844,28.64669,0.212,0.268,13.59
5/16/2023 23:59,1280,12.73,0,0.91,79.98,5/16/2023 15:00,47.17,5/16/2023 2:11,65.06,88.6,5/16/2023 1:46,28.11,5/16/2023 17:30,52.17,14.98,5/16/2023 15:27,0,5/16/2023 0:58,4.319,164.6,NNW,525.3592,28.49365,0.186,0.24,14.99
5/17/2023 23:59,1281,12.71,0,0.91,73.29,5/17/2023 14:55,44.54,5/17/2023 5:04,58.69,74.84,5/17/2023 5:05,37.24,5/17/2023 13:52,58.46,20.94,5/17/2023 14:43,0,5/17/2023 3:15,7.743,136.7,SE,478.7137,28.74136,0.177,0.243,11.65
5/18/2023 23:59,1282,12.72,0.02,0.93,72.46,5/18/2023 14:42,42.89,5/18/2023 23:59,58.18,93.5,5/18/2023 8:58,31.29,5/18/2023 14:18,64.31,20.65,5/18/2023 16:57,0,5/18/2023 2:01,6.873,258.2,W,339.5445,28.69568,0.138,0.185,11.23
5/19/2023 23:59,1283,12.67,0,0.93,58.94,5/19/2023 14:21,40.09,5/19/2023 23:57,48.88,97.2,5/19/2023 23:58,45.52,5/19/2023 13:27,67.91,20.35,5/19/2023 13:30,0,5/19/2023 18:41,5.973,214.3,NNW,521.6762,29.35388,0.131,0.168,4.47
5/20/2023 23:59,1284,12.66,0,0.93,74.2,5/20/2023 14:56,36.14,5/20/2023 5:06,57.31,99.2,5/20/2023 5:39,24.42,5/20/2023 14:31,59.49,22.21,5/20/2023 13:20,0,5/19/2023 23:59,4.044,248.9,WSW,718.5034,29.4505,0.22,0.285,12.1
5/21/2023 23:59,1285,12.69,0,0.93,80.2,5/21/2023 15:34,41.32,5/21/2023 5:07,62.98,98.6,5/21/2023 5:57,19.09,5/21/2023 15:16,54.98,17.74,5/21/2023 14:24,0,5/20/2023 23:59,2.736,184.1,SE,650.6407,29.43032,0.21,0.262,15.1
5/22/2023 23:59,1286,12.71,0,0.93,86,5/22/2023 15:01,49.48,5/22/2023 5:19,67.37,85.5,5/22/2023 5:19,24.18,5/22/2023 13:41,51.68,21.47,5/22/2023 12:40,0,5/22/2023 0:50,5.542,144.2,SSE,570.5602,29.14863,0.233,0.316,18
5/23/2023 23:59,1287,12.72,0,0.93,87.5,5/23/2023 14:54,47.75,5/23/2023 4:39,70.37,95.5,5/23/2023 4:28,26.82,5/23/2023 14:54,52.38,24.3,5/23/2023 21:46,0,5/22/2023 23:59,6.32,186.8,S,613.2147,29.10665,0.257,0.347,18
5/24/2023 23:59,1288,12.72,0,0.93,62.48,5/24/2023 17:10,47.5,5/24/2023 22:26,54.68,83.8,5/24/2023 3:06,54.89,5/24/2023 17:10,70.1,21.84,5/24/2023 11:18,3.205,5/24/2023 23:09,10.99,73.31,ENE,461.0929,29.44892,0.139,0.185,6.24
5/25/2023 23:59,1289,12.7,0,0.93,77.91,5/25/2023 16:11,46.59,5/25/2023 1:41,62.27,81.6,5/25/2023 0:53,30.87,5/25/2023 13:22,50.86,20.42,5/25/2023 12:38,0.224,5/25/2023 23:18,7.406,125.1,SE,622.1537,29.70486,0.229,0.314,13.95
5/26/2023 23:59,1290,12.72,0,0.93,82.5,5/26/2023 15:16,51.37,5/26/2023 3:22,67.34,66.25,5/26/2023 3:23,16.55,5/26/2023 13:13,37.61,21.47,5/26/2023 13:11,0,5/26/2023 1:03,7.031,159.8,SSE,705.1965,30.10292,0.281,0.391,16.93
5/27/2023 23:59,1291,12.7,0,0.93,83.1,5/27/2023 15:58,42.23,5/27/2023 4:40,67.04,91.2,5/27/2023 4:43,15.23,5/27/2023 15:40,36.86,22.96,5/27/2023 13:38,0,5/27/2023 1:47,6.413,171.5,SSE,727.3433,30.23064,0.288,0.399,16.55
5/28/2023 23:59,1292,12.7,0,0.93,83.6,5/28/2023 14:02,44.2,5/28/2023 4:36,67.37,93.2,5/28/2023 4:40,17.22,5/28/2023 13:56,43.79,21.91,5/28/2023 12:16,0,5/27/2023 23:59,5.587,175.3,SSE,620.0047,30.08534,0.257,0.351,16.8
5/29/2023 23:59,1293,12.74,0,0.93,87,5/29/2023 13:23,55.33,5/29/2023 5:28,71.82,74.18,5/29/2023 20:48,22.18,5/29/2023 12:16,44.17,26.83,5/29/2023 13:26,0,5/29/2023 4:08,7.49,154.5,SSE,549.4987,29.84805,0.267,0.381,20.67
5/30/2023 23:59,1294,12.76,0,0.93,87.6,5/30/2023 15:38,64.06,5/30/2023 0:11,74.45,85.5,5/30/2023 6:49,38.63,5/30/2023 16:03,63.36,24.15,5/30/2023 15:04,0,5/29/2023 23:59,8.35,182.5,S,560.6577,28.99574,0.232,0.312,25.03
5/31/2023 23:59,1295,12.75,0,0.93,90.5,5/31/2023 15:06,60.26,5/31/2023 4:20,74.1,92.6,5/31/2023 23:54,36.87,5/31/2023 15:32,65.48,27.88,5/31/2023 18:07,0,5/31/2023 1:19,6.585,170.4,SSE,632.2692,29.07692,0.254,0.336,23.13
6/1/2023 23:59,1296,12.74,0.02,0.95,90.8,6/1/2023 16:09,58.29,6/1/2023 4:59,74.86,98.4,6/1/2023 4:45,35.57,6/1/2023 12:17,67.34,22.73,6/1/2023 16:20,0,6/1/2023 0:00,5.535,168.5,SSE,640.3307,29.06415,0.253,0.329,22.14
6/2/2023 23:59,1297,12.76,0.04,0.99,88.5,6/2/2023 16:09,65.62,6/2/2023 4:33,74.93,93.8,6/2/2023 2:50,36.6,6/2/2023 16:52,70.24,23.63,6/2/2023 18:32,0,6/2/2023 2:19,6.386,139.5,SE,600.3543,29.05843,0.231,0.298,25.81
6/3/2023 23:59,1298,12.75,0,0.99,87.5,6/3/2023 13:53,62,6/3/2023 4:34,74.67,97.3,6/3/2023 3:53,41.68,6/3/2023 18:00,69.22,12.67,6/3/2023 14:04,0,6/3/2023 3:21,3.59,95.7,E,497.5699,29.0894,0.177,0.217,24
6/4/2023 23:59,1299,12.75,0,0.99,88.7,6/4/2023 14:28,60.36,6/4/2023 3:44,75.07,94.1,6/4/2023 3:42,35.11,6/4/2023 15:05,64.31,11.85,6/4/2023 13:18,0,6/3/2023 23:59,2.851,97.1,ENE,638.6186,29.33478,0.215,0.259,23.18
6/5/2023 23:59,1300,12.75,0,0.99,81,6/5/2023 13:57,61.6,6/5/2023 4:11,71.6,95.6,6/5/2023 4:14,53.82,6/5/2023 14:56,73.78,14.53,6/5/2023 8:17,0,6/4/2023 23:59,3.903,102.1,E,380.9299,29.30694,0.138,0.171,21.3
6/6/2023 23:59,1301,12.73,0,0.99,82.2,6/6/2023 16:02,59.54,6/6/2023 23:59,68.29,88,6/6/2023 6:54,52.92,6/6/2023 15:30,73.82,13.12,6/6/2023 20:41,0,6/6/2023 9:45,5.096,80.4,ENE,452.3926,29.41121,0.157,0.19,20.87
6/7/2023 23:59,1302,12.73,0.05,1.04,78.67,6/7/2023 14:18,53.77,6/7/2023 5:03,65.19,91.3,6/7/2023 19:55,47.72,6/7/2023 14:56,63.46,15.13,6/7/2023 14:40,0,6/7/2023 3:31,5.329,94.8,E,554.3495,29.84896,0.19,0.239,16.22
6/8/2023 23:59,1303,12.71,0,1.04,79.91,6/8/2023 14:03,56.08,6/8/2023 23:58,66.96,73.91,6/8/2023 23:41,28.53,6/8/2023 16:07,47.11,12.89,6/8/2023 14:27,0,6/8/2023 5:13,3.727,111.8,ESE,613.5027,30.40494,0.214,0.266,18.03
6/9/2023 23:59,1304,12.73,0,1.04,84.7,6/9/2023 15:57,50.64,6/9/2023 4:51,69.79,93.9,6/9/2023 5:32,31.52,6/9/2023 15:52,58.26,15.65,6/9/2023 15:57,0,6/8/2023 23:59,2.743,206,SW,602.0951,30.06215,0.202,0.246,17.67
6/10/2023 23:59,1305,12.74,0,1.04,74.2,6/10/2023 14:52,50.88,6/10/2023 23:55,64.38,97.2,6/10/2023 3:23,56.66,6/10/2023 14:57,78.16,24.22,6/10/2023 16:47,0,6/10/2023 0:03,8.05,66.01,NE,495.955,29.69659,0.156,0.201,12.54
6/11/2023 23:59,1306,12.69,0,1.04,70.82,6/11/2023 16:48,44.79,6/11/2023 4:39,58,96.2,6/11/2023 3:55,31.39,6/11/2023 16:57,62.93,24.45,6/11/2023 11:18,0,6/11/2023 3:18,5.882,96.2,NNE,719.8129,30.74285,0.203,0.262,10.41
6/12/2023 23:59,1307,12.69,0,1.04,79.82,6/12/2023 15:39,46.76,6/12/2023 1:42,65.48,93.6,6/12/2023 1:27,24.08,6/12/2023 15:13,52.85,19.83,6/12/2023 11:19,0,6/11/2023 23:59,5.024,258.1,NW,623.4271,30.6646,0.226,0.301,14.91
6/13/2023 23:59,1308,12.71,0,1.04,83.5,6/13/2023 15:42,48.5,6/13/2023 3:41,68.48,93.7,6/13/2023 5:07,25.62,6/13/2023 14:04,55.44,17.59,6/13/2023 14:35,0,6/13/2023 0:02,2.881,167,NNE,675.19,30.38102,0.228,0.282,16.75
6/14/2023 23:59,1309,12.71,0,1.04,79.44,6/14/2023 14:54,51.62,6/14/2023 4:05,66.83,98.3,6/14/2023 6:25,44.36,6/14/2023 12:17,70.59,9.54,6/14/2023 15:16,0,6/13/2023 23:59,2.59,114.5,NNE,453.8727,29.97353,0.15,0.18,15.53
6/15/2023 23:59,1310,12.72,0,1.04,70.19,6/15/2023 15:51,50.47,6/15/2023 23:45,60.03,91.7,6/15/2023 2:30,42.67,6/15/2023 14:40,67.56,16.4,6/15/2023 13:23,0,6/15/2023 14:20,6.219,71.07,ENE,591.4313,30.4583,0.176,0.222,10.33
6/16/2023 23:59,1311,12.68,0,1.04,76.27,6/16/2023 16:57,42.65,6/16/2023 4:49,60.38,96.7,6/16/2023 23:59,38.64,6/16/2023 15:47,68.72,13.79,6/16/2023 13:42,0,6/16/2023 0:47,3.416,142.2,ESE,659.7021,30.4283,0.184,0.221,13.13
6/17/2023 23:59,1312,12.71,0,1.04,83.5,6/17/2023 13:45,51.37,6/17/2023 4:10,68.03,98.2,6/17/2023 4:19,31.92,6/17/2023 13:47,66.65,17.22,6/17/2023 14:14,0,6/17/2023 0:01,3.597,153.7,SSE,413.3539,30.19074,0.164,0.215,17.43
6/18/2023 23:59,1313,12.74,0,1.04,76.68,6/18/2023 14:12,61.68,6/18/2023 4:00,67.86,95.2,6/18/2023 22:54,57.38,6/18/2023 14:27,79.01,16.84,6/18/2023 14:52,0,6/17/2023 23:59,3.32,132.5,ESE,344.8908,29.66972,0.12,0.145,19.18
6/19/2023 23:59,1314,12.76,0,1.04,89.2,6/19/2023 16:15,62.67,6/19/2023 0:08,74.47,96.5,6/19/2023 6:07,40.18,6/19/2023 16:16,70.8,19.01,6/19/2023 17:38,0,6/19/2023 0:35,5.439,133.2,SE,574.6566,29.58036,0.216,0.276,24.34
6/20/2023 23:59,1315,12.77,0,1.04,91.6,6/20/2023 15:06,64.56,6/20/2023 23:57,79.06,83.2,6/20/2023 4:36,32.15,6/20/2023 14:34,54.92,22.36,6/20/2023 11:20,0,6/20/2023 21:05,7.605,153.2,SSE,691.8157,29.80137,0.295,0.401,25.28
6/21/2023 23:59,1316,12.74,0,1.04,90.7,6/21/2023 14:40,56.57,6/21/2023 3:26,75.38,96.3,6/21/2023 3:34,29.58,6/21/2023 14:32,58.13,17.96,6/21/2023 12:59,0,6/20/2023 23:59,4.582,156.1,SSE,680.7908,30.01598,0.259,0.335,21.29
6/22/2023 23:59,1317,12.75,0,1.04,91.6,6/22/2023 15:30,58.55,6/22/2023 4:47,77.28,97.7,6/22/2023 5:07,30.3,6/22/2023 15:15,60.74,19.75,6/22/2023 11:07,0,6/21/2023 23:59,4.248,205.6,SW,665.2633,29.81437,0.253,0.318,22.28
6/23/2023 23:59,1318,12.76,0.09,1.13,87.5,6/23/2023 13:11,64.4,6/23/2023 19:58,70.31,94.1,6/23/2023 17:31,44.87,6/23/2023 13:11,82.7,18.11,6/23/2023 14:02,0,6/23/2023 0:12,4.173,125,NE,375.6401,29.45074,0.131,0.155,25.2
6/24/2023 23:59,1319,12.73,0.08,1.21,84.9,6/24/2023 16:22,63.49,6/24/2023 1:32,71.75,96.9,6/24/2023 5:10,49.94,6/24/2023 16:23,78.21,19.08,6/24/2023 9:20,0,6/24/2023 0:05,5.929,133,SE,362.6606,29.52008,0.137,0.178,24.2
6/25/2023 23:59,1320,12.77,0.7,1.91,75.04,6/25/2023 16:02,61.43,6/25/2023 3:51,66.14,97.5,6/25/2023 3:58,64.31,6/25/2023 16:02,86.1,22.66,6/25/2023 16:18,0,6/25/2023 0:19,6.311,163.8,N,339.9733,29.62639,0.106,0.129,18.24
6/26/2023 23:59,1321,12.74,0,1.91,82.5,6/26/2023 14:49,60.7,6/26/2023 23:34,69.87,96.4,6/26/2023 3:00,36.11,6/26/2023 15:09,70.06,18.71,6/26/2023 13:06,0,6/26/2023 19:09,5.699,227.8,NNW,655.4724,29.95473,0.218,0.273,21.6
6/27/2023 23:59,1322,12.74,0,1.91,85.3,6/27/2023 12:58,56.16,6/27/2023 4:08,71.8,98.5,6/27/2023 3:28,34.81,6/27/2023 14:34,68.77,14.46,6/27/2023 15:43,0,6/26/2023 23:59,2.9,197.2,SSW,629.5014,29.76088,0.213,0.259,20.73
6/28/2023 23:59,1323,12.75,0.05,1.96,76.62,6/28/2023 15:24,58.39,6/28/2023 23:29,68.39,98.7,6/28/2023 23:55,69.44,6/28/2023 10:46,83.9,13.49,6/28/2023 11:31,0,6/28/2023 3:54,3.36,214.5,SSW,222.3164,29.42348,0.072,0.088,17.5
6/29/2023 23:59,1324,12.75,0,1.96,85.5,6/29/2023 14:58,56.82,6/29/2023 1:34,70.47,99.5,6/29/2023 7:34,30.03,6/29/2023 14:28,73.49,20.05,6/29/2023 15:35,0,6/29/2023 0:02,4.163,225.3,WSW,614.8947,29.5192,0.213,0.266,21.16
6/30/2023 23:59,1325,12.74,0,1.96,83,6/30/2023 14:11,55.26,6/30/2023 4:56,70.94,97,6/30/2023 5:04,41.25,6/30/2023 15:41,70.1,13.64,6/30/2023 14:29,0,6/29/2023 23:59,2.586,258.3,WNW,581.1183,29.64391,0.185,0.22,19.13
7/1/2023 23:59,1326,12.74,0,1.96,84.4,7/1/2023 15:57,55.92,7/1/2023 4:56,71.82,98.7,7/1/2023 5:24,39.4,7/1/2023 15:22,69.47,12.67,7/1/2023 15:21,0,6/30/2023 23:59,2.392,197,N,623.3417,29.66225,0.2,0.238,20.16
7/2/2023 23:59,1327,12.74,0,1.96,88.1,7/2/2023 14:07,56.08,7/2/2023 4:15,72.09,99.2,7/2/2023 4:19,33.81,7/2/2023 12:07,73.91,14.09,7/2/2023 16:51,0,7/1/2023 23:59,2.112,209.8,SW,580.9598,29.49614,0.194,0.227,21.04
7/3/2023 23:59,1328,12.75,0.05,2.01,86.3,7/3/2023 15:36,63.66,7/3/2023 0:03,75.56,97.9,7/3/2023 0:10,35.87,7/3/2023 17:26,70.13,14.24,7/3/2023 12:49,0,7/2/2023 23:59,4.214,199.1,NW,631.9349,29.0841,0.219,0.267,24.83
7/4/2023 23:59,1329,12.75,0.04,2.05,72.97,7/4/2023 17:57,58.14,7/4/2023 23:09,66.99,98.1,7/4/2023 23:29,61.75,7/4/2023 0:14,81.6,11.33,7/4/2023 18:02,0,7/4/2023 1:10,2.438,228.7,NNW,234.0614,29.29729,0.068,0.079,15.56
7/5/2023 23:59,1330,12.73,0,2.05,69.48,7/5/2023 14:25,49.07,7/5/2023 23:31,62.3,98.4,7/5/2023 0:46,46.18,7/5/2023 14:03,67.89,19.45,7/5/2023 10:19,0,7/5/2023 0:54,5.341,297.3,NW,610.3789,30.0861,0.182,0.229,9.74
7/6/2023 23:59,1331,12.68,0,2.05,74.22,7/6/2023 16:10,46.93,7/6/2023 2:52,61.63,97.9,7/6/2023 3:14,35.52,7/6/2023 13:55,63.92,14.31,7/6/2023 9:12,0,7/5/2023 23:59,2.778,244,WNW,683.4134,30.26558,0.196,0.236,12.11
7/7/2023 23:59,1332,12.7,0,2.05,76.93,7/7/2023 15:46,46.77,7/7/2023 4:56,64.12,98,7/7/2023 3:11,37.7,7/7/2023 16:49,67.58,15.73,7/7/2023 11:30,0,7/7/2023 0:02,4.359,227.1,WSW,535.1489,29.89387,0.184,0.238,13.47
7/8/2023 23:59,1333,12.72,0,2.05,74.48,7/8/2023 13:26,49.9,7/8/2023 23:58,63.45,97.8,7/8/2023 4:08,35.91,7/8/2023 15:39,66.47,15.43,7/8/2023 14:05,0,7/8/2023 0:00,3.712,255.9,NW,642.4065,29.92051,0.192,0.237,12.24
7/9/2023 23:59,1334,12.71,0.02,2.07,85.6,7/9/2023 14:00,48.91,7/9/2023 0:38,71.48,92.7,7/9/2023 3:50,36.25,7/9/2023 14:02,60.99,27.35,7/9/2023 15:54,0,7/8/2023 23:59,8.62,233.7,SW,674.1027,29.3796,0.273,0.369,17.8
7/10/2023 23:59,1335,12.77,0,2.07,80.5,7/10/2023 13:33,55.66,7/10/2023 23:57,69.94,86.5,7/10/2023 4:54,40.18,7/10/2023 13:48,56.59,17.07,7/10/2023 17:24,0,7/10/2023 4:06,5.424,193.3,NNW,620.2542,29.5057,0.216,0.271,18.08
7/11/2023 23:59,1336,12.7,0.06,2.13,73.81,7/11/2023 14:51,43.14,7/11/2023 5:07,60.14,98.6,7/11/2023 23:54,35.52,7/11/2023 12:06,66.73,13.34,7/11/2023 9:04,0,7/11/2023 0:23,3.116,196.7,NW,531.5176,29.91354,0.161,0.194,11.9
7/12/2023 23:59,1337,12.7,0.01,2.14,73.55,7/12/2023 14:45,53.35,7/12/2023 1:45,63.04,99.1,7/12/2023 2:54,46.66,7/12/2023 16:19,77.02,10.73,7/12/2023 10:46,0,7/12/2023 1:01,2.551,76.61,NE,358.2287,29.35321,0.117,0.14,13.45
7/13/2023 23:59,1338,12.73,0.21,2.35,82.8,7/13/2023 16:27,55.08,7/13/2023 5:09,67.95,98.4,7/13/2023 6:02,42.2,7/13/2023 14:33,76.11,18.11,7/13/2023 18:22,0,7/12/2023 23:59,3.719,231.1,WSW,559.8041,29.0382,0.188,0.231,18.94
7/14/2023 23:59,1339,12.73,0,2.35,83.7,7/14/2023 14:18,55.25,7/14/2023 5:30,69.16,99.1,7/14/2023 6:12,43.19,7/14/2023 12:44,76.2,15.2,7/14/2023 14:55,0,7/14/2023 1:48,3.995,239.6,WSW,506.5126,28.74453,0.18,0.225,19.48
7/15/2023 23:59,1340,12.74,0,2.35,76.03,7/15/2023 13:26,50.96,7/15/2023 23:50,63.98,98.2,7/15/2023 5:51,37.28,7/15/2023 15:22,70.49,21.61,7/15/2023 15:01,0,7/15/2023 2:06,4.452,250.1,W,545.0491,29.20943,0.18,0.231,13.49
7/16/2023 23:59,1341,12.7,0,2.35,74.36,7/16/2023 11:10,48.49,7/16/2023 2:13,62.63,97.9,7/16/2023 2:41,38.83,7/16/2023 12:50,65.4,25.34,7/16/2023 11:19,0,7/15/2023 23:59,7.131,273.5,WNW,616.5933,29.31829,0.204,0.272,12.18
7/17/2023 23:59,1342,12.72,0,2.35,73.46,7/17/2023 15:44,51.95,7/17/2023 23:58,61.5,95.6,7/17/2023 23:58,44.07,7/17/2023 15:18,71.59,16.7,7/17/2023 13:35,0,7/17/2023 1:22,4.75,283.9,NW,524.3784,29.14581,0.15,0.188,12.7
7/18/2023 23:59,1343,12.7,0,2.35,81.1,7/18/2023 17:09,47.09,7/18/2023 4:45,66.3,98.8,7/18/2023 6:10,35.56,7/18/2023 16:54,66.85,11.55,7/18/2023 14:16,0,7/17/2023 23:59,1.806,185.8,SSW,627.581,28.95796,0.187,0.218,15.55
7/19/2023 23:59,1344,12.74,0.51,2.86,87.7,7/19/2023 14:45,58.46,7/19/2023 1:19,71.13,95.9,7/19/2023 1:40,36.37,7/19/2023 14:17,71.97,26.53,7/19/2023 15:38,0,7/19/2023 0:03,5.128,228.7,WSW,572.6286,28.20211,0.195,0.24,22.23
7/20/2023 23:59,1345,12.75,0,2.86,77.52,7/20/2023 16:01,56.98,7/20/2023 23:58,66.61,95.8,7/20/2023 23:58,43.58,7/20/2023 17:16,73.49,17.59,7/20/2023 7:12,0,7/20/2023 19:08,5.109,257.4,NW,518.0004,28.49591,0.158,0.196,17.25
7/21/2023 23:59,1346,12.72,0,2.86,82.4,7/21/2023 15:58,52.04,7/21/2023 5:16,67.93,99,7/21/2023 6:06,35.4,7/21/2023 16:17,70.75,14.16,7/21/2023 17:12,0,7/20/2023 23:59,2.418,234.9,W,591.3698,28.4601,0.184,0.22,17.22
7/22/2023 23:59,1347,12.72,0,2.86,83.5,7/22/2023 12:55,51.38,7/22/2023 4:58,67.49,98.9,7/22/2023 6:26,46.75,7/22/2023 13:33,78.61,17.44,7/22/2023 14:39,0,7/21/2023 23:59,1.876,191.3,NW,473.4182,28.04021,0.14,0.161,17.44
7/23/2023 23:59,1348,12.73,0,2.86,84.6,7/23/2023 16:22,55.83,7/23/2023 5:48,70.2,99,7/23/2023 6:27,36.96,7/23/2023 16:04,73.62,10.06,7/23/2023 10:53,0,7/22/2023 23:59,1.543,213.6,W,549.2059,28.05477,0.171,0.196,20.21
7/24/2023 23:59,1349,12.73,0,2.86,88.5,7/24/2023 13:23,56.48,7/24/2023 4:55,72.66,99,7/24/2023 5:45,40.47,7/24/2023 12:19,73.87,15.58,7/24/2023 15:46,0,7/24/2023 0:02,1.922,161.2,SSE,572.8671,27.72152,0.187,0.218,21.24
7/25/2023 23:59,1350,12.74,0.16,3.02,93.7,7/25/2023 13:54,60.19,7/25/2023 4:11,77.47,99.2,7/25/2023 6:13,35.89,7/25/2023 13:47,69.67,23.63,7/25/2023 21:25,0,7/24/2023 23:59,4.513,180.8,S,540.7642,27.47133,0.217,0.277,23.1
7/26/2023 23:59,1351,12.76,0.08,3.1,93.9,7/26/2023 17:08,67.03,7/26/2023 5:58,78.64,96.6,7/26/2023 23:58,44.45,7/26/2023 16:19,73.41,20.35,7/26/2023 4:21,0,7/26/2023 0:07,3.358,219.2,WSW,613.6879,27.11093,0.209,0.243,26.52
7/27/2023 23:59,1352,12.77,0.01,3.11,93.3,7/27/2023 11:40,65.88,7/27/2023 23:50,80.3,98.1,7/27/2023 5:29,49.61,7/27/2023 11:17,77.53,17.37,7/27/2023 18:14,0,7/27/2023 1:15,4.245,168.3,SSE,480.7377,26.69404,0.178,0.218,25.94
7/28/2023 23:59,1353,12.75,0,3.11,86.7,7/28/2023 12:52,62.34,7/28/2023 22:23,73.04,98.8,7/28/2023 6:41,45.35,7/28/2023 17:19,75.21,24.6,7/28/2023 14:29,0,7/27/2023 23:59,3.751,130.5,NNE,497.1379,27.13406,0.166,0.203,24.17
7/29/2023 23:59,1354,12.74,0,3.11,79.9,7/29/2023 15:53,56.24,7/29/2023 23:59,68.63,92.8,7/29/2023 5:08,37.15,7/29/2023 16:35,65.54,16.4,7/29/2023 10:40,0,7/29/2023 0:02,4.051,193.6,NNW,629.0242,27.65635,0.193,0.239,18.11
7/30/2023 23:59,1355,12.7,0,3.11,81.2,7/30/2023 15:28,47.51,7/30/2023 5:22,65.32,98.9,7/30/2023 5:54,30.74,7/30/2023 15:34,66.88,11.93,7/30/2023 11:13,0,7/29/2023 23:59,1.735,193.2,N,574.778,27.73591,0.167,0.195,15.6
7/31/2023 23:59,1356,12.7,0,3.11,85.1,7/31/2023 16:17,49.4,7/31/2023 4:54,69.05,98.9,7/31/2023 6:00,31.3,7/31/2023 16:09,65.75,11.7,7/31/2023 13:32,0,7/30/2023 23:59,2.009,170.6,SSW,618.6395,27.40169,0.194,0.23,17.55
8/1/2023 23:59,1357,12.72,0,3.11,86.3,8/1/2023 12:40,54.75,8/1/2023 4:50,69.42,98.3,8/1/2023 4:40,47.96,8/1/2023 12:41,82.1,19.6,8/1/2023 12:53,0,8/1/2023 0:07,4.749,167.6,SSE,335.9148,26.66264,0.121,0.154,20.38
8/2/2023 23:59,1358,12.75,0,3.11,92.2,8/2/2023 14:05,61.92,8/2/2023 5:11,76.15,98.9,8/2/2023 6:06,42.69,8/2/2023 17:43,75.91,17.14,8/2/2023 13:02,0,8/2/2023 0:02,2.379,151.4,SE,515.4463,26.35994,0.175,0.206,23.96
8/3/2023 23:59,1359,12.75,0,3.11,94.7,8/3/2023 13:34,60.93,8/3/2023 5:14,78.01,99,8/3/2023 6:09,30.52,8/3/2023 13:32,63.66,14.53,8/3/2023 17:47,0,8/2/2023 23:59,2.947,154.8,N,575.5245,26.51465,0.216,0.268,23.46
8/4/2023 23:59,1360,12.74,0,3.11,87.7,8/4/2023 14:19,57.71,8/4/2023 5:24,73.83,93.4,8/4/2023 5:29,31.96,8/4/2023 12:27,64.95,15.06,8/4/2023 20:17,0,8/3/2023 23:59,4.201,74.9,ENE,554.6648,26.54853,0.204,0.257,21.85
8/5/2023 23:59,1361,12.75,0,3.11,83.4,8/5/2023 12:42,63.98,8/5/2023 3:54,73.01,89.7,8/5/2023 23:58,55.27,8/5/2023 12:42,72.97,15.06,8/5/2023 12:15,0.075,8/5/2023 9:30,4.974,91.2,E,432.3697,26.11807,0.157,0.198,23.69
8/6/2023 23:59,1362,12.74,0.14,3.25,78.09,8/6/2023 15:53,63.65,8/6/2023 23:12,69.37,96.9,8/6/2023 21:55,51.7,8/6/2023 14:57,80.6,11.11,8/6/2023 18:01,0,8/6/2023 0:47,3.209,115.9,NE,259.3803,26.13524,0.096,0.12,20.87
8/7/2023 23:59,1363,12.74,0,3.25,81.7,8/7/2023 14:50,56.4,8/7/2023 23:38,69.6,95,8/7/2023 23:40,32.92,8/7/2023 14:57,67.93,15.58,8/7/2023 15:11,0,8/7/2023 0:04,4.246,201,NNW,591.4399,26.4237,0.196,0.247,19.05
8/8/2023 23:59,1364,12.71,0.14,3.39,85.1,8/8/2023 12:42,50.3,8/8/2023 4:58,68.8,98.9,8/8/2023 6:34,32.21,8/8/2023 14:54,66.79,20.94,8/8/2023 15:35,0,8/8/2023 0:00,4.604,233.5,WSW,519.2961,26.21177,0.201,0.261,17.7
8/9/2023 23:59,1365,12.72,0.07,3.46,76.7,8/9/2023 16:33,54.09,8/9/2023 4:56,66.15,99.1,8/9/2023 6:19,59.3,8/9/2023 12:24,79.84,13.19,8/9/2023 0:44,0,8/9/2023 1:05,2.307,130.6,NNE,429.8888,25.72859,0.122,0.14,15.39
8/10/2023 23:59,1366,12.73,0.08,3.54,72,8/10/2023 10:40,51.62,8/10/2023 5:23,64.94,97.3,8/10/2023 5:44,46.38,8/10/2023 10:41,73.98,17.81,8/10/2023 22:27,0,8/9/2023 23:59,3.486,159.1,ESE,408.3786,25.91286,0.122,0.145,11.81
8/11/2023 23:59,1367,12.73,0.48,4.02,81.1,8/11/2023 12:46,57.22,8/11/2023 23:56,68.24,98.1,8/11/2023 4:25,51.26,8/11/2023 16:35,80.6,28.32,8/11/2023 13:26,0,8/11/2023 0:07,4.502,255.8,W,489.689,25.32714,0.151,0.181,19.16
8/12/2023 23:59,1368,12.72,0,4.02,78.01,8/12/2023 14:21,55.41,8/12/2023 0:51,66.63,98,8/12/2023 5:48,46.84,8/12/2023 14:27,74.94,17.37,8/12/2023 16:02,0,8/12/2023 0:08,3.814,250.1,WNW,538.011,25.46139,0.163,0.2,16.71
8/13/2023 23:59,1369,12.72,0.46,4.48,73.38,8/13/2023 14:57,56.81,8/13/2023 0:41,64.08,98.6,8/13/2023 7:36,59.71,8/13/2023 14:54,85.8,15.58,8/13/2023 23:41,0,8/13/2023 0:26,3.997,91.2,ENE,339.3475,25.15308,0.102,0.122,15.1
8/14/2023 23:59,1370,12.7,0.41,4.89,74.03,8/14/2023 16:27,52.28,8/14/2023 23:56,62.08,97.5,8/14/2023 23:54,34.96,8/14/2023 15:03,79.52,18.78,8/14/2023 1:57,0,8/14/2023 15:52,5.834,95.8,NNE,466.5283,25.27135,0.131,0.159,13.15
8/15/2023 23:59,1371,12.72,0,4.89,82.5,8/15/2023 15:48,47.25,8/15/2023 5:26,67.09,99,8/15/2023 6:29,48.47,8/15/2023 15:19,75.2,17.96,8/15/2023 10:07,0,8/15/2023 0:05,4.35,234.8,WSW,590.9011,24.81418,0.188,0.234,16.25
8/16/2023 23:59,1372,12.74,0,4.89,87.3,8/16/2023 13:36,58.29,8/16/2023 4:10,71.41,98.7,8/16/2023 4:26,48.08,8/16/2023 13:36,72.69,28.62,8/16/2023 13:19,0,8/16/2023 0:17,8.13,217.6,SW,487.4501,24.40129,0.195,0.26,22.14
8/17/2023 23:59,1373,12.72,0,4.89,73.37,8/17/2023 15:19,49.57,8/17/2023 23:59,63.25,97.1,8/17/2023 23:56,42.32,8/17/2023 15:25,65.06,20.94,8/17/2023 8:16,0,8/17/2023 18:14,5.825,274.5,NW,492.3059,24.96998,0.159,0.204,11.68
8/18/2023 23:59,1374,12.7,0,4.89,78.75,8/18/2023 13:51,44.13,8/18/2023 5:35,63.69,99.2,8/18/2023 6:48,45.82,8/18/2023 13:51,73.82,24.97,8/18/2023 14:36,0,8/17/2023 23:59,6.987,169.9,S,508.2832,24.54688,0.181,0.244,14.38
8/19/2023 23:59,1375,12.75,0,4.89,90.7,8/19/2023 16:44,62.42,8/19/2023 3:07,76.17,88.9,8/19/2023 5:38,53.69,8/19/2023 15:40,69.78,14.98,8/19/2023 7:13,0,8/19/2023 9:37,4.491,227.8,WSW,542.5821,23.70087,0.188,0.226,24.21
8/20/2023 23:59,1376,12.74,0,4.89,76.02,8/20/2023 15:18,56.64,8/20/2023 5:20,66.2,86.6,8/20/2023 5:22,50.58,8/20/2023 14:14,69.61,15.06,8/20/2023 13:30,0,8/20/2023 2:31,4.729,120.7,N,450.262,24.12031,0.143,0.179,16.33
8/21/2023 23:59,1377,12.71,0,4.89,78,8/21/2023 13:14,55.49,8/21/2023 2:46,66.81,91.3,8/21/2023 3:06,64.89,8/21/2023 13:17,76.64,15.8,8/21/2023 17:11,0.671,8/21/2023 6:29,6.275,79.85,E,394.7606,23.65898,0.136,0.17,16.74
8/22/2023 23:59,1378,12.75,0,4.89,98.1,8/22/2023 16:19,67.94,8/22/2023 23:58,79.95,94.1,8/22/2023 22:27,48.75,8/22/2023 16:13,76.11,16.17,8/22/2023 15:36,0,8/22/2023 12:48,5.329,139.2,SE,438.8884,22.81294,0.172,0.213,27.01
8/23/2023 23:59,1379,12.76,0,4.89,83.8,8/23/2023 16:04,65.13,8/23/2023 4:48,72.15,99.2,8/23/2023 7:05,72.7,8/23/2023 15:55,89.7,11.03,8/23/2023 12:58,0,8/23/2023 13:52,4.422,61.13,ENE,328.5896,22.87746,0.099,0.114,24.46
8/24/2023 23:59,1380,12.77,0,4.89,84.3,8/24/2023 14:48,64.4,8/24/2023 22:43,73.06,98.6,8/24/2023 23:17,61.97,8/24/2023 16:27,83.2,14.61,8/24/2023 11:51,0,8/24/2023 2:26,3.309,101,NE,450.1768,22.75162,0.142,0.166,24.35
8/25/2023 23:59,1381,12.75,0.09,4.98,83.9,8/25/2023 15:14,62.42,8/25/2023 2:33,72.13,98.9,8/25/2023 3:57,31.56,8/25/2023 16:08,73.81,16.7,8/25/2023 16:24,0,8/24/2023 23:59,3.812,209.1,NNW,440.2031,22.79451,0.153,0.192,23.16
8/26/2023 23:59,1382,12.73,0,4.98,69.01,8/26/2023 12:57,48.91,8/26/2023 23:55,62.47,97.1,8/26/2023 22:50,59.68,8/26/2023 14:14,78.47,14.83,8/26/2023 11:39,0,8/26/2023 1:30,4.505,82.2,NE,281.7399,23.05985,0.09,0.117,9.51
8/27/2023 23:59,1383,12.67,0,4.98,76.18,8/27/2023 15:53,43.14,8/27/2023 4:43,61.04,99.4,8/27/2023 7:01,48.36,8/27/2023 15:54,76.68,14.68,8/27/2023 15:03,0,8/26/2023 23:59,2.458,189.6,S,518.1066,22.92026,0.145,0.173,13.09
8/28/2023 23:59,1384,12.72,0,4.98,85.5,8/28/2023 14:58,54.1,8/28/2023 6:31,70.26,98.8,8/28/2023 7:02,38.09,8/28/2023 15:37,69.54,19.08,8/28/2023 16:19,0,8/27/2023 23:59,2.818,223.7,WNW,490.844,22.43027,0.162,0.199,19.8
8/29/2023 23:59,1385,12.73,0,4.98,82.8,8/29/2023 14:02,52.53,8/29/2023 5:54,67.87,99,8/29/2023 6:57,38.94,8/29/2023 13:35,71.83,13.64,8/29/2023 16:05,0,8/29/2023 2:17,2.605,182.6,N,432.2927,22.37524,0.136,0.165,17.67
8/30/2023 23:59,1386,12.7,0,4.98,80.1,8/30/2023 15:08,53.59,8/30/2023 5:39,66.35,97.2,8/30/2023 4:42,47.84,8/30/2023 13:37,72.52,15.8,8/30/2023 11:51,0,8/30/2023 3:10,5.052,127.1,SE,523.9025,22.21901,0.166,0.211,16.85
8/31/2023 23:59,1387,12.72,0,4.98,80.9,8/31/2023 12:26,58.54,8/31/2023 5:44,68.84,85.6,8/31/2023 5:38,43.52,8/31/2023 17:24,62.67,27.13,8/31/2023 16:29,1.416,8/31/2023 0:13,9.12,164.8,SSE,432.029,22.02499,0.187,0.267,19.72
9/1/2023 23:59,1388,12.74,0,4.98,88.6,9/1/2023 16:20,59.69,9/1/2023 5:55,73.87,86.2,9/1/2023 23:50,43.79,9/1/2023 16:22,63.28,18.86,9/1/2023 13:34,0,9/1/2023 21:25,6.72,195,SSW,513.5866,21.64035,0.197,0.261,22.85
9/2/2023 23:59,1389,12.76,0.02,5,86.2,9/2/2023 14:28,66.69,9/2/2023 6:12,74.53,97.7,9/2/2023 22:59,50.78,9/2/2023 12:21,77.01,15.88,9/2/2023 15:43,0,9/2/2023 1:14,3.568,160.4,SSE,427.1729,21.19131,0.143,0.177,26.35
9/3/2023 23:59,1390,12.75,0,5,102.1,9/3/2023 15:22,66.44,9/3/2023 1:12,82.6,96.3,9/3/2023 1:22,21.12,9/3/2023 15:58,62.42,16.47,9/3/2023 14:24,0,9/3/2023 0:00,2.789,201,SW,482.0764,21.04265,0.189,0.236,26.22
9/4/2023 23:59,1391,12.75,0,5,97.6,9/4/2023 15:33,67.19,9/4/2023 6:03,80.8,96.7,9/4/2023 0:40,34.11,9/4/2023 16:53,59,22.96,9/4/2023 14:45,0,9/3/2023 23:59,7.167,161.7,SSE,506.816,20.88142,0.243,0.34,26.6
9/5/2023 23:59,1392,12.77,0.01,5.01,87.5,9/5/2023 11:39,64.79,9/5/2023 23:51,75.35,92.8,9/5/2023 18:21,52.94,9/5/2023 11:39,75.16,19.6,9/5/2023 8:46,0,9/5/2023 2:23,6.238,180.1,S,307.7024,20.44856,0.127,0.165,25.4
9/6/2023 23:59,1393,12.7,0.02,5.03,65.02,9/6/2023 0:02,55.48,9/6/2023 23:58,59.75,91.2,9/6/2023 2:19,69.59,9/6/2023 16:04,80.5,18.26,9/6/2023 1:33,0,9/6/2023 7:48,6.35,216.3,N,111.0898,20.93005,0.051,0.07,10.33
9/7/2023 23:59,1394,12.67,0,5.03,67.35,9/7/2023 15:52,44.78,9/7/2023 6:03,56.45,98.7,9/7/2023 6:49,52.49,9/7/2023 15:52,79.22,12.67,9/7/2023 12:42,0,9/7/2023 0:27,3.185,143.4,ENE,510.0634,20.84745,0.125,0.147,8.67
9/8/2023 23:59,1395,12.79,0,5.03,78.34,9/8/2023 15:39,41.73,9/8/2023 3:24,59.45,99.4,9/8/2023 8:05,40.99,9/8/2023 14:49,76.51,14.91,9/8/2023 14:12,0,9/7/2023 23:59,3.16,160.6,SSE,449.0334,20.52399,0.126,0.156,14.17
9/9/2023 23:59,1396,12.77,0,5.03,69.57,9/9/2023 12:38,52.61,9/9/2023 5:13,62.22,96,9/9/2023 5:51,58.38,9/9/2023 12:40,80.6,11.48,9/9/2023 23:13,0,9/8/2023 23:59,2.003,168.2,N,169.0463,20.17915,0.047,0.056,11.09
9/10/2023 23:59,1397,12.74,0,5.03,73.39,9/10/2023 13:54,45.69,9/10/2023 23:59,60.34,98.5,9/10/2023 3:33,29.63,9/10/2023 12:10,68.1,20.57,9/10/2023 11:32,0,9/10/2023 1:32,4.275,133.3,NNE,477.2438,20.41423,0.146,0.192,11.7
9/11/2023 23:59,1398,12.7,0.08,5.11,70.98,9/11/2023 16:46,40.83,9/11/2023 3:58,54.69,98.4,9/11/2023 5:48,45.94,9/11/2023 16:42,82.5,13.57,9/11/2023 17:09,0,9/10/2023 23:59,1.538,167.3,NE,223.2049,19.96739,0.058,0.066,10.49
9/12/2023 23:59,1399,12.73,0,5.11,62.65,9/12/2023 15:18,40.17,9/12/2023 23:39,53.42,98.7,9/12/2023 2:43,58.36,9/12/2023 16:20,84,16.02,9/12/2023 16:47,0,9/11/2023 23:59,4.106,152.5,NNE,278.8602,19.85671,0.069,0.086,6.325
9/13/2023 23:59,1400,12.65,0,5.11,66.69,9/13/2023 15:39,33.01,9/13/2023 5:19,50.26,99.5,9/13/2023 6:58,38.92,9/13/2023 15:39,72.33,14.53,9/13/2023 12:35,0,9/12/2023 23:59,3.237,143.2,SE,501.2391,19.89491,0.125,0.155,8.34
9/14/2023 23:59,1401,12.66,0.19,5.3,81.5,9/14/2023 14:29,39.34,9/14/2023 4:00,60.76,98.2,9/14/2023 5:06,37.95,9/14/2023 13:10,74.54,20.87,9/14/2023 13:26,0,9/13/2023 23:59,4.762,188.1,S,379.2669,19.27798,0.136,0.184,15.75
9/15/2023 23:59,1402,12.74,0,5.3,74.54,9/15/2023 13:32,46.18,9/15/2023 23:53,62.56,98.2,9/15/2023 4:14,30.21,9/15/2023 14:56,72.74,20.2,9/15/2023 14:10,0,9/15/2023 0:44,3.578,246.6,W,411.9581,19.16012,0.134,0.174,12.27
9/16/2023 23:59,1403,12.71,0,5.3,68.83,9/16/2023 14:47,41.24,9/16/2023 5:53,54.92,99.1,9/16/2023 6:37,52.16,9/16/2023 13:36,81.2,17.44,9/16/2023 15:42,0,9/16/2023 0:06,2.931,215.7,NNW,322.243,18.86677,0.089,0.109,9.42
9/17/2023 23:59,1404,12.69,0,5.3,71.67,9/17/2023 14:25,42.23,9/17/2023 5:58,56.43,99.2,9/17/2023 7:31,41.43,9/17/2023 14:18,76.94,13.27,9/17/2023 14:49,0,9/17/2023 0:06,1.728,138.3,NNE,408.827,18.70979,0.104,0.121,10.83
9/18/2023 23:59,1405,12.68,0,5.3,77.41,9/18/2023 13:26,40.42,9/18/2023 6:12,59.81,99.4,9/18/2023 7:08,33.34,9/18/2023 13:27,68.74,20.87,9/18/2023 11:16,0,9/17/2023 23:59,5.558,163.6,SE,421.0043,18.53525,0.148,0.203,13.7
9/19/2023 23:59,1406,12.72,0,5.3,82.3,9/19/2023 14:23,54,9/19/2023 4:33,67.41,86.5,9/19/2023 4:35,43.14,9/19/2023 14:23,66.93,30.93,9/19/2023 5:39,0,9/19/2023 3:42,6.441,146.9,SSE,344.1813,18.0234,0.136,0.183,18.15
9/20/2023 23:59,1407,12.73,0,5.3,85.2,9/20/2023 15:23,54.25,9/20/2023 6:00,68.63,96,9/20/2023 6:10,41.99,9/20/2023 15:22,71.78,19.23,9/20/2023 13:52,0,9/20/2023 0:07,4.295,150.2,S,392.9245,17.67608,0.138,0.182,19.73
9/21/2023 23:59,1408,12.72,0,5.3,83.5,9/21/2023 15:09,53.26,9/21/2023 5:50,67.5,98.5,9/21/2023 6:21,29.87,9/21/2023 15:17,68.73,16.4,9/21/2023 15:16,0,9/21/2023 0:05,3.019,153.4,SSE,383.9319,17.65362,0.131,0.171,18.38
9/22/2023 23:59,1409,12.71,0,5.3,73.13,9/22/2023 15:44,51.45,9/22/2023 4:46,63.84,98.5,9/22/2023 5:02,58.87,9/22/2023 9:45,80.9,21.54,9/22/2023 13:48,0,9/22/2023 0:05,4.828,94.3,E,145.072,17.28525,0.063,0.088,12.29
9/23/2023 23:59,1410,12.72,0.24,5.54,72.2,9/23/2023 15:08,61.58,9/23/2023 0:36,64.98,97.4,9/23/2023 5:17,73.12,9/23/2023 14:11,91,22.96,9/23/2023 21:20,0.373,9/23/2023 6:33,6.868,97.4,E,145.0281,16.88126,0.049,0.062,16.89
9/24/2023 23:59,1411,12.71,0.28,5.82,70.81,9/24/2023 14:04,59.44,9/24/2023 7:42,62.83,97.7,9/24/2023 3:45,62.62,9/24/2023 14:21,89.8,17.29,9/24/2023 2:54,0,9/24/2023 17:11,5.939,149.9,SSE,227.6458,16.83815,0.067,0.084,15.13
9/25/2023 23:59,1412,12.7,0.07,5.89,64.04,9/25/2023 16:30,58.78,9/25/2023 9:48,60.35,98.1,9/25/2023 9:15,82,9/25/2023 16:27,94,11.33,9/25/2023 11:47,0,9/25/2023 3:17,3.979,84.2,E,94.65144,16.627,0.027,0.032,11.41
9/26/2023 23:59,1413,12.69,0,5.89,70.33,9/26/2023 11:50,57.39,9/26/2023 6:21,62.59,96,9/26/2023 6:23,59.28,9/26/2023 12:07,82.7,18.71,9/26/2023 10:39,1.118,9/26/2023 6:09,5.669,59.37,ENE,185.3888,16.46718,0.069,0.093,13.86
9/27/2023 23:59,1414,12.79,0,5.89,68.33,9/27/2023 15:57,56.4,9/27/2023 4:04,61.36,97.3,9/27/2023 22:39,70.69,9/27/2023 15:57,88,13.34,9/27/2023 12:41,0,9/27/2023 3:12,4.153,89.8,E,172.5227,16.18586,0.052,0.065,12.36
9/28/2023 23:59,1415,12.75,0,5.89,70.57,9/28/2023 14:52,58.62,9/28/2023 1:02,62.6,95.7,9/28/2023 1:03,62.63,9/28/2023 14:52,85.5,20.79,9/28/2023 15:30,1.043,9/28/2023 19:57,6.939,138.6,SE,144.0752,15.98186,0.057,0.081,14.6
9/29/2023 23:59,1416,12.72,0.24,6.13,69.66,9/29/2023 15:51,58.3,9/29/2023 1:48,63.38,97.2,9/29/2023 23:56,78.23,9/29/2023 15:54,90.6,19.45,9/29/2023 8:38,0,9/29/2023 10:11,6.284,140.9,SE,151.6312,15.65093,0.045,0.056,13.98
9/30/2023 23:59,1417,12.73,0.24,6.37,71.64,9/30/2023 15:12,62.83,9/30/2023 3:35,65.94,97.7,9/30/2023 3:55,79.87,9/30/2023 15:13,92.9,17.96,9/30/2023 0:09,0,9/30/2023 0:11,5.61,66.57,ENE,131.6274,15.34745,0.04,0.049,17.24
10/1/2023 23:59,1418,12.71,0,6.37,90.5,10/1/2023 15:49,63.08,10/1/2023 5:21,74.49,97.8,10/1/2023 4:02,41.99,10/1/2023 15:49,72.23,22.21,10/1/2023 14:24,0,10/1/2023 3:03,6.631,147.3,SSE,349.5932,15.08973,0.15,0.209,24.54
10/2/2023 23:59,1419,12.8,0.16,6.53,89.2,10/2/2023 14:28,61.35,10/2/2023 5:13,72.46,93.8,10/2/2023 9:47,32.1,10/2/2023 15:49,63,26.91,10/2/2023 13:28,0,10/2/2023 6:35,6.053,173.3,S,313.5226,15.06481,0.14,0.199,23.68
10/3/2023 23:59,1420,12.77,0.34,6.87,83.9,10/3/2023 12:39,63.41,10/3/2023 23:59,71.25,96.1,10/3/2023 23:16,41.57,10/3/2023 12:39,69.56,34.06,10/3/2023 18:27,0.671,10/3/2023 14:12,9.11,176.3,S,280.5817,14.87242,0.136,0.198,23.74
10/4/2023 23:59,1421,12.74,0.01,6.88,63.62,10/3/2023 23:59,44.78,10/4/2023 22:39,56.56,97.7,10/4/2023 23:17,56.47,10/4/2023 16:24,84.4,22.21,10/3/2023 23:59,0,10/4/2023 0:45,5.849,241.9,WSW,214.1452,14.94713,0.053,0.07,6.94
10/5/2023 23:59,1422,12.71,0.09,6.97,57.54,10/5/2023 11:50,46.92,10/4/2023 23:59,52.25,97.1,10/5/2023 0:01,54.84,10/5/2023 11:52,75.95,30.19,10/5/2023 14:27,0,10/5/2023 20:09,8.45,261.4,W,214.1667,14.96189,0.063,0.091,3.77
10/6/2023 23:59,1423,12.66,0.14,7.11,52.84,10/6/2023 13:59,39.1,10/6/2023 1:30,46.14,95.1,10/6/2023 7:17,51.62,10/6/2023 15:41,75.7,27.06,10/5/2023 23:59,0,10/6/2023 0:53,7.674,294.3,NW,204.5535,14.88293,0.057,0.08,1.42
10/7/2023 23:59,1424,12.67,0,7.11,49.54,10/7/2023 15:27,36.46,10/7/2023 6:39,44.43,85.5,10/7/2023 6:41,53.23,10/7/2023 16:17,70.59,13.42,10/7/2023 11:42,0,10/7/2023 6:36,3.495,241.7,W,230.696,14.81163,0.05,0.064,0
10/8/2023 23:59,1425,12.65,0,7.11,57.97,10/8/2023 14:39,34.66,10/8/2023 6:10,46.21,97.7,10/8/2023 7:19,39.36,10/8/2023 12:19,69.23,14.16,10/8/2023 14:39,0,10/7/2023 23:59,3.059,89.2,NE,316.8797,14.56135,0.077,0.098,3.985
10/9/2023 23:59,1426,12.64,0,7.11,54.48,10/9/2023 15:11,35.56,10/9/2023 6:35,43.46,94.3,10/9/2023 6:52,34.72,10/9/2023 14:02,65.6,17.44,10/9/2023 11:47,0,10/9/2023 0:08,4.712,290.8,NNW,368.4309,14.4708,0.084,0.113,2.24
10/10/2023 23:59,1427,12.63,0,7.11,56.3,10/10/2023 15:47,32.18,10/10/2023 6:45,41.98,95.4,10/10/2023 23:58,26.58,10/10/2023 16:11,66.24,13.12,10/10/2023 10:06,0,10/10/2023 6:48,3.129,270.5,NW,359.7235,14.27658,0.071,0.091,3.15
10/11/2023 23:59,1428,12.62,0,7.11,52.75,10/11/2023 13:25,30.13,10/11/2023 6:39,42.5,99.1,10/11/2023 7:36,62.86,10/11/2023 13:26,83.3,13.12,10/11/2023 16:27,0,10/10/2023 23:59,3.525,104.9,ENE,155.14,13.79654,0.038,0.048,1.375
10/12/2023 23:59,1429,12.65,0.01,7.12,58.3,10/12/2023 13:52,39.43,10/12/2023 6:08,48.64,92.1,10/12/2023 6:20,44.86,10/12/2023 14:15,70.14,25.27,10/12/2023 19:16,1.193,10/12/2023 1:07,10.22,72.31,ENE,234.3185,13.64662,0.082,0.116,4.15
10/13/2023 23:59,1430,12.63,1.08,8.2,47.14,10/13/2023 21:59,42.47,10/13/2023 4:24,45.06,96,10/13/2023 21:12,81,10/13/2023 0:00,90.5,27.73,10/13/2023 14:46,1.789,10/13/2023 20:58,12.5,55.98,NE,33.25656,13.31687,0.017,0.024,0
10/14/2023 23:59,1431,12.63,0,8.2,51.34,10/14/2023 13:58,41.48,10/14/2023 23:42,46.53,92.8,10/14/2023 7:08,60.36,10/14/2023 14:09,79.58,16.62,10/14/2023 18:02,0,10/14/2023 22:46,5.137,92.1,N,113.6102,13.15341,0.038,0.052,0.67
10/15/2023 23:59,1432,12.59,0,8.2,59.01,10/15/2023 15:30,37.36,10/15/2023 4:33,46.72,94.6,10/15/2023 2:49,48.11,10/15/2023 16:00,74.96,17.44,10/15/2023 14:50,0,10/15/2023 1:33,4.091,269.5,NNW,248.4796,12.98572,0.058,0.076,4.505
10/16/2023 23:59,1433,12.79,0,8.2,61.92,10/16/2023 15:37,28.89,10/16/2023 6:51,43.71,99,10/16/2023 7:53,46.85,10/16/2023 15:43,83.1,12.37,10/16/2023 13:28,0,10/15/2023 23:59,1.397,226.3,WNW,320.6804,12.73358,0.059,0.066,5.96
10/17/2023 23:59,1434,12.73,0.06,8.26,63.55,10/17/2023 15:06,27.58,10/17/2023 6:06,46.89,99.3,10/17/2023 8:25,43.07,10/17/2023 14:53,74.84,14.68,10/17/2023 23:18,0,10/17/2023 0:04,2.555,159.5,SSE,285.0917,12.5553,0.067,0.084,6.775
10/18/2023 23:59,1435,12.77,0.11,8.37,57.78,10/18/2023 13:29,42.15,10/18/2023 23:56,50.48,97.8,10/18/2023 23:05,57.64,10/18/2023 14:09,81,13.27,10/18/2023 16:09,0,10/18/2023 1:12,3.584,127.1,ENE,145.2874,12.29635,0.04,0.05,3.89
10/19/2023 23:59,1436,12.73,0.06,8.43,61.33,10/19/2023 13:08,39.59,10/19/2023 23:58,49.6,99,10/19/2023 2:02,62.27,10/19/2023 13:08,90.8,15.06,10/19/2023 12:34,0,10/19/2023 0:05,2.677,275.1,WNW,148.4252,11.99114,0.034,0.042,5.665
10/20/2023 23:59,1437,12.68,0,8.43,69.17,10/20/2023 14:47,34.65,10/20/2023 6:47,50.72,99.6,10/20/2023 8:57,41.17,10/20/2023 16:24,79.39,16.1,10/20/2023 22:33,0,10/19/2023 23:59,1.907,224.8,SW,278.8187,11.83908,0.067,0.081,9.58
10/21/2023 23:59,1438,12.74,0,8.43,55.81,10/21/2023 0:03,37.13,10/21/2023 23:59,50.73,97.7,10/21/2023 23:28,59.74,10/21/2023 11:42,69.7,21.09,10/21/2023 10:20,0,10/21/2023 19:10,6.522,294.4,NW,164.0823,11.77401,0.059,0.083,2.905
10/22/2023 23:59,1439,12.66,0.2,8.63,58.35,10/22/2023 15:40,32.27,10/22/2023 4:03,45.21,99.4,10/22/2023 9:39,56.07,10/22/2023 15:41,86.2,12.67,10/22/2023 14:43,0,10/21/2023 23:59,3.226,156.9,SSE,176.0177,11.53437,0.04,0.051,4.175
10/23/2023 23:59,1440,12.72,0,8.63,61.16,10/23/2023 14:04,44.86,10/23/2023 23:20,51.17,98,10/23/2023 23:24,63.03,10/23/2023 14:50,84.7,15.73,10/23/2023 10:32,0,10/23/2023 12:28,5.341,150.1,SSE,236.9404,11.27798,0.05,0.063,5.58
10/24/2023 23:59,1441,12.7,0.02,8.65,55.4,10/24/2023 10:14,41.49,10/24/2023 3:37,49.69,99,10/24/2023 3:51,81,10/24/2023 10:15,92.1,14.31,10/24/2023 11:08,0,10/24/2023 0:14,4.385,108.4,NNE,128.7248,11.03978,0.025,0.029,2.7
10/25/2023 23:59,1442,12.69,0.07,8.72,51.1,10/25/2023 14:41,47.08,10/25/2023 8:11,49.35,96.6,10/25/2023 23:58,78.98,10/25/2023 10:32,86.6,10.88,10/25/2023 22:44,0,10/25/2023 9:05,4.592,75.63,NE,90.23814,10.98047,0.028,0.036,0.55
10/26/2023 23:59,1443,12.63,0.18,8.9,51.26,10/26/2023 12:53,45.27,10/26/2023 23:57,48.43,98.1,10/26/2023 23:54,92.3,10/26/2023 12:10,96.2,12.22,10/26/2023 3:10,0,10/26/2023 1:54,4.908,68.45,NE,61.96399,10.72366,0.016,0.019,0.63
10/27/2023 23:59,1444,12.59,0.05,8.95,45.56,10/27/2023 0:00,25.52,10/27/2023 23:44,34.47,98.5,10/27/2023 3:47,71.94,10/27/2023 22:54,86,24,10/27/2023 6:14,0,10/27/2023 0:53,8.97,284.9,WNW,112.2794,10.93669,0.025,0.033,0
10/28/2023 23:59,1445,12.49,0,8.95,30.83,10/28/2023 15:27,21.82,10/28/2023 22:23,25.84,85.9,10/28/2023 5:38,59.89,10/28/2023 14:37,74.8,18.63,10/28/2023 1:23,0,10/28/2023 4:02,4.91,278.7,W,139.0264,10.92386,0.025,0.034,0
10/29/2023 23:59,1446,12.48,0,8.95,36.03,10/29/2023 13:46,17.79,10/29/2023 23:30,24.95,94.7,10/29/2023 6:33,46.22,10/29/2023 14:08,74.53,18.48,10/29/2023 16:52,0,10/29/2023 4:08,4.516,267.6,W,237.6129,10.75392,0.037,0.049,0
10/30/2023 23:59,1447,12.71,0,8.95,34.71,10/30/2023 16:16,16.72,10/30/2023 0:35,26.16,97.5,10/30/2023 20:26,60.55,10/30/2023 12:05,83.7,18.86,10/30/2023 12:05,0,10/30/2023 17:56,5.563,231.4,WSW,125.4729,10.54046,0.023,0.033,0
10/31/2023 23:59,1448,12.68,0.09,9.04,33.39,10/31/2023 13:44,19.02,10/31/2023 21:55,27.5,96.8,10/31/2023 0:06,49.14,10/31/2023 14:18,74.05,22.14,10/31/2023 4:19,0.671,10/31/2023 11:58,7.158,259.4,NW,213.506,10.42517,0.036,0.049,0
11/1/2023 23:59,1449,12.71,0,9.04,36.03,11/1/2023 15:13,14.34,11/1/2023 1:47,26.64,95,11/1/2023 1:19,54.83,11/1/2023 14:26,78.55,16.1,11/1/2023 10:11,0,11/1/2023 1:42,3.672,161.6,S,181.4003,10.22109,0.022,0.028,0
11/2/2023 23:59,1450,12.66,0,9.04,32.65,11/2/2023 14:46,18.78,11/2/2023 7:06,26.93,96.2,11/2/2023 6:09,76.34,11/2/2023 14:20,88.8,12.22,11/2/2023 14:47,0,11/1/2023 23:59,2.533,204.1,SW,116.4871,9.98981,0.011,0.013,0
11/3/2023 23:59,1451,12.66,0,9.04,44.95,11/3/2023 13:50,20.17,11/3/2023 23:55,32.25,97,11/3/2023 7:41,56.82,11/3/2023 13:58,83.7,13.86,11/3/2023 14:42,0,11/2/2023 23:59,2.724,169.5,NNW,235.004,9.754969,0.033,0.042,0
11/4/2023 23:59,1452,12.69,0,9.04,45.69,11/4/2023 12:56,17.13,11/4/2023 5:07,33.23,96.4,11/4/2023 1:03,58.15,11/4/2023 12:58,80.3,14.53,11/4/2023 12:06,0,11/3/2023 23:59,2.649,148.9,SE,178.5006,9.606465,0.03,0.037,0
11/5/2023 23:59,1453,12.67,0,9.04,53.65,11/5/2023 20:40,32.27,11/5/2023 6:05,42.62,88.5,11/5/2023 6:10,70.01,11/5/2023 20:55,79.55,17.37,11/5/2023 13:50,0,11/5/2023 7:32,5.577,118.3,ESE,93.13708,9.349481,0.03,0.042,1.825
11/6/2023 23:59,1454,12.58,0.03,9.07,51.5,11/6/2023 0:38,35.06,11/6/2023 23:46,41.61,96.2,11/6/2023 2:23,80.2,11/6/2023 13:55,85.8,24.6,11/6/2023 10:48,0,11/6/2023 0:54,7.926,282.1,WNW,53.50399,9.229136,0.022,0.031,0.75
11/7/2023 23:59,1455,12.53,0.03,9.1,40.38,11/7/2023 20:03,32.84,11/7/2023 3:34,36.71,94.7,11/7/2023 4:29,76.03,11/7/2023 15:17,83.9,20.72,11/7/2023 14:45,0,11/7/2023 0:53,6.099,127.5,ESE,54.19648,9.152032,0.02,0.029,0
11/8/2023 23:59,1456,12.53,0,9.1,53.4,11/8/2023 14:12,35.64,11/8/2023 23:55,42.21,92.1,11/8/2023 3:28,53.26,11/8/2023 23:10,78.69,24.89,11/8/2023 17:14,0,11/8/2023 8:18,7.367,209,SSW,134.9075,8.866599,0.04,0.054,1.7
11/9/2023 23:59,1457,12.63,0,9.1,42.11,11/9/2023 12:49,31.93,11/9/2023 5:56,35.29,91.8,11/9/2023 19:17,52.95,11/9/2023 13:37,70.53,28.32,11/9/2023 10:38,1.267,11/9/2023 22:58,9.77,274.2,W,202.3642,8.956377,0.051,0.074,0
11/10/2023 23:59,1458,12.7,0,9.1,35.86,11/10/2023 13:39,31.69,11/10/2023 4:14,33.04,87.9,11/10/2023 9:32,73.11,11/10/2023 16:22,79.88,16.1,11/10/2023 0:02,0,11/10/2023 13:21,4.105,278.2,WNW,69.30982,8.786877,0.017,0.024,0
11/11/2023 23:59,1459,12.63,0,9.1,41.95,11/11/2023 15:18,31.77,11/11/2023 5:31,35.26,87.2,11/11/2023 0:53,62.56,11/11/2023 15:18,77.23,19.38,11/11/2023 14:22,0,11/10/2023 23:59,5.576,141.8,SE,101.6732,8.648785,0.027,0.04,0
11/12/2023 23:59,1460,12.56,0,9.1,54.4,11/12/2023 14:27,29.63,11/12/2023 2:42,40.98,92.5,11/12/2023 2:46,44.67,11/12/2023 13:03,70.08,20.87,11/12/2023 15:08,0,11/12/2023 2:18,4.984,213.5,SW,183.1723,8.446615,0.045,0.067,2.2
11/13/2023 23:59,1461,12.78,0,9.1,54.8,11/13/2023 14:26,29.31,11/13/2023 7:47,42.44,85.6,11/13/2023 7:50,31.02,11/13/2023 14:36,56.67,13.42,11/13/2023 22:17,0,11/13/2023 0:26,4.379,220.1,SW,217.8164,8.394376,0.05,0.067,2.4
11/14/2023 23:59,1462,12.81,0,9.1,63.46,11/14/2023 14:38,38.84,11/14/2023 22:43,51.17,90.2,11/14/2023 19:53,40.13,11/14/2023 3:37,57.39,23.18,11/14/2023 11:09,0,11/14/2023 18:22,7.552,218.1,SSW,136.7093,8.11859,0.069,0.105,6.73
11/15/2023 23:59,1463,12.69,0,9.1,57.85,11/15/2023 15:03,23.71,11/15/2023 7:12,40.58,97.8,11/15/2023 3:42,28.73,11/15/2023 15:00,67.15,12.75,11/15/2023 15:04,0,11/15/2023 0:00,2.895,189.7,S,207.7027,8.12991,0.046,0.064,3.925
11/16/2023 23:59,1464,12.73,0,9.1,63.96,11/16/2023 13:19,26.91,11/16/2023 23:58,45.72,85,11/16/2023 4:06,41.16,11/16/2023 13:24,66.1,26.53,11/16/2023 12:33,0,11/16/2023 4:58,8.13,233.9,WSW,164.8661,7.828739,0.063,0.096,6.98
11/17/2023 23:59,1465,12.63,0,9.1,44.26,11/17/2023 15:10,18.62,11/17/2023 5:31,31.7,96.5,11/17/2023 5:59,40.09,11/17/2023 13:06,75.41,19.97,11/17/2023 14:33,0,11/17/2023 2:20,4.28,225,SW,188.523,7.984884,0.033,0.048,0
11/18/2023 23:59,1466,12.62,0,9.1,53.66,11/18/2023 14:50,21.41,11/18/2023 3:47,34.42,97,11/18/2023 4:00,43.81,11/18/2023 15:02,78.21,13.57,11/18/2023 11:51,0,11/17/2023 23:59,2.161,222,W,199.9953,7.787588,0.029,0.038,1.83
11/19/2023 23:59,1467,12.62,0,9.1,54.31,11/19/2023 14:03,20.75,11/19/2023 6:00,37.3,97.3,11/19/2023 1:30,30.42,11/19/2023 14:03,65.27,15.43,11/19/2023 10:51,0,11/18/2023 23:59,4.155,134.6,ESE,187.368,7.745629,0.048,0.07,2.155
11/20/2023 23:59,1468,12.69,0.03,9.13,45.88,11/20/2023 14:47,37.77,11/20/2023 7:33,40.54,94.6,11/20/2023 23:57,53.06,11/20/2023 0:12,65.46,9.47,11/20/2023 0:11,0,11/20/2023 12:26,3.196,138.2,SE,91.46756,7.615166,0.022,0.031,0
11/21/2023 23:59,1469,12.78,0,0,38.52,11/21/2023 13:59,-109.8,11/21/2023 13:56,30.47,72.07,11/21/2023 23:28,0.43,11/21/2023 13:56,57.06,18.34,11/21/2023 14:05,0,11/21/2023 13:56,5.028,296.8,WNW,43.5957,2.579644,0.011,0.017,0
11/22/2023 23:59,1470,12.61,0,0,44.57,11/22/2023 14:57,21.29,11/22/2023 6:22,33.27,86.7,11/22/2023 6:25,38.19,11/22/2023 12:27,61.27,19.83,11/22/2023 20:11,0,11/22/2023 0:48,5.514,222.1,SW,115.4659,7.524312,0.034,0.051,0
11/23/2023 23:59,1471,12.59,0,0,30.89,11/23/2023 0:02,12.78,11/23/2023 23:54,21.41,69.43,11/23/2023 8:09,33.37,11/23/2023 14:55,54.96,17.37,11/23/2023 5:24,0.224,11/23/2023 18:15,6.455,295,NNW,190.0497,7.553017,0.032,0.045,0
11/24/2023 23:59,1472,12.5,0,0,28.43,11/24/2023 14:58,7.065,11/24/2023 4:16,16.39,81.3,11/24/2023 4:19,30.48,11/24/2023 14:01,60.66,9.47,11/24/2023 0:55,0,11/24/2023 2:28,2.45,269.5,WNW,200.1151,7.487878,0.019,0.026,0
11/25/2023 23:59,1473,12.53,0,0,26.95,11/25/2023 14:40,13.02,11/25/2023 2:28,21.58,86.6,11/25/2023 17:57,59.5,11/25/2023 10:45,76.71,17.14,11/25/2023 13:14,0,11/25/2023 0:37,4.976,217.3,SW,80.51204,7.26547,0.012,0.017,0
11/26/2023 23:59,1474,12.55,0,0,31.29,11/26/2023 11:33,11.79,11/26/2023 23:58,22.18,89.3,11/26/2023 3:58,43.64,11/26/2023 17:14,66.58,26.76,11/26/2023 14:03,0.894,11/26/2023 8:09,8.05,274.7,W,90.1117,7.194156,0.027,0.04,0
11/27/2023 23:59,1475,12.45,0,0,17.28,11/27/2023 13:55,3.142,11/27/2023 23:27,10.36,83.2,11/27/2023 23:55,48.31,11/27/2023 13:58,64.49,20.57,11/27/2023 13:16,0,11/27/2023 22:29,6.97,300.6,WNW,134.7038,7.245553,0.018,0.026,0
11/28/2023 23:59,1476,12.48,0,0,33.25,11/28/2023 15:15,-2.421,11/28/2023 5:01,16.67,88.1,11/28/2023 23:49,47.46,11/28/2023 14:26,73.64,18.19,11/28/2023 14:31,0,11/28/2023 0:03,4.461,206.3,SSW,160.0461,7.081611,0.02,0.029,0
11/29/2023 23:59,1477,12.67,0,0,45.75,11/29/2023 14:47,15.95,11/29/2023 7:41,30.54,96.9,11/29/2023 23:49,44.03,11/29/2023 13:41,76.58,15.06,11/29/2023 11:43,0,11/29/2023 3:47,3.433,233,WSW,181.949,6.871152,0.027,0.037,0
11/30/2023 23:59,1478,12.71,0,0,37.81,11/30/2023 13:09,12.51,11/30/2023 23:58,27.04,98.1,11/30/2023 4:04,45.42,11/30/2023 15:13,76.71,14.91,11/30/2023 10:25,0,11/29/2023 23:59,3.21,270.4,NW,133.7916,6.827244,0.02,0.027,0
12/1/2023 23:59,1479,12.57,0,0,35.53,12/1/2023 14:20,7.434,12/1/2023 7:17,21.3,94.5,12/1/2023 1:56,48.62,12/1/2023 14:27,75.63,8.27,12/1/2023 12:12,0,11/30/2023 23:59,0.723,225.6,SW,135.7135,6.812814,0.011,0.012,0
12/2/2023 23:59,1480,12.58,0,0,37.09,12/2/2023 12:52,14.16,12/2/2023 3:28,26.26,94.5,12/2/2023 0:29,42.64,12/2/2023 10:53,76.28,17.89,12/2/2023 12:48,0,12/1/2023 23:59,4.41,135.7,SE,155.9238,6.735785,0.024,0.034,0
12/3/2023 23:59,1481,12.58,0,0,35.2,12/3/2023 14:52,25.99,12/3/2023 20:33,30.58,97.6,12/3/2023 23:50,76.55,12/3/2023 14:09,87.7,10.43,12/3/2023 10:57,0,12/3/2023 0:26,3.021,140.7,SE,55.90934,6.58065,0.008,0.011,0
12/4/2023 23:59,1482,12.5,0,0,29.06,12/4/2023 16:33,21.75,12/4/2023 3:49,26.09,98.4,12/4/2023 0:55,92.9,12/4/2023 3:41,95.8,9.39,12/4/2023 11:59,0,12/3/2023 23:59,2.934,153.9,S,29.01035,6.566888,0.005,0.005,0
12/5/2023 23:59,1483,12.48,0.05,0.05,33.71,12/5/2023 15:09,15.52,12/5/2023 21:33,26.35,96.9,12/5/2023 21:13,65.52,12/5/2023 14:45,85.4,15.65,12/5/2023 7:40,0,12/5/2023 1:21,2.909,216.2,NNW,115.7303,6.532465,0.013,0.016,0
12/6/2023 23:59,1484,12.72,0,0.05,46.48,12/6/2023 14:23,14.04,12/6/2023 1:15,29.75,98.2,12/6/2023 23:27,55.64,12/6/2023 14:24,82.3,16.47,12/6/2023 14:03,0,12/6/2023 0:04,4.158,180.3,S,129.8283,6.422164,0.017,0.025,0
12/7/2023 23:59,1485,12.69,0,0.05,49.67,12/7/2023 14:36,21.47,12/7/2023 7:26,35.65,97.3,12/7/2023 1:42,55.28,12/7/2023 14:23,79.67,15.65,12/7/2023 19:56,0,12/6/2023 23:59,4.157,139.6,SE,172.1483,6.326222,0.029,0.038,0
12/8/2023 23:59,1486,12.7,0,0.05,43.69,12/8/2023 14:01,29.57,12/8/2023 6:07,38.58,98.5,12/8/2023 4:01,61.89,12/8/2023 20:52,78.76,25.56,12/8/2023 14:00,0,12/8/2023 3:20,6.402,211.6,SSW,40.84889,6.269271,0.022,0.033,0
12/9/2023 23:59,1487,12.55,0.05,0.1,36.32,12/9/2023 0:13,22.28,12/9/2023 23:55,30,97.1,12/9/2023 7:04,77.12,12/8/2023 23:59,87.1,28.4,12/9/2023 17:12,0.224,12/9/2023 6:30,7.89,285.8,WNW,54.112,6.290986,0.012,0.016,0
12/10/2023 23:59,1488,12.41,0,0.1,22.81,12/10/2023 3:03,19.58,12/10/2023 23:41,20.96,89.6,12/10/2023 23:22,79.84,12/10/2023 0:07,86.4,17.81,12/9/2023 23:59,0,12/10/2023 5:57,3.097,238.3,NW,38.5797,6.366064,0.008,0.01,0
12/11/2023 23:59,1489,12.38,0,0.1,30.91,12/11/2023 17:46,18.03,12/11/2023 7:15,23.42,94.8,12/11/2023 10:55,68.38,12/11/2023 23:48,85,19.75,12/11/2023 19:26,0,12/11/2023 0:09,6.98,227.3,SW,65.20089,6.297053,0.011,0.015,0
12/12/2023 23:59,1490,12.35,0,0.1,25.82,12/12/2023 14:47,14.68,12/12/2023 19:37,19.95,80.2,12/12/2023 21:07,48.76,12/12/2023 14:35,65.39,17.52,12/12/2023 2:22,0,12/12/2023 18:58,5.796,248.6,W,172.9013,6.370855,0.021,0.029,0
12/13/2023 23:59,1491,12.74,0,0.1,39.67,12/13/2023 15:27,16.73,12/13/2023 8:31,25.95,97.2,12/13/2023 23:45,56.38,12/13/2023 5:10,72.81,10.58,12/13/2023 14:31,0,12/13/2023 2:54,2.883,207,SSW,168.8696,6.237431,0.019,0.024,0
12/14/2023 23:59,1492,12.72,0,0.1,51.79,12/14/2023 14:45,20.48,12/14/2023 0:15,35.9,94.5,12/14/2023 0:18,47.15,12/14/2023 14:39,66.52,17.44,12/14/2023 13:06,0,12/13/2023 23:59,4.861,203.4,SSW,158.547,6.136336,0.035,0.051,0.895
12/15/2023 23:59,1493,12.7,0.49,0.59,43.01,12/15/2023 1:39,35.45,12/15/2023 23:33,38.09,98.1,12/15/2023 22:12,62.9,12/15/2023 1:07,90.1,15.35,12/15/2023 1:59,0,12/15/2023 5:07,3.256,129.7,SE,26.99746,6.037588,0.006,0.007,0
12/16/2023 23:59,1494,12.61,0.28,0.87,36.07,12/16/2023 1:01,32.09,12/16/2023 5:42,33.15,99.3,12/16/2023 18:10,94.8,12/16/2023 1:54,98.2,9.54,12/16/2023 1:45,0,12/16/2023 9:10,2.551,167.1,NNE,31.9059,6.065836,0.006,0.007,0
12/17/2023 23:59,1495,12.57,0,0.87,36.78,12/17/2023 14:44,25.54,12/17/2023 23:56,32.03,97.2,12/16/2023 23:59,54.65,12/17/2023 19:59,79.66,28.17,12/17/2023 19:36,1.491,12/17/2023 2:15,8.37,289.8,WNW,101.0835,6.10557,0.023,0.031,0
12/18/2023 23:59,1496,12.57,0,0.87,25.83,12/18/2023 0:12,10.33,12/18/2023 8:15,15.63,84.1,12/18/2023 19:09,39.61,12/18/2023 14:43,60.14,28.02,12/18/2023 2:38,0,12/18/2023 15:31,6.359,249.3,NW,169.2138,6.316351,0.02,0.027,0
12/19/2023 23:59,1497,12.67,0,0.87,33.61,12/19/2023 11:25,13.78,12/18/2023 23:59,25.82,90.3,12/19/2023 20:57,55.03,12/19/2023 11:26,72.62,14.38,12/19/2023 5:38,0,12/19/2023 15:53,4.602,154.9,S,99.57056,6.170708,0.018,0.026,0
12/20/2023 23:59,1498,12.62,0,0.87,39.16,12/20/2023 13:32,27.26,12/20/2023 3:49,31.79,85.9,12/20/2023 3:54,49.69,12/20/2023 13:32,69.28,15.73,12/20/2023 11:23,0,12/20/2023 0:46,5.001,81.3,E,145.6683,6.144879,0.029,0.043,0
12/21/2023 23:59,1499,12.69,0,0.87,39.98,12/21/2023 13:47,28.49,12/21/2023 7:29,33.89,92.3,12/21/2023 23:58,62.03,12/21/2023 13:47,73.07,15.5,12/21/2023 11:44,1.416,12/21/2023 19:17,6.226,137.8,SE,106.3234,6.097781,0.026,0.038,0
12/22/2023 23:59,1500,12.58,0.01,0.88,37.62,12/22/2023 15:21,33.56,12/22/2023 4:16,35.38,99.5,12/22/2023 23:02,92.2,12/22/2023 0:15,98.8,11.18,12/22/2023 6:36,0,12/22/2023 1:42,2.224,123.8,SE,27.69358,6.005226,0.005,0.005,0
12/23/2023 23:59,1501,12.54,0.03,0.91,43.59,12/23/2023 22:14,36.18,12/23/2023 0:11,39.97,99.7,12/23/2023 10:18,88.9,12/23/2023 17:20,96,15.73,12/23/2023 17:20,0,12/22/2023 23:59,5.63,143.7,SSE,41.55474,5.970487,0.01,0.012,0
12/24/2023 23:59,1502,12.44,1.85,2.76,49.22,12/24/2023 15:16,34.62,12/24/2023 23:50,44.94,99.4,12/24/2023 17:41,92.9,12/24/2023 23:58,96.7,21.91,12/24/2023 4:52,0,12/24/2023 16:15,8.78,177.2,SSE,14.27145,5.888935,0.006,0.008,0
12/25/2023 23:59,1503,12.38,0.52,3.28,41.62,12/25/2023 17:43,33.96,12/25/2023 1:07,37.49,96.5,12/25/2023 13:12,92.8,12/25/2023 19:02,94.6,28.25,12/25/2023 18:53,2.832,12/25/2023 0:30,12.66,53.39,NE,21.90165,6.029306,0.009,0.012,0
12/26/2023 23:59,1504,12.3,0.36,3.64,39.56,12/26/2023 0:50,31.41,12/26/2023 23:56,35.68,98.9,12/26/2023 11:15,93,12/26/2023 17:20,96,23.18,12/26/2023 0:51,0,12/26/2023 20:21,7.469,138.6,SE,33.49574,6.057766,0.008,0.009,0
12/27/2023 23:59,1505,12.25,0.03,3.67,32.93,12/27/2023 15:26,30.35,12/27/2023 5:51,31.61,99.3,12/27/2023 22:30,92.4,12/27/2023 4:55,97.5,9.61,12/27/2023 9:58,0,12/26/2023 23:59,2.069,224.3,WSW,47.14893,6.126848,0.007,0.008,0
12/28/2023 23:59,1506,12.2,0.01,3.68,35.94,12/28/2023 15:34,28.14,12/28/2023 23:57,32.1,97.7,12/28/2023 0:08,83.1,12/28/2023 4:57,92,13.27,12/28/2023 10:50,0,12/28/2023 0:25,3.529,247.4,NNW,63.47025,6.150434,0.009,0.012,0
12/29/2023 23:59,1507,12.15,0,3.68,41.85,12/29/2023 14:39,18.82,12/29/2023 8:03,30.18,98,12/29/2023 7:50,52.64,12/29/2023 14:01,86.8,7.901,12/29/2023 15:25,0,12/29/2023 0:59,2.329,236.4,W,185.4527,6.207165,0.022,0.026,0
12/30/2023 23:59,1508,12.5,0,3.68,28.34,12/30/2023 0:43,23.8,12/30/2023 12:09,26.09,97.4,12/30/2023 2:51,77.4,12/30/2023 17:52,87.3,19.01,12/30/2023 11:13,0.075,12/30/2023 1:26,6.355,287.2,NW,18.38426,6.310081,0.006,0.01,0
