TIMESTAMP,RAIN_daily_in,RAIN_cumulative_in,AIRTEMP_daily_max_F,AIRTEMP_F_TMx,AIRTEMP_daily_min_F,AIRTEMP_F_TMn,AIRTEMP_daily_avg_F,RLTVHMDTY_daily_max_%,RH_TMx,RLTVHMDTY_daily_min_%,RH_TMn,RLTVHMDTY_daily_avg_%,WNDSP_daily_max_mph,WNDSP_mph_TMx,WNDSP_daily_min_mph,WNDSP_mph_TMn,WNDSP_daily_avg_mph,WND_DIR_daily_dgr,WND_DIR_daily_crdn,SolarRad_daily_Lnglys,SolarRad_daily_mj,ETos_daily_in,ETrs_daily_in,CornGDD_daily
1/1/2022 23:59,0,0,-14.02,1/1/2022 14:41,-31.04,1/1/2022 23:11,-23.91,76.86,1/1/2022 14:39,70.92,1/1/2022 22:16,73.66,6.783,1/1/2022 14:18,0,12/31/2021 23:59,1.31,256,W,169.3711,6.423493,0.003,0.003,0
1/2/2022 23:59,0,0,3.447,1/2/2022 15:05,-31.55,1/2/2022 7:34,-14.53,84.9,1/2/2022 21:37,70.55,1/2/2022 7:31,77.67,10.51,1/2/2022 13:21,0,1/1/2022 23:59,1.502,150.7,SSE,167.2799,6.41297,0.004,0.004,0
1/3/2022 23:59,0,0,17.78,1/3/2022 14:54,-9.24,1/3/2022 0:01,7.396,92.3,1/3/2022 14:49,80.2,1/3/2022 0:00,87.5,10.88,1/3/2022 23:55,0,1/2/2022 23:59,2.337,180.4,NNW,124.1576,6.32695,0.006,0.006,0
1/4/2022 23:59,0,0,19.32,1/4/2022 17:17,6.41,1/4/2022 3:24,11.8,93.3,1/4/2022 17:21,87,1/4/2022 3:14,89.6,20.94,1/4/2022 8:06,0,1/4/2022 13:55,7.873,125.8,NE,81.11676,6.373159,0.006,0.008,0
1/5/2022 23:59,0,0,10.88,1/5/2022 0:16,-15.6,1/5/2022 23:53,-2.234,89.3,1/5/2022 0:00,77.25,1/5/2022 23:46,83.1,23.48,1/5/2022 13:54,0.596,1/5/2022 9:14,8.56,303.3,NW,115.7868,6.542022,0.006,0.008,0
1/6/2022 23:59,0,0,-11.13,1/6/2022 14:12,-28.66,1/6/2022 23:58,-18.09,78.08,1/6/2022 13:31,71.8,1/6/2022 23:57,75.92,15.28,1/6/2022 0:23,0,1/6/2022 17:05,4.573,284.4,WNW,174.3182,6.649819,0.004,0.005,0
1/7/2022 23:59,0,0,9.05,1/7/2022 23:42,-34.34,1/7/2022 6:13,-15.25,85.8,1/7/2022 22:53,69.81,1/7/2022 6:15,77,30.19,1/7/2022 21:16,0,1/6/2022 23:59,5.769,124.8,ESE,133.6526,6.703544,0.004,0.005,0
1/8/2022 23:59,0,0,20.23,1/8/2022 12:46,-7.561,1/8/2022 23:56,9.31,87.4,1/8/2022 8:49,73.79,1/8/2022 23:33,82.3,23.85,1/8/2022 21:01,0,1/8/2022 9:43,8.78,227.4,SW,101.5388,6.583443,0.011,0.014,0
1/9/2022 23:59,0,0,-4.853,1/9/2022 14:00,-19.65,1/9/2022 22:57,-10.62,80.8,1/9/2022 20:56,58.82,1/9/2022 13:37,71.69,18.71,1/8/2022 23:59,0,1/9/2022 12:27,5.22,275.2,W,186.9429,6.83278,0.007,0.009,0
1/10/2022 23:59,0,0,-0.757,1/10/2022 23:37,-21.95,1/10/2022 2:43,-10.74,79.53,1/10/2022 0:56,56.25,1/10/2022 22:46,69.58,7.975,1/10/2022 12:29,0,1/9/2022 23:59,2.16,220,SW,159.5833,6.902912,0.005,0.006,0
1/11/2022 23:59,0.03,0.03,30.96,1/11/2022 14:39,-3.829,1/11/2022 0:13,15.87,91.7,1/11/2022 23:58,61.57,1/11/2022 2:56,75.02,18.78,1/11/2022 15:52,0,1/11/2022 4:45,3.539,208.7,SW,163.6394,6.787143,0.014,0.019,0
1/12/2022 23:59,0.06,0.09,31.36,1/12/2022 13:32,18.73,1/12/2022 23:12,25.78,96.3,1/12/2022 21:58,71,1/12/2022 13:34,86.9,7.23,1/12/2022 0:37,0,1/12/2022 0:05,1.304,145.6,ENE,141.7657,6.780093,0.008,0.007,0
1/13/2022 23:59,0,0.09,26.09,1/13/2022 7:46,14.09,1/13/2022 23:56,20.75,96.9,1/13/2022 6:07,77,1/13/2022 23:38,87.5,15.8,1/13/2022 23:43,0,1/12/2022 23:59,4.651,235.4,NW,83.68813,6.885537,0.008,0.01,0
1/14/2022 23:59,0,0.09,15.11,1/14/2022 0:23,-5.27,1/14/2022 23:48,10.47,88.5,1/14/2022 7:48,76.26,1/14/2022 0:33,83.5,16.99,1/14/2022 13:36,0,1/14/2022 16:32,7.036,73.59,ENE,109.584,7.062021,0.009,0.012,0
1/15/2022 23:59,0,0.09,14.36,1/15/2022 23:50,-17.71,1/15/2022 6:11,-0.821,88.4,1/15/2022 11:18,45.24,1/15/2022 23:32,72.33,18.11,1/15/2022 20:18,0,1/15/2022 0:00,3.828,170.9,S,195.3369,7.224823,0.011,0.013,0
1/16/2022 23:59,0.01,0.1,30.21,1/16/2022 12:30,7.075,1/16/2022 23:26,18.25,92.1,1/16/2022 23:31,46.65,1/16/2022 0:06,77.44,23.33,1/16/2022 14:09,0,1/16/2022 5:10,5.717,262.3,W,99.76565,7.118105,0.014,0.018,0
1/17/2022 23:59,0.1,0.2,30.42,1/17/2022 14:54,7.776,1/17/2022 0:06,22.86,93.2,1/17/2022 6:14,75.78,1/17/2022 15:02,85.4,9.39,1/17/2022 23:34,0,1/16/2022 23:59,1.886,188.2,SSW,157.6111,7.207612,0.016,0.019,0
1/18/2022 23:59,0.06,0.26,35.33,1/18/2022 12:02,-1.137,1/18/2022 23:58,20.52,90.7,1/18/2022 7:55,71.54,1/18/2022 12:02,80.8,29.07,1/18/2022 17:22,0,1/18/2022 10:49,9.64,222.8,SW,140.793,7.296653,0.02,0.027,0
1/19/2022 23:59,0,0.26,-0.54,1/19/2022 0:00,-16.94,1/19/2022 23:52,-7.497,80,1/19/2022 0:41,62.74,1/19/2022 13:58,72.8,26.76,1/19/2022 1:36,0,1/19/2022 18:03,8.09,289.3,WNW,193.1608,7.677791,0.009,0.012,0
1/20/2022 23:59,0,0.26,-3.932,1/20/2022 15:28,-26.11,1/20/2022 8:04,-14.84,82.6,1/20/2022 23:56,57.86,1/20/2022 15:39,73.14,7.901,1/20/2022 15:27,0,1/20/2022 0:12,1.642,208.6,SSW,214.767,7.804629,0.006,0.007,0
1/21/2022 23:59,0,0.26,26.45,1/21/2022 19:52,-11.32,1/20/2022 23:59,10.09,93.4,1/21/2022 18:57,59.04,1/21/2022 8:46,74.59,33.61,1/21/2022 20:40,0,1/21/2022 0:00,9.32,199.1,SSW,87.66606,7.780647,0.013,0.018,0
1/22/2022 23:59,0,0.26,15.45,1/21/2022 23:59,-6.03,1/22/2022 7:45,0.504,83.8,1/22/2022 22:25,64.31,1/22/2022 11:40,75.21,26.16,1/22/2022 1:50,0,1/22/2022 7:33,4.265,225.6,NW,129.9861,7.979257,0.008,0.01,0
1/23/2022 23:59,0,0.26,5.649,1/23/2022 21:49,-23.22,1/23/2022 7:25,-5.892,89.4,1/23/2022 22:54,72.57,1/23/2022 15:10,79.44,12,1/23/2022 18:22,0,1/23/2022 0:53,2.836,192.8,S,117.657,8.097704,0.006,0.007,0
1/24/2022 23:59,0,0.26,4.452,1/23/2022 23:59,-20.7,1/24/2022 22:39,-4.925,87.3,1/24/2022 0:04,65.16,1/24/2022 16:17,77.12,16.32,1/24/2022 12:30,0,1/24/2022 2:05,4.42,247.8,NW,225.3411,8.226958,0.009,0.012,0
1/25/2022 23:59,0,0.26,-6.715,1/25/2022 14:36,-24.58,1/25/2022 6:39,-16.16,81,1/25/2022 20:41,62.75,1/25/2022 14:37,74.25,14.16,1/25/2022 11:23,0,1/25/2022 1:03,3.073,272.6,W,226.9539,8.388774,0.006,0.008,0
1/26/2022 23:59,0,0.26,31.06,1/26/2022 21:04,-19.47,1/25/2022 23:59,9.51,92.3,1/26/2022 20:49,66.9,1/26/2022 7:11,76.62,23.93,1/26/2022 9:52,0,1/26/2022 1:15,6.812,217.7,SSW,148.0867,8.334483,0.014,0.019,0
1/27/2022 23:59,0,0.26,24.81,1/26/2022 23:59,-14.38,1/27/2022 23:53,8.64,90,1/27/2022 4:43,55.77,1/27/2022 15:20,73.59,20.2,1/27/2022 8:20,0,1/27/2022 2:27,5.551,289.2,NW,234.6226,8.563136,0.017,0.022,0
1/28/2022 23:59,0,0.26,13.91,1/28/2022 15:03,-16.77,1/28/2022 2:13,-0.607,87.6,1/28/2022 23:40,62.68,1/28/2022 16:09,77.3,8.35,1/28/2022 13:28,0,1/27/2022 23:59,1.526,203.5,SW,193.2939,8.678977,0.01,0.011,0
1/29/2022 23:59,0,0.26,22.17,1/29/2022 13:11,0.997,1/29/2022 1:32,11.98,93.3,1/29/2022 3:51,67.31,1/29/2022 13:08,79.66,22.81,1/29/2022 14:39,0,1/29/2022 0:12,5.384,233.6,W,186.3724,8.71001,0.016,0.021,0
1/30/2022 23:59,0,0.26,17.11,1/30/2022 15:42,-2.553,1/30/2022 6:56,8.09,89.4,1/30/2022 7:07,62.06,1/30/2022 15:44,79.58,11.93,1/30/2022 0:05,0,1/30/2022 4:38,2.667,200,S,189.5065,8.925596,0.013,0.015,0
1/31/2022 23:59,0,0.26,21.36,1/31/2022 17:20,0.511,1/31/2022 4:49,12.54,91,1/31/2022 2:22,71.91,1/31/2022 15:05,81.9,16.32,1/31/2022 14:20,0,1/30/2022 23:59,3.705,114.9,ESE,159.0393,8.99807,0.013,0.016,0
2/1/2022 23:59,0,0.26,24.34,2/1/2022 2:31,-5.262,2/1/2022 23:58,7.741,91.9,2/1/2022 1:59,71.24,2/1/2022 13:18,79.86,29.22,2/1/2022 3:15,0,1/31/2022 23:59,10.67,274,W,196.4107,9.235205,0.012,0.016,0
2/2/2022 23:59,0,0.26,-3.506,2/2/2022 15:22,-20.58,2/2/2022 23:57,-9.6,80.1,2/2/2022 20:53,54,2/2/2022 15:29,70.1,15.73,2/2/2022 0:42,0,2/2/2022 5:54,4.405,284.5,WNW,255.1849,9.504088,0.01,0.012,0
2/3/2022 23:59,0,0.26,-2.503,2/3/2022 15:38,-31.52,2/3/2022 7:51,-15.1,79.49,2/3/2022 9:59,46.22,2/3/2022 15:38,66.08,10.21,2/3/2022 18:48,0,2/2/2022 23:59,2.358,147.3,SE,254.3921,9.670364,0.01,0.011,0
2/4/2022 23:59,0,0.26,-1.782,2/4/2022 4:13,-12.38,2/4/2022 19:43,-5.306,83.5,2/4/2022 5:37,62.93,2/4/2022 16:03,73.9,15.73,2/4/2022 12:05,0,2/4/2022 3:05,4.344,234.8,W,258.2252,9.794624,0.009,0.011,0
2/5/2022 23:59,0,0.26,22.22,2/5/2022 17:52,-8.3,2/5/2022 0:00,7.958,86.8,2/5/2022 18:20,61.29,2/5/2022 12:36,73.74,23.11,2/5/2022 10:31,0,2/5/2022 1:42,5.777,195.7,S,111.3814,9.832947,0.013,0.018,0
2/6/2022 23:59,0,0.26,13.92,2/6/2022 1:16,-11.6,2/6/2022 23:57,3.59,84.7,2/6/2022 21:02,64.01,2/6/2022 14:35,76.24,17.96,2/6/2022 6:42,0,2/6/2022 0:11,5.094,281.3,WNW,209.7363,10.05397,0.013,0.016,0
2/7/2022 23:59,0,0.26,22,2/7/2022 15:28,-11.6,2/6/2022 23:59,8.21,90.8,2/7/2022 23:54,56.92,2/7/2022 14:17,73.73,11.11,2/7/2022 16:10,0,2/7/2022 0:11,3.13,153.1,SE,221.4647,10.13756,0.02,0.025,0
2/8/2022 23:59,0.04,0.3,38.11,2/8/2022 13:36,9.19,2/8/2022 3:47,26.69,96.1,2/8/2022 16:20,66.38,2/8/2022 13:36,84.4,24.45,2/8/2022 13:38,0,2/8/2022 0:04,5.577,242.4,W,233.5637,10.01632,0.031,0.037,0
2/9/2022 23:59,0,0.3,32.65,2/9/2022 0:13,8.6,2/9/2022 23:52,21.79,93,2/9/2022 5:22,66.82,2/9/2022 14:43,79.41,27.35,2/9/2022 13:04,0.969,2/9/2022 23:50,10.3,300.2,WNW,175.6994,10.34808,0.023,0.031,0
2/10/2022 23:59,0.08,0.38,37.82,2/10/2022 17:16,1.686,2/10/2022 4:35,20.79,93.8,2/10/2022 23:59,78.81,2/10/2022 11:08,86.6,29.52,2/10/2022 14:54,0,2/10/2022 1:07,7.469,236.9,WSW,89.52863,10.43585,0.013,0.017,0
2/11/2022 23:59,0.01,0.39,33.31,2/11/2022 0:04,-16.01,2/11/2022 23:37,3.992,95.9,2/11/2022 1:50,62.7,2/11/2022 14:48,75.7,30.93,2/11/2022 9:48,0,2/11/2022 20:47,10.27,299.1,NW,266.3932,10.94001,0.015,0.02,0
2/12/2022 23:59,0,0.39,-0.9,2/12/2022 16:07,-23.65,2/12/2022 6:21,-11.32,84.6,2/12/2022 21:34,50.61,2/12/2022 15:15,71.48,8.87,2/12/2022 12:36,0,2/12/2022 3:28,2.031,251.3,W,218.3571,11.20038,0.008,0.009,0
2/13/2022 23:59,0,0.39,6.669,2/13/2022 22:46,-23.14,2/13/2022 7:43,-6.559,83.1,2/13/2022 23:58,58.99,2/13/2022 13:07,75.36,13.49,2/13/2022 14:17,0,2/13/2022 0:16,3.588,179.1,SSE,194.8913,11.35038,0.009,0.012,0
2/14/2022 23:59,0.02,0.41,7.558,2/14/2022 12:46,-12.05,2/14/2022 8:03,0.412,83.8,2/14/2022 8:28,54.15,2/14/2022 12:50,72.61,9.17,2/14/2022 1:20,0,2/14/2022 2:33,2.145,173.5,N,293.1974,11.49602,0.016,0.018,0
2/15/2022 23:59,0,0.41,20.17,2/15/2022 17:51,-0.417,2/14/2022 23:59,12.89,86.7,2/15/2022 22:34,65.11,2/15/2022 4:54,72.09,19.75,2/15/2022 11:21,0,2/15/2022 20:23,7.17,122.1,ESE,184.2321,11.52429,0.019,0.026,0
2/16/2022 23:59,0,0.41,19.67,2/16/2022 1:28,-4.166,2/16/2022 23:58,10.55,85.7,2/16/2022 2:00,56.06,2/16/2022 14:03,71.82,20.35,2/16/2022 23:29,0,2/16/2022 0:05,7.335,297.1,WNW,260.9484,11.76499,0.024,0.031,0
2/17/2022 23:59,0,0.41,1.201,2/17/2022 16:06,-16.26,2/17/2022 7:40,-6.333,79.08,2/17/2022 7:49,47.55,2/17/2022 16:35,62.44,16.99,2/17/2022 0:04,0,2/17/2022 3:17,3.197,206.8,NNW,320.6218,12.14,0.015,0.017,0
2/18/2022 23:59,0,0.41,24.1,2/18/2022 9:41,-3.74,2/18/2022 23:58,5.511,88.4,2/18/2022 9:13,54.68,2/18/2022 1:22,74.63,37.49,2/18/2022 11:37,0,2/18/2022 7:10,11.32,239.2,WSW,223.2363,12.12866,0.015,0.02,0
2/19/2022 23:59,0,0.41,30.72,2/19/2022 23:53,-10.91,2/19/2022 7:06,7.367,81.9,2/19/2022 9:32,47.8,2/19/2022 22:39,66,25.12,2/19/2022 23:46,0,2/19/2022 0:25,7.082,203.9,SSW,208.2574,12.42444,0.022,0.03,0
2/20/2022 23:59,0,0.41,33.09,2/20/2022 7:08,6.666,2/20/2022 19:57,19.51,89.2,2/20/2022 7:42,49.34,2/20/2022 0:20,65.84,25.19,2/20/2022 7:29,0,2/20/2022 6:02,7.543,242.9,WNW,319.1949,12.50313,0.033,0.042,0
2/21/2022 23:59,0,0.41,9.95,2/20/2022 23:59,-3.659,2/21/2022 23:58,3.283,85.2,2/21/2022 5:25,61.04,2/21/2022 0:01,81,24.3,2/21/2022 12:14,0.373,2/21/2022 19:03,8.65,53.75,NE,142.5644,12.79788,0.01,0.013,0
2/22/2022 23:59,0,0.41,1.059,2/22/2022 13:09,-11.71,2/22/2022 23:58,-5.296,81.6,2/22/2022 13:07,76.79,2/22/2022 23:56,79.52,21.24,2/22/2022 15:26,0,2/22/2022 3:49,7.294,224.4,NNW,204.091,13.0793,0.01,0.013,0
2/23/2022 23:59,0,0.41,-1.174,2/23/2022 16:14,-20.5,2/23/2022 7:22,-11.54,78.69,2/23/2022 22:30,65.73,2/23/2022 15:42,74.35,11.33,2/23/2022 1:14,0,2/23/2022 6:45,2.985,273.7,WNW,356.6817,13.33677,0.013,0.015,0
2/24/2022 23:59,0,0.41,4.574,2/24/2022 16:01,-24.23,2/24/2022 7:00,-8.66,82.3,2/24/2022 8:57,56.04,2/24/2022 16:11,70.62,9.09,2/24/2022 17:05,0,2/23/2022 23:59,1.596,143.2,NE,326.3496,13.53752,0.014,0.016,0
2/25/2022 23:59,0,0.41,6.864,2/25/2022 16:04,-19.9,2/25/2022 7:24,-3.696,81.4,2/25/2022 23:12,56.45,2/25/2022 14:04,72.58,12.37,2/25/2022 14:38,0,2/24/2022 23:59,2.435,206.7,SW,363.1774,13.71767,0.019,0.022,0
2/26/2022 23:59,0.05,0.46,24.18,2/26/2022 14:09,-2.983,2/26/2022 0:17,12.37,91.2,2/26/2022 23:44,58.38,2/26/2022 13:47,76.03,15.13,2/26/2022 13:30,0,2/25/2022 23:59,3.651,240.5,WSW,367.0242,13.7213,0.034,0.04,0
2/27/2022 23:59,0,0.46,30.68,2/27/2022 15:47,0.515,2/27/2022 6:14,17.23,92.7,2/27/2022 0:24,55.65,2/27/2022 12:28,77.51,11.03,2/27/2022 13:41,0,2/26/2022 23:59,2.488,149.8,ESE,308.9918,13.83799,0.033,0.039,0
2/28/2022 23:59,0.01,0.47,34.79,2/28/2022 14:55,9.02,2/28/2022 6:17,23.05,94.6,2/28/2022 8:09,61.97,2/28/2022 11:58,79.78,17.52,2/28/2022 18:20,0,2/28/2022 0:06,3.201,203.1,W,345.8961,13.95106,0.045,0.052,0
3/1/2022 23:59,0,0.47,31.02,3/1/2022 13:45,18.05,3/1/2022 3:15,23.43,89.6,3/1/2022 3:23,54.97,3/1/2022 13:45,75.89,8.65,3/1/2022 10:31,0,3/1/2022 1:58,2.303,225.2,NNW,322.7903,14.24712,0.036,0.041,0
3/2/2022 23:59,0.01,0.48,26.02,3/2/2022 14:29,5.901,3/2/2022 23:58,19.57,93.4,3/2/2022 5:57,50.91,3/2/2022 17:20,72.88,16.02,3/2/2022 16:28,0,3/1/2022 23:59,3.92,185,N,300.9726,14.5366,0.032,0.04,0
3/3/2022 23:59,0,0.48,17.19,3/3/2022 17:12,-5.432,3/3/2022 6:45,7.474,81.8,3/3/2022 6:44,32.84,3/3/2022 15:00,58.48,7.826,3/3/2022 11:01,0,3/2/2022 23:59,2.29,146.1,ENE,336.1757,15.03443,0.027,0.033,0
3/4/2022 23:59,0,0.48,27.57,3/4/2022 14:57,15.36,3/4/2022 0:00,22.11,59.78,3/4/2022 0:57,37.21,3/4/2022 17:16,49.95,24.15,3/4/2022 15:23,0.969,3/4/2022 0:01,8.25,90.2,E,192.3735,15.06359,0.045,0.064,0
3/5/2022 23:59,0,0.48,32.71,3/5/2022 15:00,20.75,3/5/2022 23:57,26.6,79.33,3/5/2022 23:57,48.55,3/5/2022 0:22,60.94,18.63,3/5/2022 20:41,0,3/5/2022 4:12,4.872,143.7,NNE,206.836,15.1466,0.04,0.05,0
3/6/2022 23:59,0,0.48,23.83,3/6/2022 14:45,13.51,3/6/2022 23:45,19.83,88.3,3/6/2022 6:47,69.97,3/6/2022 14:56,80.1,16.84,3/6/2022 19:01,0,3/6/2022 21:29,7.388,290.2,WNW,246.5681,15.38581,0.028,0.036,0
3/7/2022 23:59,0,0.48,22.31,3/7/2022 15:18,0.915,3/7/2022 7:10,13.71,90.5,3/7/2022 3:03,61.72,3/7/2022 12:32,80.4,12.45,3/7/2022 23:42,0,3/7/2022 1:18,3.266,239.4,WSW,401.6855,15.74889,0.035,0.04,0
3/8/2022 23:59,0,0.48,27.57,3/8/2022 12:14,10.78,3/8/2022 23:57,21.85,87.8,3/8/2022 18:30,57.28,3/8/2022 11:09,73.81,22.66,3/8/2022 12:27,0,3/8/2022 1:24,7.982,256.4,WSW,307.5824,15.84895,0.039,0.05,0
3/9/2022 23:59,0,0.48,11.46,3/8/2022 23:59,-3.134,3/9/2022 23:58,5.478,84.5,3/9/2022 23:48,44.7,3/9/2022 12:55,66.74,21.32,3/9/2022 12:55,0,3/9/2022 18:17,6.2,281,WNW,414.7248,16.42324,0.029,0.038,0
3/10/2022 23:59,0,0.48,20.9,3/10/2022 21:37,-9.67,3/10/2022 6:56,5.813,89.4,3/10/2022 21:55,51.03,3/10/2022 13:09,68.23,26.38,3/10/2022 23:24,0,3/9/2022 23:59,5.081,227.1,SW,432.1048,16.61777,0.031,0.037,0
3/11/2022 23:59,0,0.48,8.76,3/11/2022 0:01,-8.55,3/11/2022 22:43,-1.345,82.7,3/11/2022 3:04,58.44,3/11/2022 12:44,71.84,22.36,3/11/2022 14:06,0,3/11/2022 19:31,9.48,279,W,408.1426,16.92369,0.019,0.025,0
3/12/2022 23:59,0,0.48,27.79,3/12/2022 22:13,-14.57,3/12/2022 4:56,7.625,80.6,3/12/2022 5:21,43.25,3/12/2022 12:18,64.15,19.3,3/12/2022 12:02,0,3/12/2022 0:00,4.424,199.2,S,388.7555,17.10038,0.033,0.042,0
3/13/2022 23:59,0,0.48,27.38,3/13/2022 13:18,18.14,3/13/2022 23:46,23.6,93,3/13/2022 8:02,58.82,3/13/2022 14:21,73.86,15.58,3/13/2022 13:37,0,3/12/2022 23:59,4.417,274.4,WNW,378.5431,17.01752,0.045,0.055,0
3/14/2022 23:59,0,0.48,33.62,3/14/2022 14:22,17.45,3/14/2022 6:35,23.28,81.8,3/14/2022 23:49,40.34,3/14/2022 14:25,62.41,8.65,3/14/2022 13:21,0,3/13/2022 23:59,2.446,163.9,N,407.7157,17.35508,0.052,0.061,0
3/15/2022 23:59,0,0.48,48.62,3/15/2022 15:48,20.6,3/15/2022 2:30,35.99,86.5,3/15/2022 21:32,50.66,3/15/2022 15:51,70.9,13.79,3/15/2022 12:50,0,3/15/2022 0:59,4.514,175.2,S,420.1045,17.14591,0.072,0.088,0
3/16/2022 23:59,0,0.48,47.58,3/16/2022 15:08,33.4,3/16/2022 23:17,39.98,92.8,3/16/2022 23:20,58.39,3/16/2022 14:56,71.84,16.47,3/16/2022 19:54,0,3/16/2022 0:21,3.154,224,SW,363.6473,17.31226,0.065,0.075,0
3/17/2022 23:59,0,0.48,42.06,3/17/2022 15:25,27.81,3/17/2022 8:15,35.35,98.2,3/17/2022 8:48,61.91,3/17/2022 15:24,81.2,12.3,3/17/2022 2:26,0,3/17/2022 5:19,3.574,270.5,WNW,443.5844,17.60981,0.066,0.075,0
3/18/2022 23:59,0,0.48,40.77,3/18/2022 15:39,23.07,3/18/2022 23:42,33.04,93.7,3/18/2022 23:54,55.45,3/18/2022 15:42,76.34,9.47,3/18/2022 12:22,0,3/18/2022 0:13,1.98,137.3,NE,417.0092,17.90838,0.059,0.065,0
3/19/2022 23:59,0,0.48,44.98,3/19/2022 16:17,20.97,3/19/2022 4:23,32.3,96.6,3/19/2022 6:03,54.43,3/19/2022 16:06,81,8.87,3/19/2022 14:58,0,3/18/2022 23:59,1.722,248.4,WSW,449.8714,18.08226,0.067,0.073,0
3/20/2022 23:59,0,0.48,48.04,3/20/2022 13:47,22.56,3/20/2022 6:01,37.03,96.9,3/20/2022 7:10,45.95,3/20/2022 15:08,72.03,15.8,3/20/2022 22:30,0,3/19/2022 23:59,4.522,105.4,E,431.8627,18.24406,0.084,0.102,0
3/21/2022 23:59,0.02,0.5,50.72,3/21/2022 15:29,33.57,3/21/2022 23:53,42.88,95.9,3/21/2022 22:14,55.07,3/21/2022 1:12,68.06,21.02,3/21/2022 13:43,0,3/21/2022 18:25,7.842,123.7,ENE,371.2415,18.38088,0.084,0.108,0.36
3/22/2022 23:59,0,0.5,39.22,3/22/2022 15:45,31.72,3/22/2022 6:48,35.15,96.2,3/22/2022 0:38,64.85,3/22/2022 16:22,82.6,14.38,3/22/2022 21:36,0,3/22/2022 3:04,4.365,237.6,NNW,158.4407,18.75148,0.032,0.04,0
3/23/2022 23:59,0,0.5,36.69,3/23/2022 15:35,31.38,3/23/2022 6:35,34.04,89.8,3/23/2022 0:53,68.44,3/23/2022 15:31,78.92,21.61,3/23/2022 13:23,0,3/23/2022 0:10,6.381,163.9,N,135.4394,19.04907,0.034,0.046,0
3/24/2022 23:59,0.05,0.55,45.77,3/24/2022 15:55,28.94,3/24/2022 4:26,36.16,94,3/24/2022 20:57,48.38,3/24/2022 15:49,76.79,20.42,3/24/2022 23:12,0,3/24/2022 0:18,3.383,200.1,NW,428.2356,19.27718,0.072,0.084,0
3/25/2022 23:59,0.02,0.57,38.9,3/25/2022 0:04,16.56,3/25/2022 23:58,28.89,93.7,3/25/2022 9:05,49.2,3/25/2022 16:53,68.21,31.01,3/25/2022 11:31,2.609,3/25/2022 19:01,13.65,293.9,WNW,259.1674,19.7155,0.05,0.07,0
3/26/2022 23:59,0,0.57,22.94,3/26/2022 14:35,9.55,3/26/2022 23:53,15.75,73.87,3/26/2022 5:58,34.94,3/26/2022 13:16,56.02,23.33,3/26/2022 1:41,0.224,3/26/2022 23:22,8.81,294.3,NW,500.981,20.38174,0.056,0.075,0
3/27/2022 23:59,0,0.57,24.85,3/27/2022 16:44,3.89,3/27/2022 6:36,13.62,76.98,3/27/2022 23:57,25.61,3/27/2022 16:32,49.79,12.3,3/27/2022 16:35,0,3/27/2022 0:54,2.797,197.6,NNW,492.5196,20.72483,0.047,0.057,0
3/28/2022 23:59,0,0.57,35.68,3/28/2022 16:25,13.04,3/28/2022 1:52,25.19,82.7,3/28/2022 2:16,29.64,3/28/2022 12:50,47.33,20.87,3/28/2022 18:38,0,3/27/2022 23:59,8.28,113.7,ESE,374.3582,20.75856,0.074,0.105,0
3/29/2022 23:59,0.07,0.64,43.76,3/29/2022 14:34,28.77,3/29/2022 3:03,34.94,94.1,3/29/2022 23:52,41.87,3/29/2022 14:37,55.3,24.3,3/29/2022 8:36,0.894,3/29/2022 19:11,9.81,120.9,ESE,245.4075,20.63602,0.078,0.114,0
3/30/2022 23:59,0.31,0.95,32.55,3/30/2022 12:32,25.75,3/30/2022 23:42,28.83,97.7,3/30/2022 8:57,78.26,3/30/2022 23:58,90.2,18.93,3/30/2022 13:50,0,3/30/2022 3:00,5.609,220.8,NNW,191.3615,20.64968,0.028,0.034,0
3/31/2022 23:59,0.09,1.04,31.27,3/31/2022 14:22,15.62,3/31/2022 23:43,25.94,93.1,3/31/2022 23:49,61.23,3/31/2022 12:46,74.6,17.07,3/31/2022 7:22,0,3/31/2022 1:22,5.284,260.8,NW,454.2722,21.14596,0.057,0.07,0
4/1/2022 23:59,0,1.04,40.78,4/1/2022 14:37,13.45,4/1/2022 4:13,28.36,96.8,4/1/2022 23:51,42.54,4/1/2022 14:39,79.72,15.8,4/1/2022 20:23,0,3/31/2022 23:59,3.773,203.3,SSW,373.8151,21.25732,0.06,0.073,0
4/2/2022 23:59,0,1.04,35.67,4/2/2022 9:55,28.85,4/2/2022 23:58,32.72,97.6,4/2/2022 4:18,61.03,4/2/2022 12:58,77.34,16.77,4/2/2022 8:53,0,4/2/2022 0:03,4.616,254.1,WNW,231.6175,21.44079,0.043,0.056,0
4/3/2022 23:59,0.04,1.08,34.26,4/3/2022 10:05,21.96,4/3/2022 5:31,29.28,97.3,4/3/2022 22:11,62.98,4/3/2022 10:58,85.2,13.94,4/3/2022 12:56,0,4/3/2022 0:03,3.359,129.7,ENE,183.6601,21.63669,0.031,0.038,0
4/4/2022 23:59,0.02,1.1,45.32,4/4/2022 16:29,12.98,4/4/2022 6:06,30.72,98.1,4/4/2022 9:08,40.16,4/4/2022 16:01,78.58,16.99,4/4/2022 23:11,0,4/3/2022 23:59,3.39,200,SSE,543.9592,21.81268,0.088,0.102,0
4/5/2022 23:59,0.99,2.09,38.39,4/5/2022 12:34,30.95,4/5/2022 23:16,35.04,98.2,4/5/2022 23:55,77.74,4/5/2022 0:05,92.7,26.61,4/5/2022 9:51,0.447,4/5/2022 23:34,11.19,107.8,ESE,53.63243,21.79233,0.014,0.019,0
4/6/2022 23:59,0.38,2.47,33.82,4/6/2022 13:59,30.55,4/6/2022 22:46,31.95,98.2,4/6/2022 0:17,89.3,4/6/2022 16:18,94.3,27.73,4/6/2022 16:00,0,4/6/2022 2:59,10.32,287.2,NW,223.597,22.12934,0.029,0.034,0
4/7/2022 23:59,0.01,2.48,34.84,4/7/2022 18:12,28.51,4/7/2022 10:31,31.85,93.5,4/7/2022 0:17,60.63,4/7/2022 17:03,77.3,28.77,4/7/2022 9:37,0.224,4/7/2022 18:33,8.45,263.4,NNW,246.6184,22.575,0.044,0.057,0
4/8/2022 23:59,0,2.48,41.8,4/8/2022 15:57,24.17,4/8/2022 23:19,32.84,88.8,4/8/2022 23:50,35.68,4/8/2022 16:12,55.41,23.63,4/8/2022 15:05,0,4/8/2022 19:45,6.381,282.1,NW,590.4087,23.04082,0.102,0.132,0
4/9/2022 23:59,0,2.48,51.64,4/9/2022 15:52,19.79,4/9/2022 5:41,36.91,96.2,4/9/2022 6:14,28.05,4/9/2022 16:00,60.57,16.02,4/9/2022 14:05,0,4/8/2022 23:59,3.717,170,SSE,512.3171,23.15475,0.108,0.139,0.82
4/10/2022 23:59,0.14,2.62,43.93,4/10/2022 11:36,31.36,4/10/2022 23:24,39.42,97.4,4/10/2022 23:54,49.02,4/10/2022 1:48,64.86,18.56,4/10/2022 14:29,0,4/10/2022 4:27,4.883,141.5,ENE,127.3456,23.09418,0.046,0.064,0
4/11/2022 23:59,0.23,2.85,44.47,4/11/2022 17:08,30.21,4/11/2022 22:31,36.37,97.4,4/11/2022 0:22,64.06,4/11/2022 18:17,85.2,20.79,4/11/2022 2:35,0,4/11/2022 5:09,3.446,226.2,WSW,373.4081,23.10694,0.06,0.067,0
4/12/2022 23:59,0.03,2.88,42.19,4/12/2022 15:11,31.32,4/12/2022 2:24,37.86,93.1,4/12/2022 2:27,71.18,4/12/2022 9:53,84.2,29.14,4/12/2022 17:07,0,4/11/2022 23:59,10.79,80.9,E,101.4076,23.32648,0.033,0.047,0
4/13/2022 23:59,0.13,3.01,39.73,4/13/2022 0:35,26.85,4/13/2022 23:51,32.86,98.2,4/13/2022 7:43,56.12,4/13/2022 16:49,79.67,19.83,4/13/2022 23:40,0,4/13/2022 8:01,6.695,175.5,S,183.3885,23.83051,0.04,0.05,0
4/14/2022 23:59,0.04,3.05,29.77,4/14/2022 11:39,15.19,4/14/2022 23:51,24.42,96.1,4/14/2022 7:09,70.19,4/14/2022 1:00,84.3,26.46,4/14/2022 13:19,0,4/14/2022 6:09,9.6,244.6,WSW,292.9301,24.14506,0.037,0.044,0
4/15/2022 23:59,0,3.05,21.84,4/15/2022 17:17,11.48,4/15/2022 6:02,17.45,84.4,4/15/2022 2:14,61.77,4/15/2022 13:25,74.18,24.6,4/15/2022 4:35,1.789,4/15/2022 1:12,11.07,277.7,W,462.2167,24.73063,0.045,0.058,0
4/16/2022 23:59,0,3.05,31.44,4/16/2022 15:55,16.3,4/16/2022 5:56,23.35,85.7,4/16/2022 23:49,43.48,4/16/2022 11:39,63.8,21.09,4/16/2022 11:39,0,4/16/2022 20:14,6.633,276.1,WNW,617.7259,24.92215,0.075,0.095,0
4/17/2022 23:59,0.03,3.08,34.5,4/17/2022 10:36,15.72,4/17/2022 0:20,26.38,94.5,4/17/2022 14:13,48.3,4/17/2022 10:37,83,19.3,4/17/2022 19:24,0,4/16/2022 23:59,5.873,146.4,SSE,214.6901,24.74018,0.034,0.042,0
4/18/2022 23:59,0.02,3.1,31.95,4/18/2022 16:42,16.22,4/18/2022 23:57,26.57,95.4,4/18/2022 1:47,57.14,4/18/2022 18:43,76.81,27.5,4/18/2022 6:59,0,4/18/2022 0:36,9.35,284.7,WNW,460.545,25.06679,0.056,0.07,0
4/19/2022 23:59,0,3.1,40.37,4/19/2022 14:59,11.42,4/19/2022 5:28,29.43,93.5,4/19/2022 3:51,46.65,4/19/2022 14:33,67.52,24.52,4/19/2022 22:14,0,4/18/2022 23:59,7.102,128.4,ESE,445.1618,25.21982,0.082,0.105,0
4/20/2022 23:59,0.68,3.78,38.23,4/20/2022 5:00,31.21,4/20/2022 11:18,34.47,98.9,4/20/2022 22:57,48.91,4/20/2022 0:03,84.8,23.78,4/20/2022 3:17,0,4/20/2022 10:10,5.207,173.2,SSE,182.2243,25.03966,0.037,0.041,0
4/21/2022 23:59,0,3.78,42.04,4/21/2022 14:51,32.73,4/21/2022 5:40,36.9,98.8,4/21/2022 0:39,56.87,4/21/2022 14:42,72.37,21.02,4/21/2022 8:52,0,4/21/2022 0:01,5.888,207.2,WNW,430.942,25.40577,0.078,0.095,0
4/22/2022 23:59,0.07,3.85,47.5,4/22/2022 23:46,36.53,4/21/2022 23:59,41.32,98.8,4/22/2022 23:23,67.97,4/22/2022 4:33,86.4,26.31,4/22/2022 16:06,2.907,4/22/2022 0:22,10.87,100,E,63.72872,25.141,0.022,0.03,0
4/23/2022 23:59,0.03,3.88,74.7,4/23/2022 16:36,40.02,4/23/2022 23:57,56.85,99.1,4/23/2022 3:42,26.72,4/23/2022 16:50,77.15,30.19,4/23/2022 16:23,0,4/23/2022 17:45,10.36,140.6,SE,315.0898,24.52009,0.11,0.147,12.35
4/24/2022 23:59,0.09,3.97,40.54,4/24/2022 0:01,27.01,4/24/2022 23:39,34.99,95.8,4/24/2022 9:29,62.54,4/23/2022 23:59,83.3,26.46,4/24/2022 16:50,0,4/24/2022 8:04,9.19,230.1,WSW,287.4543,25.75536,0.052,0.061,0
4/25/2022 23:59,0,3.97,27.7,4/25/2022 0:02,22.45,4/25/2022 20:39,24.75,91.9,4/25/2022 1:55,64.71,4/25/2022 11:43,80.7,22.36,4/25/2022 11:46,1.118,4/25/2022 20:15,9.63,291.6,WNW,188.8529,26.48246,0.033,0.044,0
4/26/2022 23:59,0,3.97,35.99,4/26/2022 16:34,22.71,4/26/2022 5:41,27.1,83.6,4/26/2022 1:29,45.78,4/26/2022 17:48,68.35,13.04,4/26/2022 0:50,0,4/26/2022 11:05,5.412,185.6,N,430.3772,26.67402,0.068,0.083,0
4/27/2022 23:59,0,3.97,47.27,4/27/2022 16:36,22.56,4/27/2022 2:32,35,73.12,4/27/2022 1:33,32.02,4/27/2022 15:22,51.5,21.02,4/27/2022 14:18,1.342,4/27/2022 1:25,8.16,95.4,E,642.4683,26.8785,0.127,0.17,0
4/28/2022 23:59,0,3.97,52.52,4/28/2022 12:49,26.94,4/28/2022 4:46,40.08,78.47,4/28/2022 5:32,41.78,4/28/2022 12:35,60.7,19.38,4/28/2022 11:48,1.416,4/28/2022 23:23,8.38,101.8,ESE,445.9071,26.66563,0.111,0.148,1.26
4/29/2022 23:59,0.39,4.36,49.85,4/29/2022 14:44,39.39,4/29/2022 7:03,44.74,97.5,4/29/2022 10:12,69.34,4/29/2022 0:14,87,16.92,4/29/2022 6:34,2.385,4/29/2022 0:57,7.915,90.4,E,73.03887,26.2156,0.027,0.036,0
4/30/2022 23:59,0.77,5.13,46.56,4/29/2022 23:59,40.75,4/30/2022 23:44,43.63,98,4/30/2022 23:41,90.3,4/30/2022 5:14,95,22.36,4/30/2022 7:55,0,4/30/2022 18:19,7.455,87.7,ENE,50.41109,26.3643,0.015,0.019,0
5/1/2022 23:59,0.05,5.18,41.6,4/30/2022 23:59,35.44,5/1/2022 23:57,38.48,98.5,5/1/2022 3:42,85.5,5/1/2022 20:16,92.9,22.36,5/1/2022 15:27,0,5/1/2022 0:05,7.708,298.4,NW,86.32153,26.8636,0.02,0.026,0
5/2/2022 23:59,0,5.18,45.06,5/2/2022 15:54,31.3,5/2/2022 6:00,37.44,96.5,5/2/2022 5:58,61.49,5/2/2022 15:11,78.48,15.28,5/2/2022 2:57,0,5/2/2022 12:29,5.742,265.7,NW,433.501,27.23476,0.077,0.093,0
5/3/2022 23:59,0,5.18,56.43,5/3/2022 17:00,33.76,5/3/2022 2:55,43.94,79.91,5/3/2022 2:50,28.37,5/3/2022 17:41,56.28,12.89,5/3/2022 7:39,0,5/3/2022 0:15,3.593,113.4,NNE,673.4476,27.52503,0.14,0.171,3.215
5/4/2022 23:59,0,5.18,59.98,5/4/2022 13:38,33.87,5/4/2022 4:44,47.47,84.1,5/4/2022 1:44,30.92,5/4/2022 13:39,56.93,11.25,5/4/2022 12:34,0,5/3/2022 23:59,2.709,145.2,SE,516.2385,27.54733,0.127,0.156,4.99
5/5/2022 23:59,0,5.18,66.34,5/5/2022 15:32,38.07,5/5/2022 3:06,52.39,86,5/5/2022 4:16,31.58,5/5/2022 14:41,58.83,14.31,5/5/2022 13:40,0,5/5/2022 0:02,2.762,150,ESE,577.2084,27.42035,0.152,0.186,8.17
5/6/2022 23:59,0,5.18,70.48,5/6/2022 15:02,36.8,5/6/2022 4:53,55.54,94.6,5/6/2022 2:03,23.92,5/6/2022 13:07,51.25,19.6,5/6/2022 13:12,0,5/5/2022 23:59,4.832,122.8,ESE,632.2318,27.72904,0.196,0.258,10.24
5/7/2022 23:59,0.14,5.32,72.49,5/7/2022 15:12,44.18,5/7/2022 4:23,61.09,81.9,5/7/2022 23:58,29.83,5/7/2022 21:21,47.95,32.35,5/7/2022 14:14,0,5/7/2022 2:59,9.3,140.8,SE,563.9271,27.47308,0.226,0.314,11.24
5/8/2022 23:59,0.31,5.63,57.81,5/8/2022 13:10,49.91,5/8/2022 7:45,53.26,94.8,5/8/2022 18:57,72.25,5/8/2022 1:03,86.5,35.33,5/8/2022 5:48,0,5/8/2022 7:06,10.22,147.7,SE,157.8642,27.28048,0.054,0.068,3.905
5/9/2022 23:59,0.29,5.92,68.17,5/9/2022 14:28,50.59,5/9/2022 23:57,56.41,94.3,5/9/2022 1:43,59.32,5/9/2022 18:08,81.8,32.5,5/9/2022 6:43,0.149,5/9/2022 21:28,10.48,170.6,SSE,236.6147,27.15822,0.078,0.104,9.38
5/10/2022 23:59,0,5.92,69.27,5/10/2022 15:48,49.83,5/10/2022 0:59,57.75,84.1,5/10/2022 5:41,24.44,5/10/2022 16:31,58.19,10.29,5/10/2022 9:00,0,5/10/2022 1:10,2.828,207.7,SW,490.0217,28.10189,0.135,0.162,9.63
5/11/2022 23:59,0.03,5.95,72.81,5/11/2022 12:32,48.09,5/11/2022 2:31,59.57,95.1,5/11/2022 23:58,35.07,5/11/2022 12:24,63.28,25.71,5/11/2022 12:04,0,5/11/2022 0:18,7.691,89.6,ENE,307.7705,27.8928,0.136,0.197,11.4
5/12/2022 23:59,0.43,6.38,69.33,5/12/2022 17:34,51.57,5/12/2022 0:21,60.89,97.3,5/12/2022 0:38,74.57,5/12/2022 19:05,87.9,26.16,5/12/2022 22:56,0,5/11/2022 23:59,8.08,109.5,E,236.2207,27.35715,0.077,0.097,10.45
5/13/2022 23:59,0,6.38,68.56,5/13/2022 15:18,52.8,5/13/2022 23:27,60.86,90,5/13/2022 1:56,39.63,5/13/2022 15:13,61.94,27.58,5/13/2022 0:27,0,5/13/2022 20:27,7.985,204.6,SSW,660.8527,28.18311,0.192,0.252,10.68
5/14/2022 23:59,0,6.38,63.25,5/14/2022 16:33,47.15,5/14/2022 5:28,56.52,93.4,5/14/2022 5:48,39.77,5/14/2022 17:05,58.72,25.34,5/14/2022 7:53,0,5/14/2022 0:00,5.972,230,WSW,604.3594,28.59347,0.165,0.214,6.625
5/15/2022 23:59,0,6.38,68.05,5/15/2022 15:10,45.71,5/15/2022 2:01,57.72,91.1,5/15/2022 2:03,31.17,5/15/2022 14:02,58.35,23.63,5/15/2022 14:20,0,5/15/2022 0:11,5.443,255.9,W,638.3174,28.69227,0.19,0.251,9.02
5/16/2022 23:59,0,6.38,62.91,5/16/2022 14:41,46.39,5/16/2022 23:06,53.98,89.2,5/16/2022 2:31,36.97,5/16/2022 12:26,58.12,20.27,5/16/2022 12:02,0,5/15/2022 23:59,4.656,271,WNW,614.5091,28.98034,0.161,0.207,6.455
5/17/2022 23:59,0.02,6.4,66.29,5/17/2022 11:28,43.71,5/17/2022 2:02,54.23,98,5/17/2022 23:36,36.95,5/17/2022 12:03,67.73,15.73,5/17/2022 9:14,0,5/16/2022 23:59,4.384,120.6,ESE,403.8551,28.85954,0.124,0.161,8.15
5/18/2022 23:59,0.06,6.46,69,5/18/2022 15:03,46.73,5/18/2022 2:41,57.38,97.7,5/17/2022 23:59,34.4,5/18/2022 15:28,72.9,32.79,5/18/2022 15:37,0,5/17/2022 23:59,6.196,226.1,WSW,511.3763,28.58035,0.158,0.207,9.5
5/19/2022 23:59,0.3,6.76,58.41,5/19/2022 15:08,44.1,5/19/2022 2:13,51.66,97.1,5/19/2022 2:36,71.8,5/19/2022 14:31,86.4,19.38,5/19/2022 23:01,0,5/19/2022 0:21,3.773,163.1,ENE,198.8753,28.7245,0.049,0.058,4.205
5/20/2022 23:59,0,6.76,55.68,5/20/2022 10:59,37.61,5/20/2022 22:48,46.22,89.5,5/20/2022 0:02,63.46,5/20/2022 10:59,77.3,22.73,5/20/2022 15:43,0.373,5/20/2022 1:10,7.946,271.6,W,374.6187,29.25376,0.095,0.119,2.84
5/21/2022 23:59,0,6.76,46.45,5/21/2022 16:42,34,5/21/2022 4:35,40.11,84.1,5/21/2022 2:55,45.42,5/21/2022 14:52,62.83,16.77,5/21/2022 16:20,0,5/21/2022 19:52,5.886,298.4,WNW,385.6778,30.00941,0.088,0.115,0
5/22/2022 23:59,0,6.76,56.88,5/22/2022 15:43,38.58,5/22/2022 4:52,47.14,83,5/22/2022 4:45,35.63,5/22/2022 14:36,57.72,13.71,5/22/2022 15:53,0,5/22/2022 8:51,4.216,246,WSW,489.7687,29.90142,0.122,0.154,3.44
5/23/2022 23:59,0,6.76,65.26,5/23/2022 15:59,40.12,5/23/2022 4:49,54.34,73.29,5/23/2022 4:22,28.96,5/23/2022 9:49,47.75,16.17,5/23/2022 15:45,0,5/23/2022 0:32,4.226,183.3,S,676.7701,29.96082,0.19,0.243,7.63
5/24/2022 23:59,0,6.76,68.31,5/24/2022 16:28,42.45,5/24/2022 3:56,57.52,93.9,5/24/2022 4:12,28.87,5/24/2022 17:03,54.74,14.83,5/24/2022 12:39,0,5/23/2022 23:59,2.913,120.7,SE,496.7592,29.77353,0.15,0.19,9.15
5/25/2022 23:59,0,6.76,55.89,5/25/2022 11:34,48.21,5/25/2022 17:42,51.37,88.7,5/25/2022 17:31,55.53,5/25/2022 11:19,70.71,21.91,5/25/2022 12:14,0,5/24/2022 23:59,5.925,80.7,ENE,200.8301,29.66629,0.071,0.099,2.945
5/26/2022 23:59,0,6.76,67.91,5/26/2022 18:06,45.71,5/26/2022 5:36,56.01,88.8,5/26/2022 5:34,37.73,5/26/2022 17:48,63.71,11.11,5/26/2022 11:08,0,5/26/2022 0:21,2.836,176.1,NNW,719.7826,29.71186,0.177,0.204,8.95
5/27/2022 23:59,0,6.76,78.03,5/27/2022 14:56,49.94,5/27/2022 4:21,64.85,79.66,5/27/2022 4:22,20.13,5/27/2022 16:00,49.76,12,5/27/2022 9:59,0,5/27/2022 0:01,3.6,200.2,SW,668.3477,29.78231,0.208,0.256,14.02
5/28/2022 23:59,0.15,6.91,78.69,5/28/2022 17:29,56.29,5/28/2022 2:25,67.91,95,5/28/2022 5:31,43.67,5/28/2022 0:11,68.47,14.09,5/28/2022 6:49,0,5/28/2022 0:58,4.088,115.4,E,659.8172,29.06549,0.197,0.23,17.49
5/29/2022 23:59,0.01,6.92,78.71,5/29/2022 11:32,59.16,5/29/2022 5:39,68.1,95.9,5/29/2022 14:50,56.05,5/29/2022 10:35,80.9,23.03,5/29/2022 9:39,0.447,5/29/2022 7:05,6.315,116.7,ESE,378.7858,28.80254,0.124,0.154,18.93
5/30/2022 23:59,1.93,8.85,71.68,5/30/2022 12:29,58.24,5/30/2022 16:00,63.73,97.8,5/30/2022 16:01,59.25,5/30/2022 2:37,84.5,34.06,5/30/2022 15:48,0,5/30/2022 2:54,6.765,153.6,SSE,320.3093,29.07803,0.097,0.117,14.96
5/31/2022 23:59,0.24,9.09,61.2,5/31/2022 0:44,49.19,5/31/2022 14:30,53.32,97.1,5/31/2022 2:35,69.76,5/31/2022 13:13,86.3,31.38,5/31/2022 9:27,0,5/31/2022 19:38,9.52,247.1,WSW,210.253,29.9043,0.06,0.079,5.6
6/1/2022 23:59,0,9.09,66.44,6/1/2022 15:37,47.58,6/1/2022 3:06,57.79,90.7,6/1/2022 3:07,29.36,6/1/2022 14:59,58.43,16.1,6/1/2022 15:26,0,6/1/2022 1:16,4.816,249.8,WSW,672.4396,30.41977,0.189,0.24,8.22
6/2/2022 23:59,0,9.09,68.31,6/2/2022 15:34,48.48,6/2/2022 23:56,59.36,80.1,6/2/2022 1:56,22.51,6/2/2022 18:14,49.08,27.73,6/2/2022 13:44,0,6/1/2022 23:59,8.22,258.2,W,707.4299,30.61843,0.237,0.326,9.15
6/3/2022 23:59,0,9.09,65.67,6/3/2022 17:55,42.53,6/3/2022 5:07,54.46,69.14,6/3/2022 5:23,31.51,6/3/2022 15:25,49.89,14.83,6/3/2022 7:51,0,6/3/2022 5:22,4.803,252.8,WSW,755.4595,30.72516,0.193,0.238,7.835
6/4/2022 23:59,0,9.09,74.14,6/4/2022 16:36,53.38,6/4/2022 23:56,63.52,59.27,6/4/2022 4:21,20,6/4/2022 17:16,39.29,13.49,6/4/2022 17:44,0,6/4/2022 0:32,3.439,204,WSW,739.133,30.6655,0.223,0.273,13.76
6/5/2022 23:59,0,9.09,75.74,6/5/2022 14:54,45.38,6/5/2022 4:28,62.76,73.68,6/5/2022 21:30,19.12,6/5/2022 14:55,42.33,13.86,6/5/2022 23:19,0,6/5/2022 0:10,3.877,94.3,E,709.0488,30.80555,0.226,0.284,12.87
6/6/2022 23:59,0,9.09,70.02,6/6/2022 15:48,51.44,6/6/2022 5:03,60.66,69.69,6/6/2022 23:50,28.6,6/6/2022 16:12,49.98,15.73,6/6/2022 8:15,0,6/6/2022 11:42,4.762,81.3,NE,743.3694,30.58208,0.213,0.262,10.73
6/7/2022 23:59,0,9.09,69.27,6/7/2022 14:17,49.99,6/7/2022 3:46,60.32,85.6,6/7/2022 23:39,31.82,6/7/2022 11:19,59.42,13.12,6/7/2022 14:55,0,6/6/2022 23:59,2.513,161.2,ENE,507.0282,30.42411,0.146,0.175,9.63
6/8/2022 23:59,0,9.09,72.31,6/8/2022 15:46,49.09,6/8/2022 23:32,62.12,92.6,6/8/2022 23:58,24.44,6/8/2022 15:26,51.68,21.61,6/8/2022 14:56,0,6/7/2022 23:59,3.664,272.3,NW,727.6595,30.83785,0.218,0.276,11.15
6/9/2022 23:59,0,9.09,76,6/9/2022 14:29,46.73,6/9/2022 3:51,63.71,97,6/9/2022 4:27,25.17,6/9/2022 17:15,55.35,11.11,6/9/2022 13:34,0,6/8/2022 23:59,1.912,218.5,WSW,663.633,30.67163,0.193,0.229,13
6/10/2022 23:59,0,9.09,77.01,6/10/2022 15:45,58.23,6/10/2022 5:56,68.22,85.8,6/10/2022 3:58,29.12,6/10/2022 14:17,52.54,12.67,6/10/2022 10:10,0,6/9/2022 23:59,2.61,173.2,SE,605.4332,30.48095,0.195,0.236,17.62
6/11/2022 23:59,0.19,9.28,78.11,6/11/2022 15:18,57.81,6/11/2022 3:25,67.54,96.9,6/11/2022 3:49,50.59,6/11/2022 12:13,74.6,15.43,6/11/2022 16:32,0,6/10/2022 23:59,4.185,129.5,ESE,577.406,29.72877,0.186,0.22,17.96
6/12/2022 23:59,0.28,9.56,76.34,6/12/2022 16:04,57.12,6/12/2022 3:38,66.2,94.7,6/12/2022 3:35,69.86,6/12/2022 15:49,84,19.68,6/12/2022 5:36,0,6/12/2022 22:48,6.797,113.5,ESE,454.4652,29.56859,0.131,0.157,16.73
6/13/2022 23:59,0.01,9.57,81.1,6/13/2022 13:55,66.04,6/13/2022 5:54,73.14,95.3,6/13/2022 23:58,59.31,6/13/2022 10:14,80.2,22.51,6/13/2022 22:31,0.298,6/13/2022 9:56,7.58,114.9,ESE,475.6991,29.27427,0.165,0.202,23.57
6/14/2022 23:59,0.02,9.59,87.6,6/14/2022 11:55,63.5,6/14/2022 3:56,75.39,98.9,6/14/2022 5:38,52.32,6/14/2022 12:06,74.58,22.36,6/14/2022 15:42,0,6/14/2022 5:30,6.988,176.6,S,563.1635,29.1946,0.203,0.252,24.75
6/15/2022 23:59,0,9.59,76.26,6/15/2022 16:57,61.74,6/15/2022 3:31,69.32,77.67,6/15/2022 3:33,20.81,6/15/2022 16:50,50.02,27.88,6/15/2022 18:31,0,6/15/2022 1:25,6.36,211.7,SSW,527.8802,30.47854,0.205,0.275,19
6/16/2022 23:59,0,9.59,74.67,6/16/2022 17:22,61.44,6/16/2022 23:09,67.81,79.59,6/16/2022 23:12,35.52,6/16/2022 13:34,54.38,30.11,6/16/2022 9:12,0,6/16/2022 20:48,10.49,271.8,W,681.7626,30.53303,0.246,0.332,18.06
6/17/2022 23:59,0,9.59,80.7,6/17/2022 16:20,58.67,6/17/2022 5:00,69.59,82.8,6/17/2022 4:09,31.4,6/17/2022 16:52,56.32,12.52,6/17/2022 11:58,0,6/17/2022 0:03,3.367,169.3,NNE,744.2991,30.36764,0.234,0.281,19.68
6/18/2022 23:59,0,9.59,81.4,6/18/2022 16:01,61.1,6/18/2022 4:39,71.55,74.48,6/18/2022 5:11,42.54,6/18/2022 18:21,55.71,28.25,6/18/2022 10:47,0.373,6/18/2022 0:30,11.14,117.9,ESE,603.5743,30.07528,0.256,0.351,21.25
6/19/2022 23:59,0,9.59,97.7,6/19/2022 14:33,72.18,6/19/2022 1:11,84.7,74.52,6/19/2022 6:02,36,6/19/2022 14:33,53.89,24.45,6/19/2022 13:05,0.447,6/19/2022 21:01,8.54,176,S,689.4071,29.31474,0.31,0.407,29.09
6/20/2022 23:59,1.44,11.03,98.1,6/20/2022 14:55,65.42,6/20/2022 23:03,82.7,98.9,6/20/2022 23:13,34.98,6/20/2022 15:12,63.9,46.36,6/20/2022 22:56,0,6/20/2022 18:38,7.006,174.9,S,660.2075,29.27011,0.277,0.354,25.71
6/21/2022 23:59,0,11.03,75.94,6/21/2022 13:27,64.43,6/21/2022 6:02,70.16,98.4,6/21/2022 0:19,43.16,6/21/2022 13:40,68.49,26.83,6/21/2022 19:21,0,6/21/2022 0:00,8.17,250.8,WSW,731.5326,30.09225,0.241,0.31,20.18
6/22/2022 23:59,0,11.03,80.5,6/22/2022 15:57,58.06,6/22/2022 5:06,70.13,95.3,6/22/2022 5:07,37.97,6/22/2022 15:56,64.83,13.12,6/22/2022 15:56,0,6/22/2022 3:11,2.811,231.1,SW,723.8201,30.01041,0.213,0.247,19.28
6/23/2022 23:59,0,11.03,89.3,6/23/2022 15:37,65.79,6/23/2022 1:13,77.67,81.6,6/23/2022 22:10,43.25,6/23/2022 15:45,58.07,16.17,6/23/2022 10:12,0,6/23/2022 2:39,4.026,184.7,S,690.4437,29.56788,0.241,0.292,25.9
6/24/2022 23:59,5.26,16.29,85.5,6/24/2022 14:18,62.07,6/24/2022 8:17,74.32,97.5,6/24/2022 22:27,48.24,6/24/2022 12:48,73.33,26.98,6/24/2022 21:29,0,6/24/2022 6:59,7.36,134.6,SE,470.9926,29.48079,0.183,0.23,23.79
6/25/2022 23:59,0.34,16.63,70.97,6/25/2022 13:19,59.23,6/25/2022 23:54,64.9,97.7,6/25/2022 6:53,51.99,6/25/2022 17:21,75.05,26.09,6/25/2022 23:11,0,6/25/2022 4:25,8.69,242.5,WSW,508.9667,29.99405,0.166,0.211,15.1
6/26/2022 23:59,0,16.63,67.94,6/26/2022 18:05,52.75,6/26/2022 5:16,61.07,79.73,6/26/2022 2:03,38.83,6/26/2022 15:19,60.34,27.28,6/26/2022 7:44,0,6/26/2022 23:15,9.64,282.3,WNW,621.1705,30.64944,0.19,0.251,10.34
6/27/2022 23:59,0,16.63,78.79,6/27/2022 14:55,55.04,6/27/2022 3:15,67.93,87.8,6/27/2022 3:14,34.35,6/27/2022 14:56,62.41,13.19,6/27/2022 15:05,0,6/27/2022 0:07,2.766,213.5,SW,687.7023,30.12631,0.202,0.238,16.92
6/28/2022 23:59,0.01,16.64,75.06,6/28/2022 11:23,53.09,6/28/2022 22:51,65.16,91.4,6/28/2022 4:21,44.98,6/28/2022 15:13,66.89,13.42,6/28/2022 13:11,0,6/28/2022 0:08,3.025,180.7,N,613.7109,30.09872,0.177,0.21,14.07
6/29/2022 23:59,0,16.64,80.7,6/29/2022 23:55,52.41,6/29/2022 4:25,67.06,89.6,6/29/2022 22:36,50.65,6/29/2022 23:54,68.66,24.6,6/29/2022 16:10,0,6/28/2022 23:59,6.567,116.5,ESE,478.066,29.93159,0.166,0.22,16.56
6/30/2022 23:59,0,16.64,80.7,6/30/2022 0:12,61.77,6/30/2022 23:58,71.07,83.6,6/30/2022 4:31,43.35,6/30/2022 14:58,62.22,25.71,6/30/2022 0:12,0,6/30/2022 2:53,6.514,269.2,W,662.1246,29.86062,0.224,0.285,21.28
7/1/2022 23:59,0,16.64,76.16,7/1/2022 16:19,53.34,7/1/2022 2:52,66.46,97.7,7/1/2022 3:49,35.16,7/1/2022 16:28,61.54,18.78,7/1/2022 11:07,0,7/1/2022 0:00,3.791,228.8,W,733.5522,30.33029,0.214,0.263,14.75
7/2/2022 23:59,0,16.64,76.67,7/2/2022 14:56,56.21,7/2/2022 4:26,66.93,90.2,7/2/2022 1:08,37.46,7/2/2022 11:08,60.13,13.57,7/2/2022 11:08,0,7/1/2022 23:59,3.341,104.3,E,709.9532,30.17506,0.21,0.251,16.44
7/3/2022 23:59,0.17,16.81,76.7,7/3/2022 15:38,59.14,7/3/2022 4:19,67.49,95.5,7/3/2022 18:32,69.22,7/3/2022 11:02,85.2,16.62,7/3/2022 16:24,0,7/2/2022 23:59,5.07,109.6,ESE,345.3305,29.26958,0.105,0.125,17.92
7/4/2022 23:59,0.06,16.87,81.7,7/4/2022 17:01,66.19,7/4/2022 0:50,72.43,97.3,7/4/2022 6:19,65.21,7/4/2022 18:02,85.7,20.05,7/4/2022 8:45,0,7/4/2022 0:32,3.182,164.3,SE,368.0764,28.98396,0.115,0.131,23.95
7/5/2022 23:59,0,16.87,79.88,7/5/2022 13:12,64.77,7/5/2022 23:17,72.12,99.2,7/5/2022 4:23,61.12,7/5/2022 13:53,83,13.04,7/5/2022 18:06,0,7/4/2022 23:59,3.266,123.3,NNE,419.2151,28.99524,0.133,0.154,22.32
7/6/2022 23:59,0,16.87,80.2,7/6/2022 17:10,58.8,7/6/2022 4:12,69.31,95,7/6/2022 3:02,55.82,7/6/2022 16:07,79.13,13.04,7/6/2022 5:26,0,7/6/2022 10:45,4.509,102.8,E,688.6074,29.21922,0.205,0.234,19.5
7/7/2022 23:59,0.01,16.88,80.6,7/7/2022 12:04,64.18,7/7/2022 1:33,71.05,97.5,7/7/2022 2:22,54.61,7/7/2022 12:31,80.9,16.84,7/7/2022 12:37,0,7/6/2022 23:59,2.406,170.5,NNW,425.7921,28.94771,0.133,0.151,22.39
7/8/2022 23:59,0,16.88,81.5,7/8/2022 16:02,61.57,7/8/2022 5:24,71.42,86.4,7/8/2022 4:33,45.35,7/8/2022 16:44,68.76,13.12,7/8/2022 22:11,0,7/8/2022 0:59,4.739,80.6,ENE,716.6142,29.22007,0.227,0.27,21.54
7/9/2022 23:59,0,16.88,84.9,7/9/2022 14:31,61.72,7/9/2022 5:14,72.94,86.7,7/9/2022 22:42,52.47,7/9/2022 14:31,71.49,15.13,7/9/2022 14:52,0,7/9/2022 7:41,4.754,146.5,SE,574.7978,28.84275,0.192,0.231,23.31
7/10/2022 23:59,0.29,17.17,78.54,7/10/2022 16:51,69.6,7/10/2022 13:50,73.33,97.9,7/10/2022 13:57,76.09,7/10/2022 16:52,85.7,15.73,7/10/2022 10:19,0,7/10/2022 1:46,4.071,173.5,SSE,259.5758,28.57297,0.079,0.093,24.07
7/11/2022 23:59,0.05,17.22,75.94,7/11/2022 13:39,63.24,7/11/2022 22:32,70.27,92,7/11/2022 3:04,52.22,7/11/2022 13:39,74.98,25.34,7/11/2022 13:36,0,7/11/2022 1:30,6.381,277.5,WNW,605.8409,29.09956,0.182,0.227,19.59
7/12/2022 23:59,0,17.22,81.2,7/12/2022 14:48,61.97,7/12/2022 23:58,71.11,84.2,7/12/2022 23:58,42.67,7/12/2022 14:50,66.85,17.96,7/12/2022 15:01,0,7/12/2022 0:06,4.909,271,W,615.4038,29.01213,0.201,0.246,21.72
7/13/2022 23:59,0,17.22,78.45,7/13/2022 14:09,57.72,7/13/2022 4:15,68.06,96.9,7/13/2022 4:17,44.55,7/13/2022 15:08,72.66,13.27,7/13/2022 16:50,0,7/12/2022 23:59,3.126,147.9,ENE,652.7335,29.05601,0.193,0.224,18.08
7/14/2022 23:59,0,17.22,80.4,7/14/2022 13:36,56.95,7/14/2022 5:08,68.36,94.4,7/14/2022 4:54,55.35,7/14/2022 13:22,77.84,20.27,7/14/2022 19:14,0,7/14/2022 22:06,6.079,102.5,ESE,486.0207,28.71365,0.16,0.198,18.68
7/15/2022 23:59,0,17.22,85,7/15/2022 15:57,65,7/15/2022 5:28,74.97,94.1,7/15/2022 5:26,46.27,7/15/2022 15:23,70.02,17.52,7/15/2022 2:14,0,7/15/2022 2:02,3.344,98.8,NE,701.9656,28.57152,0.224,0.259,25
7/16/2022 23:59,0.47,17.69,84.8,7/16/2022 14:18,62.99,7/16/2022 23:44,70.57,98,7/16/2022 23:54,57.36,7/16/2022 14:20,86.9,20.5,7/16/2022 15:36,0,7/15/2022 23:59,2.702,138.6,ESE,349.0923,28.17148,0.107,0.122,23.9
7/17/2022 23:59,0,17.69,85.4,7/17/2022 16:00,61.07,7/17/2022 4:11,74.49,99,7/17/2022 5:43,56.54,7/17/2022 15:19,80.3,12.97,7/17/2022 14:57,0,7/16/2022 23:59,2.489,166.7,SSW,670.5925,28.04939,0.209,0.238,23.24
7/18/2022 23:59,0,17.69,92.6,7/18/2022 15:07,71.67,7/18/2022 5:20,81.5,91.6,7/18/2022 5:21,47.47,7/18/2022 13:50,69.92,20.42,7/18/2022 21:48,0,7/18/2022 0:03,4.53,187.3,S,540.3055,27.81384,0.209,0.254,28.84
7/19/2022 23:59,0.23,17.92,81.4,7/18/2022 23:59,63.32,7/19/2022 19:11,73.42,89.7,7/19/2022 3:07,40.19,7/19/2022 14:41,72.04,26.68,7/19/2022 18:04,0,7/18/2022 23:59,8.08,215.6,SW,462.145,28.30854,0.18,0.235,22.46
7/20/2022 23:59,0.02,17.94,84.3,7/20/2022 15:45,65.51,7/20/2022 1:43,74.11,94.4,7/20/2022 1:00,41.19,7/20/2022 16:14,67.77,22.58,7/20/2022 1:07,0,7/20/2022 19:12,7.915,283.3,WNW,681.3654,28.27126,0.234,0.297,24.91
7/21/2022 23:59,0,17.94,80.7,7/21/2022 15:21,63.41,7/21/2022 3:49,72.45,75.98,7/21/2022 5:11,35.83,7/21/2022 13:59,57.87,18.04,7/21/2022 13:17,0,7/21/2022 18:17,5.681,267,W,695.4713,28.52278,0.232,0.291,22.06
7/22/2022 23:59,0,17.94,86.5,7/22/2022 15:53,65.45,7/22/2022 5:19,75.48,86.3,7/22/2022 5:15,35.4,7/22/2022 16:21,65.42,16.47,7/22/2022 0:25,0,7/22/2022 4:51,3.255,220.7,SW,690.7141,27.99465,0.219,0.255,25.72
7/23/2022 23:59,0.11,18.05,80,7/23/2022 15:39,63.58,7/23/2022 7:54,70.64,92.2,7/23/2022 7:59,55.89,7/23/2022 16:33,73.72,24.07,7/23/2022 8:33,0,7/23/2022 0:10,4.857,207.7,WSW,339.9756,27.90571,0.122,0.154,21.79
7/24/2022 23:59,0,18.05,72.04,7/24/2022 15:16,56.7,7/24/2022 23:32,64.14,88.2,7/24/2022 5:30,47.53,7/24/2022 15:04,68.26,19.23,7/24/2022 14:54,0,7/24/2022 2:06,5.611,297.3,WNW,575.4026,28.30064,0.17,0.215,14.37
7/25/2022 23:59,0,18.05,74.98,7/25/2022 15:11,48.97,7/25/2022 5:08,64.28,98.5,7/25/2022 5:53,41.69,7/25/2022 9:49,69.79,11.25,7/25/2022 15:11,0,7/25/2022 0:05,2.721,199.5,SSW,622.6123,28.23679,0.178,0.207,12.49
7/26/2022 23:59,0.01,18.06,74.07,7/26/2022 17:15,57.44,7/26/2022 22:33,65.98,96.4,7/26/2022 22:40,49.88,7/26/2022 17:50,81.5,15.95,7/26/2022 15:37,0,7/26/2022 1:52,3.819,225.6,SW,326.1269,27.50221,0.099,0.118,15.75
7/27/2022 23:59,0.01,18.07,74.83,7/27/2022 13:38,56.77,7/27/2022 23:55,66.67,90.7,7/27/2022 0:08,43.23,7/27/2022 13:26,64.81,21.17,7/27/2022 11:55,0,7/27/2022 0:30,6.557,277.4,W,625.2759,27.98551,0.204,0.262,15.8
7/28/2022 23:59,0,18.07,70.26,7/28/2022 17:21,55.77,7/28/2022 3:33,62.46,90.4,7/28/2022 1:48,53.11,7/28/2022 12:57,73.33,19.23,7/28/2022 16:01,0,7/28/2022 6:06,5.973,293.3,WNW,532.5698,27.82617,0.151,0.19,13.02
7/29/2022 23:59,0,18.07,77.76,7/29/2022 15:44,58.21,7/29/2022 0:24,67.94,90.3,7/29/2022 0:25,40.59,7/29/2022 14:16,65.79,11.93,7/29/2022 12:16,0,7/29/2022 0:13,3.638,250.1,W,684.8466,27.65288,0.199,0.236,17.99
7/30/2022 23:59,0,18.07,87.2,7/30/2022 15:31,59.55,7/30/2022 5:16,73.63,81,7/30/2022 5:17,43.45,7/30/2022 17:22,61.88,17.89,7/30/2022 14:44,0,7/30/2022 0:18,5.175,167.9,SSE,600.7505,27.02176,0.215,0.268,22.78
7/31/2022 23:59,0.32,18.39,77.87,7/31/2022 16:37,62.39,7/31/2022 5:57,70.29,94.9,7/31/2022 6:09,56.86,7/31/2022 0:42,75.39,19.45,7/31/2022 22:15,0,7/31/2022 4:50,6.177,231,SW,359.2858,26.74499,0.129,0.157,20.13
8/1/2022 23:59,0,18.39,74.89,8/1/2022 17:15,56.93,8/1/2022 5:24,66.33,92.1,8/1/2022 5:44,49.25,8/1/2022 15:45,71.99,13.19,8/1/2022 0:14,0,8/1/2022 6:25,3.434,230.6,WNW,612.3687,27.17551,0.172,0.199,15.91
8/2/2022 23:59,0,18.39,88.3,8/2/2022 20:30,60.95,8/2/2022 5:05,74.66,90.4,8/2/2022 19:54,35.57,8/2/2022 20:29,74.57,27.65,8/2/2022 20:26,0,8/2/2022 12:24,5.456,167.8,SSE,426.7849,26.238,0.152,0.187,23.47
8/3/2022 23:59,0,18.39,78.89,8/3/2022 0:12,55.85,8/3/2022 23:40,67.72,92.6,8/3/2022 23:57,53.04,8/3/2022 16:52,67.73,21.32,8/3/2022 8:24,0,8/3/2022 0:34,5.957,277.7,WNW,439.8322,26.86516,0.141,0.184,17.45
8/4/2022 23:59,0,18.39,80.9,8/4/2022 15:22,52.4,8/4/2022 5:12,68.1,98.6,8/4/2022 5:44,45.35,8/4/2022 13:48,70.78,19.53,8/4/2022 16:54,0,8/3/2022 23:59,4.25,140,SE,635.2614,26.65072,0.199,0.244,16.65
8/5/2022 23:59,0.08,18.47,90.8,8/5/2022 13:54,68.04,8/5/2022 1:45,78.74,96.2,8/5/2022 23:49,35.54,8/5/2022 12:31,59.96,23.33,8/5/2022 10:24,0,8/5/2022 22:26,7.54,170.3,S,599.4106,26.26262,0.253,0.338,27.02
8/6/2022 23:59,0.07,18.54,74.67,8/6/2022 12:57,60.7,8/6/2022 21:52,67.97,96.5,8/6/2022 0:49,49.14,8/6/2022 12:37,71.92,16.17,8/6/2022 14:16,0,8/6/2022 0:11,4.119,238.1,NNW,439.8833,26.45038,0.142,0.175,17.68
8/7/2022 23:59,0.02,18.56,68.59,8/7/2022 13:49,55.83,8/7/2022 5:37,61.66,95.5,8/7/2022 23:58,62.24,8/7/2022 13:51,79.59,12.6,8/7/2022 12:42,0,8/7/2022 2:42,3.099,133.4,NNE,241.4939,26.28442,0.075,0.091,12.21
8/8/2022 23:59,0.01,18.57,75.82,8/8/2022 14:53,51.04,8/8/2022 4:13,63.79,98.1,8/8/2022 4:25,45.89,8/8/2022 14:52,74.42,11.03,8/8/2022 16:03,0,8/7/2022 23:59,2.31,233.2,WSW,649.6397,26.21163,0.178,0.205,13.43
8/9/2022 23:59,0,18.57,84.1,8/9/2022 14:51,58.21,8/9/2022 5:19,71.54,91.1,8/9/2022 0:29,39.45,8/9/2022 12:33,69.46,14.76,8/9/2022 11:46,0,8/9/2022 0:00,3.579,205.3,SSW,638.4658,25.79716,0.199,0.239,21.16
8/10/2022 23:59,0,18.57,81.2,8/10/2022 15:40,59.81,8/10/2022 23:57,70.48,84,8/9/2022 23:59,31.26,8/10/2022 16:10,57.45,11.33,8/10/2022 12:09,0,8/10/2022 0:26,3.251,102.5,NE,636.1625,26.09199,0.199,0.242,20.51
8/11/2022 23:59,0,18.57,80.5,8/11/2022 13:37,59.12,8/11/2022 0:08,68.8,83.1,8/11/2022 2:06,32.61,8/11/2022 14:21,60.52,15.95,8/11/2022 14:14,0,8/11/2022 0:03,4.944,99.5,E,552.972,25.84401,0.198,0.252,19.81
8/12/2022 23:59,1.08,19.65,75.18,8/12/2022 15:42,59.35,8/12/2022 3:44,65.86,96.5,8/12/2022 4:58,65.03,8/12/2022 1:48,84.7,29.07,8/12/2022 8:37,0.149,8/12/2022 23:11,7.595,101.5,E,233.1357,25.12766,0.084,0.105,17.27
8/13/2022 23:59,0,19.65,73.13,8/13/2022 16:50,57.44,8/13/2022 23:47,65.27,96.5,8/13/2022 23:56,59.54,8/13/2022 17:53,83.3,10.14,8/13/2022 10:12,0,8/13/2022 4:08,2.708,74.32,NE,266.8644,25.08693,0.076,0.088,15.28
8/14/2022 23:59,0,19.65,79.8,8/14/2022 14:21,53.9,8/14/2022 5:04,66.23,99.1,8/14/2022 6:08,44.88,8/14/2022 14:51,78.99,13.19,8/14/2022 13:04,0,8/13/2022 23:59,2.302,137.3,SE,542.3243,24.96762,0.156,0.181,16.85
8/15/2022 23:59,0,19.65,79.03,8/15/2022 14:30,57.78,8/15/2022 4:56,67.94,98.3,8/15/2022 5:48,54.08,8/15/2022 13:11,79.97,12.52,8/15/2022 10:20,0,8/14/2022 23:59,3.277,134.7,SE,499.9768,24.65367,0.15,0.176,18.4
8/16/2022 23:59,0.02,19.67,79.03,8/16/2022 14:26,63.57,8/16/2022 4:35,70.06,96.4,8/16/2022 4:42,58.24,8/16/2022 14:06,79.09,14.31,8/16/2022 10:55,0,8/16/2022 0:02,4.184,185.8,S,462.0978,24.39706,0.148,0.176,21.3
8/17/2022 23:59,0,19.67,81.4,8/17/2022 16:14,62.31,8/17/2022 6:04,72.28,92.7,8/17/2022 6:05,51.73,8/17/2022 13:38,72.12,13.79,8/17/2022 14:59,0,8/17/2022 1:56,3.391,196.8,SSW,549.4031,24.27966,0.173,0.204,21.85
8/18/2022 23:59,0.46,20.13,74.92,8/18/2022 12:40,62.06,8/18/2022 23:58,66.85,96.4,8/18/2022 14:01,66.13,8/18/2022 12:11,85.7,20.72,8/18/2022 13:40,0,8/18/2022 0:03,3.771,248.3,W,289.8802,24.09767,0.082,0.095,18.53
8/19/2022 23:59,1.05,21.18,71.97,8/19/2022 16:10,61.04,8/19/2022 1:19,64.88,97.7,8/19/2022 7:06,70.63,8/19/2022 16:11,90.2,17.66,8/19/2022 10:34,0,8/19/2022 4:08,4.967,112.1,NNE,284.4752,23.93464,0.078,0.091,16.5
8/20/2022 23:59,0,21.18,74.89,8/20/2022 16:48,57.78,8/20/2022 23:30,66.61,96.5,8/20/2022 7:07,55.08,8/20/2022 16:05,82.7,11.18,8/20/2022 11:34,0,8/20/2022 1:29,3.021,103.2,NNE,434.0277,23.82554,0.12,0.136,16.33
8/21/2022 23:59,0,21.18,77.34,8/21/2022 15:40,54.15,8/21/2022 5:45,66.32,99.2,8/21/2022 4:19,42.95,8/21/2022 9:33,73.9,8.79,8/21/2022 11:15,0,8/20/2022 23:59,1.239,186.5,W,608.3538,23.89583,0.166,0.185,15.74
8/22/2022 23:59,0,21.18,80.1,8/22/2022 15:09,56.34,8/22/2022 5:06,68.17,96.5,8/22/2022 5:14,40.79,8/22/2022 12:15,73.12,8.87,8/22/2022 12:17,0,8/21/2022 23:59,1.432,134.5,SE,481.2902,23.58033,0.137,0.154,18.22
8/23/2022 23:59,0,21.18,81.1,8/23/2022 14:46,56.6,8/23/2022 5:41,69.44,94.9,8/23/2022 6:13,52.06,8/23/2022 15:23,76.22,14.24,8/23/2022 11:16,0,8/22/2022 23:59,3.326,101.2,ESE,525.1045,23.19352,0.158,0.188,18.85
8/24/2022 23:59,0,21.18,77.75,8/24/2022 10:24,63.39,8/24/2022 23:55,68.69,95.4,8/24/2022 5:08,60.8,8/24/2022 15:14,82,15.5,8/24/2022 18:31,0,8/23/2022 23:59,4.026,180.8,N,442.3776,22.93105,0.131,0.154,20.57
8/25/2022 23:59,0,21.18,76.16,8/25/2022 15:27,56.25,8/25/2022 23:37,66.18,94.5,8/25/2022 23:53,51.62,8/25/2022 12:54,75.59,10.43,8/25/2022 10:59,0,8/25/2022 1:13,2.838,224.1,NNW,502.0338,23.05729,0.141,0.162,16.21
8/26/2022 23:59,0.17,21.35,76.25,8/26/2022 13:48,51.89,8/26/2022 5:41,65.75,99,8/26/2022 6:29,48.66,8/26/2022 12:19,76.79,15.06,8/26/2022 23:40,0,8/25/2022 23:59,2.699,132,SE,448.688,22.87517,0.134,0.156,14.07
8/27/2022 23:59,0,21.35,80.7,8/27/2022 14:36,62.89,8/27/2022 5:50,71.83,95.5,8/27/2022 5:39,64.54,8/27/2022 16:47,77.9,19.16,8/27/2022 16:54,0,8/27/2022 1:46,5.814,160.1,SSE,395.6362,22.19885,0.133,0.162,21.79
8/28/2022 23:59,0,21.35,76.45,8/28/2022 16:30,62.56,8/28/2022 4:27,69.44,94.8,8/28/2022 21:17,67.85,8/28/2022 23:58,84.3,15.35,8/28/2022 10:30,0,8/28/2022 6:58,4.651,177.3,S,182.1456,22.04278,0.063,0.078,19.5
8/29/2022 23:59,0,21.35,72.48,8/29/2022 14:43,60.95,8/29/2022 6:18,66.57,84.2,8/29/2022 6:22,54.25,8/29/2022 14:40,67.47,24.67,8/29/2022 14:20,0.969,8/29/2022 1:49,7.863,268.9,W,397.4342,22.35148,0.143,0.189,16.71
8/30/2022 23:59,0,21.35,78.2,8/30/2022 16:43,57.95,8/30/2022 5:22,67.05,94.2,8/30/2022 23:51,42.27,8/30/2022 14:55,67.33,15.28,8/30/2022 12:51,0,8/30/2022 7:12,4.133,261.6,W,548.6071,22.22159,0.165,0.204,18.07
8/31/2022 23:59,0,21.35,84.1,8/31/2022 15:21,56.93,8/31/2022 2:57,70.1,97.2,8/31/2022 3:05,36.02,8/31/2022 16:20,68.08,10.14,8/31/2022 6:12,0,8/30/2022 23:59,1.779,197.6,WSW,545.1083,21.84643,0.157,0.18,20.52
9/1/2022 23:59,0,21.35,86.4,9/1/2022 14:22,56.76,9/1/2022 5:17,72.75,98.9,9/1/2022 6:51,37.17,9/1/2022 14:19,70.48,12.52,9/1/2022 13:02,0,8/31/2022 23:59,2.659,150.1,S,544.8088,21.48781,0.174,0.207,21.38
9/2/2022 23:59,0,21.35,75.25,9/2/2022 9:16,56.85,9/2/2022 23:50,70.05,77.88,9/2/2022 7:40,43.56,9/2/2022 15:24,61.77,18.19,9/2/2022 11:42,0,9/2/2022 1:02,5.264,269.2,WNW,508.9825,21.51037,0.168,0.215,16.05
9/3/2022 23:59,0,21.35,72.18,9/3/2022 16:15,50.11,9/3/2022 5:01,60.98,94.8,9/3/2022 5:06,43.69,9/3/2022 15:59,68.55,10.58,9/3/2022 13:42,0,9/3/2022 0:00,2.761,165.6,NNE,548.9857,21.60345,0.143,0.167,11.15
9/4/2022 23:59,0,21.35,73.8,9/4/2022 15:28,47.9,9/4/2022 6:21,60.44,93.4,9/4/2022 5:28,38.79,9/4/2022 15:21,70.1,14.38,9/4/2022 16:06,0,9/4/2022 0:46,4.692,111.2,ESE,542.7136,21.40295,0.154,0.192,11.9
9/5/2022 23:59,0,21.35,75.43,9/5/2022 13:35,51.96,9/5/2022 5:41,63.6,93.5,9/5/2022 5:53,51.42,9/5/2022 14:24,75.71,20.12,9/5/2022 15:03,0.969,9/5/2022 7:40,6.662,129.6,SE,486.1698,20.85353,0.149,0.189,13.7
9/6/2022 23:59,0,21.35,82.7,9/6/2022 15:32,59.11,9/6/2022 5:49,70.19,96.1,9/6/2022 6:03,54.55,9/6/2022 16:02,78.55,11.25,9/6/2022 0:55,0,9/6/2022 2:22,2.767,200.9,S,486.1905,20.33073,0.138,0.158,20.91
9/7/2022 23:59,0,21.35,83.4,9/7/2022 15:34,56.51,9/7/2022 5:40,71.26,91.4,9/7/2022 5:45,46.99,9/7/2022 10:36,72.21,14.31,9/7/2022 22:25,0,9/7/2022 0:04,4.248,111.7,ESE,471.3554,20.24731,0.148,0.182,19.96
9/8/2022 23:59,0,21.35,82.8,9/8/2022 14:46,60.7,9/8/2022 23:57,72.77,78.95,9/7/2022 23:59,53.4,9/8/2022 14:47,68.37,18.48,9/8/2022 18:24,0,9/8/2022 7:10,5.998,216.8,SW,347.6763,19.9157,0.135,0.173,21.75
9/9/2022 23:59,0.07,21.42,67.94,9/9/2022 13:34,52.61,9/9/2022 23:35,60.92,95.1,9/9/2022 7:57,53.31,9/9/2022 14:57,75.2,12.22,9/9/2022 15:25,0,9/9/2022 0:04,2.944,275.8,WNW,238.195,20.12081,0.074,0.09,10.27
9/10/2022 23:59,0,21.42,68.08,9/10/2022 14:51,44.3,9/10/2022 6:15,56.62,97.8,9/10/2022 6:37,32.97,9/10/2022 13:16,64.36,15.65,9/10/2022 13:56,0,9/10/2022 0:17,2.667,213.9,W,499.9023,20.4055,0.135,0.169,9.04
9/11/2022 23:59,0,21.42,70.68,9/11/2022 15:06,42.54,9/11/2022 5:51,56.82,98.7,9/11/2022 6:54,24.71,9/11/2022 14:02,64.88,12.97,9/11/2022 11:33,0,9/10/2022 23:59,2.348,210,WNW,510.8378,20.25078,0.133,0.164,10.34
9/12/2022 23:59,0,21.42,78.35,9/12/2022 15:29,44.38,9/12/2022 4:43,60.69,96.8,9/12/2022 5:03,26.64,9/12/2022 15:08,61.71,9.02,9/12/2022 14:01,0,9/11/2022 23:59,1.315,187.7,SW,477.6657,19.84003,0.121,0.139,14.18
9/13/2022 23:59,0,21.42,77.35,9/13/2022 14:06,45.83,9/13/2022 5:53,62.48,94.9,9/13/2022 4:52,40.21,9/13/2022 12:47,69.26,9.69,9/13/2022 11:26,0,9/12/2022 23:59,2.138,177.8,WSW,441.1848,19.34031,0.123,0.144,13.67
9/14/2022 23:59,0,21.42,73.65,9/14/2022 14:27,50.79,9/14/2022 4:50,62.41,98.6,9/14/2022 5:54,51.56,9/14/2022 14:27,78.29,24.97,9/14/2022 16:16,1.491,9/14/2022 2:59,7.549,96.8,E,339.9095,19.00039,0.113,0.148,12.22
9/15/2022 23:59,0.14,21.56,84.1,9/15/2022 15:23,61.88,9/15/2022 6:03,69.81,96.1,9/15/2022 23:55,44.41,9/15/2022 16:32,75.34,16.62,9/15/2022 12:20,0,9/15/2022 2:01,5.134,148.6,SSE,276.2167,18.49581,0.104,0.132,22.99
9/16/2022 23:59,0.02,21.58,66.35,9/16/2022 11:04,58.75,9/16/2022 23:56,63.25,98.4,9/16/2022 7:41,85.3,9/16/2022 15:38,92.7,10.06,9/16/2022 13:12,0,9/15/2022 23:59,2.329,181,S,93.65894,18.2789,0.028,0.031,12.55
9/17/2022 23:59,0.22,21.8,77.18,9/17/2022 15:34,55.58,9/17/2022 2:24,64.99,98.7,9/17/2022 5:37,57.46,9/17/2022 14:33,83.1,14.38,9/17/2022 19:43,0,9/17/2022 0:00,2.624,171.7,E,333.8537,18.10523,0.095,0.11,16.38
9/18/2022 23:59,0,21.8,71.87,9/18/2022 16:29,57.33,9/18/2022 7:54,61.9,94.9,9/18/2022 1:05,56.53,9/18/2022 15:18,81.9,11.18,9/18/2022 5:47,0,9/18/2022 8:25,2.754,242.5,WSW,328.3538,18.0971,0.079,0.089,14.6
9/19/2022 23:59,0.01,21.81,79.13,9/19/2022 14:51,52.46,9/19/2022 6:13,65.74,98,9/19/2022 6:20,37.99,9/19/2022 13:46,70.68,18.34,9/19/2022 14:13,0,9/19/2022 0:03,3.297,167,SSE,382.4004,17.90525,0.116,0.148,15.79
9/20/2022 23:59,0,21.81,82.1,9/20/2022 13:52,57.17,9/20/2022 23:33,67.06,71.41,9/20/2022 19:36,40.12,9/20/2022 14:02,58.7,22.66,9/20/2022 15:52,0,9/20/2022 13:46,7.878,303.7,NW,115.8357,7.246312,0.051,0.071,19.63
9/21/2022 23:59,0,21.81,58.07,9/21/2022 15:14,48.66,9/21/2022 6:36,53.19,89,9/21/2022 23:45,57.05,9/21/2022 14:05,71.82,23.55,9/21/2022 13:53,1.267,9/21/2022 23:04,10.41,301.2,NW,237.038,17.82555,0.078,0.11,4.035
9/22/2022 23:59,0,21.81,60.19,9/22/2022 15:36,43.28,9/22/2022 6:05,50.19,93.9,9/22/2022 4:35,40.58,9/22/2022 15:37,72.02,12.15,9/22/2022 2:06,0,9/22/2022 7:34,3.999,182,NE,426.5085,17.83495,0.095,0.115,5.095
9/23/2022 23:59,0.27,22.08,55.66,9/23/2022 10:56,48.41,9/23/2022 2:14,52.02,97.6,9/23/2022 21:56,67.43,9/23/2022 9:27,84.3,23.63,9/23/2022 11:43,0.522,9/23/2022 18:25,7.199,153.5,SSE,81.73455,17.28123,0.035,0.05,2.83
9/24/2022 23:59,0.01,22.09,59.51,9/24/2022 16:48,51,9/24/2022 6:49,54.21,99,9/24/2022 7:30,76.06,9/24/2022 16:48,90.4,20.12,9/24/2022 12:47,0,9/24/2022 1:42,5.536,252.3,W,93.19202,16.93063,0.027,0.035,5.255
9/25/2022 23:59,0,22.09,63.39,9/25/2022 13:50,49.51,9/25/2022 23:43,55.54,90.2,9/25/2022 1:18,38.7,9/25/2022 16:52,60.73,27.95,9/25/2022 12:44,1.118,9/25/2022 21:36,10.11,301.4,NW,404.8324,17.04642,0.138,0.193,6.695
9/26/2022 23:59,0,22.09,61.8,9/26/2022 14:41,44.67,9/26/2022 22:37,52.14,93.4,9/26/2022 22:45,40.85,9/26/2022 14:45,63.54,16.99,9/26/2022 15:00,0,9/26/2022 19:17,5.551,274.2,NW,425.5121,16.91184,0.112,0.147,5.9
9/27/2022 23:59,0,22.09,57.39,9/27/2022 15:06,33.86,9/27/2022 23:52,46.3,93.4,9/27/2022 0:36,26.61,9/27/2022 15:08,63.14,12.82,9/27/2022 12:55,0,9/26/2022 23:59,4.198,79.29,NE,439.8829,16.93544,0.096,0.123,3.695
9/28/2022 23:59,0,22.09,61.11,9/28/2022 15:33,31.34,9/28/2022 3:52,46.9,94.6,9/28/2022 3:55,32.78,9/28/2022 15:18,60.2,16.02,9/28/2022 15:00,0,9/27/2022 23:59,4.588,133.5,SE,409.8255,16.62919,0.105,0.141,5.555
9/29/2022 23:59,0,22.09,68.87,9/29/2022 15:49,47.05,9/29/2022 5:50,57.52,62.16,9/29/2022 5:49,34.37,9/29/2022 16:28,45.93,25.04,9/29/2022 16:38,0,9/29/2022 7:21,8.3,153.8,SSE,344.5533,16.21272,0.142,0.199,9.43
9/30/2022 23:59,0,22.09,71.81,9/30/2022 13:49,47.47,9/30/2022 6:06,59.54,76.61,9/30/2022 6:06,42.3,9/30/2022 13:49,58.01,21.24,9/30/2022 0:19,0,9/30/2022 3:41,5.844,130,SE,295.6796,15.77536,0.111,0.148,10.9
10/1/2022 23:59,0.07,22.16,67.94,10/1/2022 14:29,51.53,10/1/2022 23:30,57.61,91.7,10/1/2022 23:58,44.73,10/1/2022 13:16,69.76,17.29,10/1/2022 13:07,1.043,10/1/2022 17:35,6.129,102.1,ESE,214.4572,15.55272,0.088,0.119,9.73
10/2/2022 23:59,0,22.16,68.21,10/2/2022 12:30,47.99,10/2/2022 6:19,58,95.2,10/2/2022 4:22,50.52,10/2/2022 23:37,73.19,15.8,10/2/2022 18:58,0,10/2/2022 22:46,6.62,123.1,ESE,231.5644,15.22121,0.082,0.109,9.1
10/3/2022 23:59,0,22.16,72.66,10/3/2022 12:53,56.51,10/3/2022 3:05,64.2,68.26,10/3/2022 19:14,35.58,10/3/2022 13:16,51.17,16.32,10/3/2022 12:36,0,10/3/2022 18:26,5.179,159.2,SSE,215.8945,15.15635,0.107,0.148,14.58
10/4/2022 23:59,0,22.16,68.95,10/4/2022 14:03,54.97,10/4/2022 7:02,61.21,92.2,10/4/2022 23:57,51.19,10/3/2022 23:59,70.33,12.67,10/4/2022 10:04,0,10/4/2022 0:13,4.332,181.2,S,191.2556,14.73723,0.071,0.096,11.96
10/5/2022 23:59,0,22.16,70.71,10/5/2022 14:46,48.75,10/5/2022 5:41,59.88,99.3,10/5/2022 7:35,49.95,10/5/2022 15:10,77.15,20.79,10/5/2022 23:10,0,10/4/2022 23:59,4.19,242.1,W,354.8963,14.51116,0.098,0.123,10.36
10/6/2022 23:59,0,22.16,54.59,10/5/2022 23:59,38.1,10/6/2022 9:26,42.36,83.5,10/6/2022 1:02,49.51,10/6/2022 14:10,66.57,23.03,10/6/2022 9:03,0.596,10/6/2022 20:43,9.11,144.8,N,264.1805,14.92901,0.067,0.093,2.295
10/7/2022 23:59,0,22.16,46.88,10/7/2022 13:56,32.22,10/7/2022 21:10,39.52,87.5,10/7/2022 2:13,37.93,10/7/2022 13:56,61.97,15.88,10/7/2022 15:21,0,10/7/2022 6:15,5.138,187.9,WNW,290.3486,14.79691,0.067,0.089,0
10/8/2022 23:59,0,22.16,64.23,10/8/2022 16:01,35.19,10/8/2022 3:44,46.67,94.2,10/8/2022 23:11,37.35,10/8/2022 13:48,61.75,17.44,10/8/2022 6:02,0,10/8/2022 17:20,6.01,218.1,SW,333.0627,14.36822,0.088,0.121,7.115
10/9/2022 23:59,0,22.16,59.34,10/9/2022 15:24,33.77,10/9/2022 4:21,46.59,99.2,10/9/2022 4:53,54.35,10/9/2022 15:54,79.15,16.47,10/9/2022 12:53,0,10/8/2022 23:59,4.109,137.2,NE,340.0086,13.95675,0.071,0.09,4.67
10/10/2022 23:59,0,22.16,66.25,10/10/2022 14:24,32.16,10/10/2022 5:42,50.92,98.9,10/10/2022 6:17,32.1,10/10/2022 15:12,63.6,17.07,10/10/2022 22:50,0,10/10/2022 4:07,4.669,130.4,SE,365.0111,13.84162,0.101,0.131,8.13
10/11/2022 23:59,0.05,22.21,77.03,10/11/2022 15:52,52.7,10/11/2022 22:01,62.12,72.38,10/11/2022 1:43,31.28,10/11/2022 16:18,50.67,28.02,10/11/2022 20:27,1.64,10/11/2022 1:42,10.29,210.6,SSW,333.0149,13.44433,0.153,0.217,14.86
10/12/2022 23:59,0.08,22.29,53.48,10/12/2022 0:01,38.23,10/12/2022 23:45,44.48,90.1,10/12/2022 13:35,50.15,10/12/2022 0:39,63.38,25.94,10/12/2022 21:31,2.385,10/12/2022 4:27,11.03,282.3,WNW,NAN,13.50681,NAN,NAN,1.74
10/13/2022 23:59,0,22.29,38.91,10/13/2022 0:33,31.73,10/13/2022 23:25,35.17,87,10/13/2022 15:59,50.29,10/13/2022 13:55,67.7,22.73,10/13/2022 0:36,1.342,10/13/2022 3:34,10.98,288.8,WNW,94.81793,13.55116,0.043,0.062,0
10/14/2022 23:59,0.03,22.32,40.74,10/14/2022 15:34,29.62,10/14/2022 23:42,34.75,95.2,10/14/2022 6:25,61.04,10/14/2022 15:36,81.9,23.4,10/14/2022 15:47,0.82,10/14/2022 22:52,8.5,286.2,WNW,180.4023,13.18818,0.034,0.044,0
10/15/2022 23:59,0,22.32,47.48,10/15/2022 14:24,29.81,10/15/2022 0:00,39.94,91.2,10/15/2022 0:31,58.39,10/15/2022 14:17,70.61,22.43,10/15/2022 14:59,2.012,10/15/2022 18:55,9.23,274.7,W,166.365,12.96194,0.053,0.073,0
10/16/2022 23:59,0,22.32,40.64,10/16/2022 0:02,26.25,10/16/2022 23:53,34.65,76.34,10/16/2022 7:19,50.29,10/16/2022 17:25,64.73,28.1,10/16/2022 13:43,0.671,10/16/2022 2:32,11.6,293,NW,152.2628,12.91551,0.05,0.07,0
10/17/2022 23:59,0,22.32,33.25,10/17/2022 14:28,20.1,10/17/2022 7:02,26.39,81.4,10/17/2022 6:59,39.04,10/17/2022 16:40,59.19,19.38,10/17/2022 11:34,0.149,10/17/2022 20:46,7.564,203.7,N,289.2731,12.90075,0.049,0.067,0
10/18/2022 23:59,0,22.32,38.28,10/18/2022 15:35,18.09,10/18/2022 6:29,27.31,78.76,10/18/2022 23:47,34.32,10/18/2022 15:11,57.88,16.77,10/18/2022 11:06,0,10/18/2022 14:09,4.607,227.7,NNW,334.5183,12.68103,0.051,0.068,0
10/19/2022 23:59,0,22.32,51.69,10/19/2022 15:20,18.77,10/19/2022 2:57,35.12,92.6,10/19/2022 5:08,20.71,10/19/2022 14:20,52.5,12.07,10/19/2022 10:56,0,10/19/2022 0:04,3.163,204.4,SSW,279.509,12.51148,0.06,0.083,0.845
10/20/2022 23:59,0,22.32,59.08,10/20/2022 15:11,32.18,10/20/2022 0:01,46.4,79.05,10/20/2022 7:33,39.24,10/20/2022 15:12,57.56,14.61,10/20/2022 23:03,0.82,10/20/2022 5:47,5.199,235.2,SW,259.4372,11.95578,0.069,0.091,4.54
10/21/2022 23:59,0,22.32,59.85,10/21/2022 14:10,44.51,10/21/2022 8:06,50.9,79.65,10/21/2022 8:08,34.13,10/21/2022 14:47,54.64,14.24,10/21/2022 0:10,0,10/21/2022 14:50,4.581,223.8,WSW,281.1793,11.69719,0.074,0.097,4.925
10/22/2022 23:59,0,22.32,71.16,10/22/2022 14:09,42.34,10/22/2022 23:56,54.78,79.11,10/22/2022 23:28,26.39,10/22/2022 14:12,50.2,18.63,10/22/2022 13:27,0,10/22/2022 0:07,5.223,101.1,E,164.376,11.50016,0.082,0.121,10.58
10/23/2022 23:59,0.28,22.6,73.82,10/23/2022 14:23,39.99,10/23/2022 3:14,60.09,92.5,10/23/2022 23:03,48.88,10/23/2022 14:23,67.53,28.77,10/23/2022 20:18,0.82,10/23/2022 3:19,9.58,107,ESE,261.3885,10.98421,0.111,0.157,11.91
10/24/2022 23:59,0,22.6,63.92,10/24/2022 2:55,35.34,10/24/2022 23:46,47.03,91.4,10/24/2022 23:40,63.71,10/24/2022 16:06,76.81,30.34,10/24/2022 10:51,4.547,10/24/2022 1:43,14.88,208.7,SSW,97.44407,11.12425,0.045,0.066,6.96
10/25/2022 23:59,0,22.6,45.95,10/25/2022 14:45,32.64,10/25/2022 3:24,38.18,91.4,10/25/2022 3:32,59.4,10/25/2022 14:47,75.74,20.5,10/25/2022 7:55,0,10/25/2022 16:55,8.71,268.1,WNW,157.3634,11.04226,0.04,0.053,0
10/26/2022 23:59,0,22.6,46.12,10/26/2022 15:22,32.33,10/26/2022 19:40,38.45,84.8,10/26/2022 19:43,52.06,10/26/2022 15:22,68.86,16.32,10/26/2022 3:03,0,10/26/2022 15:02,5.476,216.9,WSW,279.8694,10.90252,0.05,0.064,0
10/27/2022 23:59,0.03,22.63,47.56,10/27/2022 12:32,31.73,10/27/2022 3:48,42.52,90.6,10/27/2022 4:36,70.37,10/27/2022 12:30,81.1,19.16,10/27/2022 12:33,0,10/27/2022 0:39,7.512,159.3,SSE,37.5269,10.52252,0.022,0.032,0
10/28/2022 23:59,0,22.63,59.17,10/28/2022 14:19,39.91,10/28/2022 5:48,49.6,88.4,10/28/2022 4:38,50.86,10/28/2022 13:25,72.57,21.84,10/28/2022 13:24,2.683,10/28/2022 6:47,9.67,189.3,S,272.3674,10.33616,0.078,0.109,4.585
10/29/2022 23:59,0,22.63,62.73,10/29/2022 14:53,35.94,10/29/2022 23:51,49.49,97.6,10/29/2022 23:38,52.4,10/29/2022 14:41,77.26,16.4,10/29/2022 10:25,0,10/29/2022 16:49,5.336,202.8,SSW,256.9616,10.11732,0.055,0.073,6.365
10/30/2022 23:59,0,22.63,59.85,10/30/2022 14:38,31.73,10/30/2022 6:17,43.95,98.3,10/30/2022 6:27,27.68,10/30/2022 13:58,68.95,8.72,10/30/2022 14:46,0,10/30/2022 0:09,2.221,221,SW,266.2605,10.13931,0.054,0.069,4.925
10/31/2022 23:59,0,22.63,65.25,10/31/2022 14:48,33.31,10/31/2022 0:02,50.04,80.5,10/31/2022 0:02,25.66,10/31/2022 14:34,48.79,17.81,10/31/2022 14:52,0.596,10/31/2022 0:13,7.131,195.7,SSW,253.4868,10.01198,0.099,0.146,7.625
11/1/2022 23:59,0,22.63,71.47,11/1/2022 14:12,32.75,11/1/2022 7:22,52.85,91.3,11/1/2022 6:46,21.22,11/1/2022 13:56,49.02,15.28,11/1/2022 21:48,0,11/1/2022 0:16,4.454,145.9,SE,250.6758,9.83037,0.088,0.123,10.74
11/2/2022 23:59,0,22.63,71.98,11/2/2022 15:06,54.06,11/2/2022 0:06,63.41,62.35,11/2/2022 23:58,40.62,11/2/2022 16:22,50.36,28.47,11/2/2022 13:17,3.652,11/2/2022 17:28,11.72,170.7,S,178.3971,9.414562,0.131,0.196,13.02
11/3/2022 23:59,0.06,22.69,61.12,11/3/2022 0:00,31.86,11/3/2022 23:36,43.19,98.8,11/3/2022 7:00,61.95,11/3/2022 0:02,82.8,22.06,11/3/2022 21:59,0,11/3/2022 5:58,6.593,253.9,NW,107.3873,9.427142,0.027,0.034,5.605
11/4/2022 23:59,0,22.69,38.29,11/4/2022 15:07,20.52,11/4/2022 23:14,30.87,96.7,11/4/2022 23:58,45.56,11/4/2022 14:54,65.34,17.74,11/4/2022 2:13,0,11/4/2022 13:21,4.869,242,NW,243.5444,9.545602,0.038,0.049,0
11/5/2022 23:59,0,22.69,43.66,11/5/2022 15:44,17.83,11/5/2022 4:01,31.22,97.3,11/5/2022 9:36,51.19,11/5/2022 15:41,78.29,15.06,11/5/2022 10:33,0,11/5/2022 0:35,4.696,110.7,ESE,187.2145,9.273531,0.026,0.033,0
11/6/2022 23:59,0,22.69,43.53,11/6/2022 3:35,24.46,11/6/2022 23:56,35.5,69.61,11/6/2022 23:58,43.47,11/6/2022 13:30,55.33,43.23,11/6/2022 13:41,2.087,11/5/2022 23:59,19.63,248.8,WSW,122.7008,9.247369,0.066,0.102,0
11/7/2022 23:59,0,22.69,33.26,11/7/2022 23:43,21.68,11/7/2022 6:55,27.57,82.5,11/7/2022 7:23,58.99,11/7/2022 14:44,70.18,27.2,11/7/2022 0:32,0,11/7/2022 9:46,8.7,170.7,NE,135.406,9.10512,0.029,0.039,0
11/8/2022 23:59,0.08,22.77,43.36,11/8/2022 23:23,32.58,11/8/2022 0:01,37.86,98,11/8/2022 23:05,50.81,11/8/2022 11:14,76.52,29.81,11/8/2022 11:14,0,11/8/2022 23:46,11,137.3,SE,31.66566,8.830425,0.032,0.05,0
11/9/2022 23:59,0.31,23.08,43.53,11/9/2022 10:01,35.26,11/9/2022 23:37,41.1,99.2,11/9/2022 8:01,93.6,11/9/2022 16:54,97.3,19.75,11/9/2022 23:59,0,11/8/2022 23:59,7.002,57.14,NE,30.19093,8.495717,0.007,0.009,0
11/10/2022 23:59,0.48,23.56,38.72,11/10/2022 14:50,20.43,11/10/2022 21:42,31.85,97.8,11/10/2022 14:50,87.4,11/10/2022 22:04,93.5,30.48,11/10/2022 9:59,0,11/10/2022 13:20,14.46,132.3,NE,36.32191,8.464165,0.011,0.015,0
11/11/2022 23:59,0,23.56,24.32,11/11/2022 2:00,18.5,11/11/2022 21:26,21.23,94.3,11/11/2022 0:09,76.91,11/11/2022 15:32,86.9,24.37,11/11/2022 8:45,1.267,11/11/2022 14:52,11.52,298.4,NW,65.83305,8.578526,0.013,0.018,0
11/12/2022 23:59,0,23.56,22.98,11/12/2022 2:40,19.49,11/12/2022 23:47,21.27,91.5,11/12/2022 0:06,75.88,11/12/2022 13:02,84.5,14.46,11/12/2022 4:01,0,11/12/2022 15:13,4.817,260.4,NNW,58.8592,8.452823,0.012,0.016,0
11/13/2022 23:59,0,23.56,24.29,11/13/2022 16:07,19.41,11/13/2022 0:00,21.63,91.3,11/13/2022 23:33,62.2,11/13/2022 16:15,79.09,11.55,11/13/2022 12:33,0,11/13/2022 0:39,4.413,121.4,ESE,67.43885,8.349062,0.015,0.02,0
11/14/2022 23:59,0,23.56,24.38,11/14/2022 14:29,19.07,11/14/2022 5:26,21.74,95.6,11/14/2022 23:56,87.7,11/14/2022 0:08,93.7,13.94,11/14/2022 9:00,1.193,11/14/2022 21:20,6.274,81.6,E,111.8423,8.158135,0.009,0.011,0
11/15/2022 23:59,0,23.56,26.84,11/15/2022 15:03,22.36,11/15/2022 1:29,24.63,96.9,11/15/2022 17:26,94.8,11/15/2022 1:20,95.9,12.6,11/15/2022 18:45,0.373,11/15/2022 20:03,4.801,150.1,N,81.92759,7.993963,0.008,0.009,0
11/16/2022 23:59,0,23.56,24.63,11/16/2022 0:00,13.49,11/16/2022 15:27,18.81,96.1,11/16/2022 0:00,75.43,11/16/2022 13:53,89.4,17.89,11/16/2022 23:02,1.416,11/16/2022 1:12,9.34,265.9,W,170.6729,8.004297,0.014,0.017,0
11/17/2022 23:59,0,23.56,23.81,11/17/2022 2:27,15.87,11/17/2022 22:19,20.76,87.9,11/17/2022 2:10,74.6,11/17/2022 12:27,81.5,25.19,11/17/2022 16:44,3.578,11/17/2022 11:48,12.87,306.7,NW,113.7693,7.8567,0.017,0.023,0
11/18/2022 23:59,0,23.56,17.92,11/18/2022 23:53,3.777,11/18/2022 9:19,11.7,88.5,11/18/2022 17:45,66.94,11/18/2022 11:40,79.52,26.53,11/18/2022 20:32,5.366,11/18/2022 1:46,15.19,263.8,W,177.7452,7.883445,0.014,0.019,0
11/19/2022 23:59,0.01,23.57,18.09,11/18/2022 23:59,5.653,11/19/2022 20:27,10.5,88.5,11/19/2022 23:49,65.45,11/19/2022 12:45,75.76,28.84,11/19/2022 2:22,3.95,11/19/2022 23:50,12.65,279.7,WNW,196.98,7.769594,0.016,0.021,0
11/20/2022 23:59,0,23.57,23.06,11/20/2022 21:36,10.3,11/20/2022 8:12,17.87,89.9,11/20/2022 1:31,69.2,11/20/2022 15:26,79.11,24.07,11/20/2022 20:05,0,11/20/2022 7:26,8.71,204.9,SSW,203.786,7.569927,0.02,0.026,0
11/21/2022 23:59,0,23.57,23.49,11/21/2022 3:31,16.81,11/21/2022 7:48,20.2,92.7,11/21/2022 23:55,70.04,11/21/2022 3:58,81.6,20.35,11/21/2022 4:11,0,11/21/2022 12:34,6.978,220.1,WNW,71.5775,7.435199,0.011,0.014,0
11/22/2022 23:59,0.02,23.59,28.67,11/22/2022 13:08,17.89,11/22/2022 20:51,22.79,96.4,11/22/2022 20:56,72.13,11/22/2022 14:01,86.4,12.75,11/22/2022 3:47,0.671,11/22/2022 8:15,6.551,209.3,SSW,197.3139,7.300685,0.019,0.025,0
11/23/2022 23:59,0,23.59,45.69,11/23/2022 14:34,16.98,11/23/2022 2:38,32.58,96.5,11/23/2022 2:50,40.23,11/23/2022 13:21,69.54,14.68,11/23/2022 17:24,0,11/23/2022 0:49,4.975,146.1,SSE,193.4436,7.162168,0.038,0.054,0
11/24/2022 23:59,0,23.59,36.45,11/24/2022 13:09,21.45,11/24/2022 2:01,28.68,98.5,11/24/2022 5:11,68.87,11/24/2022 14:53,87.6,15.2,11/24/2022 9:19,0,11/24/2022 0:28,6.149,252.5,W,178.9738,7.042337,0.019,0.025,0
11/25/2022 23:59,0,23.59,40.98,11/25/2022 14:22,21.68,11/25/2022 2:23,32.92,95,11/25/2022 2:27,62.71,11/25/2022 14:20,78.79,15.43,11/25/2022 15:47,1.416,11/25/2022 4:04,8,213,SSW,175.924,6.941452,0.029,0.04,0
11/26/2022 23:59,0,23.59,42.19,11/26/2022 3:09,29.71,11/26/2022 23:49,36.95,90.9,11/26/2022 23:54,56.73,11/26/2022 3:01,72.77,18.34,11/26/2022 15:49,0,11/26/2022 4:40,6.535,266.7,W,163.9524,6.838585,0.031,0.043,0
11/27/2022 23:59,0,23.59,30.37,11/27/2022 16:04,21.52,11/27/2022 8:22,25.37,97.5,11/27/2022 13:42,78.99,11/27/2022 16:15,91.8,11.93,11/27/2022 21:26,0,11/27/2022 1:14,3.101,225.2,W,114.7266,6.826474,0.006,0.007,0
11/28/2022 23:59,0,23.59,33.72,11/28/2022 13:32,23.36,11/28/2022 23:56,28.95,86.9,11/28/2022 0:42,61.19,11/28/2022 22:44,74.65,23.18,11/28/2022 19:37,1.416,11/28/2022 17:10,8.73,195.8,SSW,140.8239,6.751592,0.024,0.034,0
11/29/2022 23:59,0,23.59,24.13,11/29/2022 0:01,16.7,11/29/2022 13:16,19,84.1,11/29/2022 21:23,62.06,11/29/2022 0:01,72.03,26.61,11/29/2022 21:56,3.876,11/29/2022 4:42,12.22,265.5,W,75.21893,6.80689,0.018,0.025,0
11/30/2022 23:59,0,23.59,18.58,11/30/2022 0:08,2.348,11/30/2022 23:55,9.46,87.2,11/30/2022 23:58,69.64,11/30/2022 11:49,77.12,29.89,11/30/2022 4:57,0,11/30/2022 21:02,13.4,266.8,W,124.1161,6.793128,0.012,0.018,0
12/1/2022 23:59,0,23.59,28.85,12/1/2022 13:24,0.83,12/1/2022 0:27,19.41,88.3,12/1/2022 0:39,54.51,12/1/2022 11:28,72.44,29.44,12/1/2022 12:20,0.671,12/1/2022 0:32,8.46,133,SE,141.0541,6.631907,0.025,0.038,0
12/2/2022 23:59,0,23.59,30.72,12/2/2022 10:11,-0.428,12/2/2022 23:56,18.88,88.5,12/2/2022 9:15,71.34,12/2/2022 20:23,79.82,27.73,12/2/2022 15:19,0,12/2/2022 7:05,10.23,231.8,W,51.06794,6.515424,0.012,0.017,0
12/3/2022 23:59,0,23.59,10.47,12/3/2022 15:28,-3.289,12/3/2022 8:18,2.699,86.6,12/3/2022 22:30,63.09,12/3/2022 14:14,75.15,21.61,12/3/2022 0:26,0,12/3/2022 20:47,8.32,223,SW,165.828,6.629969,0.01,0.015,0
12/4/2022 23:59,0,23.59,34.25,12/4/2022 15:48,7.44,12/4/2022 3:53,20.79,83.3,12/4/2022 0:27,45.06,12/4/2022 14:58,67.8,23.03,12/4/2022 15:58,3.578,12/4/2022 0:25,10.36,239.7,WSW,172.6949,6.46826,0.031,0.046,0
12/5/2022 23:59,0,23.59,24.15,12/5/2022 0:04,3.882,12/5/2022 23:56,15.05,85.3,12/5/2022 4:58,55.14,12/5/2022 11:05,72.04,20.12,12/5/2022 15:02,0,12/5/2022 18:53,6.827,270.2,WNW,93.68674,6.445371,0.014,0.022,0
12/6/2022 23:59,0,23.59,15.77,12/6/2022 14:56,3.37,12/6/2022 0:06,9.71,88.2,12/6/2022 17:43,75.42,12/6/2022 0:01,83.7,14.31,12/6/2022 8:17,0,12/5/2022 23:59,5.045,166.2,E,68.41613,6.390734,0.006,0.008,0
12/7/2022 23:59,0,23.59,7.522,12/7/2022 0:00,-4.139,12/7/2022 20:37,3.456,86.3,12/7/2022 3:36,64.98,12/7/2022 16:10,77.36,14.61,12/7/2022 3:58,0,12/7/2022 18:02,5.417,97.9,ENE,163.0466,6.414874,0.009,0.012,0
12/8/2022 23:59,0,23.59,25.66,12/8/2022 15:22,3.215,12/8/2022 0:32,13.76,90.7,12/8/2022 19:27,67.64,12/8/2022 14:10,79.86,12.6,12/8/2022 7:44,0,12/8/2022 9:01,5.092,137,SE,164.6213,6.264909,0.013,0.018,0
12/9/2022 23:59,0.01,23.6,29.22,12/9/2022 23:34,21.53,12/9/2022 0:24,25.58,96.5,12/9/2022 8:54,70.92,12/9/2022 14:25,89,18.04,12/9/2022 21:29,0.075,12/9/2022 2:52,6.619,105.8,ESE,109.642,6.14086,0.01,0.014,0
12/10/2022 23:59,0.01,23.61,30.88,12/10/2022 13:57,25.74,12/10/2022 23:44,29.04,96.9,12/10/2022 23:56,89.8,12/10/2022 0:02,94.1,18.26,12/10/2022 1:39,0,12/10/2022 16:03,4.695,191,SSE,41.34494,6.047702,0.005,0.006,0
12/11/2022 23:59,0,23.61,31.05,12/11/2022 12:36,22.68,12/11/2022 6:55,27.17,98,12/11/2022 3:27,76.7,12/11/2022 12:36,88.3,21.91,12/11/2022 21:57,0,12/10/2022 23:59,5.667,135.4,ESE,148.0844,6.058139,0.015,0.02,0
12/12/2022 23:59,0,23.61,30.2,12/12/2022 23:53,24.97,12/12/2022 5:33,28.01,87.5,12/12/2022 5:59,76.84,12/12/2022 14:31,81.9,25.64,12/12/2022 8:12,3.727,12/12/2022 16:03,12.16,113.3,ESE,100.5958,6.039924,0.018,0.025,0
12/13/2022 23:59,0,23.61,32.58,12/13/2022 5:36,29.35,12/13/2022 0:11,30.92,96.7,12/13/2022 21:46,78.99,12/13/2022 4:46,88.2,25.79,12/13/2022 10:06,0,12/13/2022 18:38,8.33,96.3,E,21.92237,5.962546,0.01,0.014,0
12/14/2022 23:59,0.01,23.62,32.58,12/14/2022 11:48,28.84,12/14/2022 4:54,30.77,97.9,12/14/2022 23:36,92.6,12/14/2022 11:45,96.1,24.37,12/14/2022 16:40,0,12/13/2022 23:59,6.604,84.4,E,65.88545,5.91995,0.007,0.009,0
12/15/2022 23:59,0,23.62,31.73,12/15/2022 0:03,26.16,12/15/2022 23:54,28.95,98.6,12/15/2022 8:02,95,12/15/2022 14:40,97,17.44,12/15/2022 7:56,1.565,12/15/2022 17:03,6.937,183.8,N,67.03028,5.922143,0.006,0.007,0
12/16/2022 23:59,0,23.62,27.02,12/16/2022 0:08,11.82,12/16/2022 23:58,21.44,96.5,12/16/2022 0:09,84.9,12/16/2022 23:31,92.6,21.32,12/16/2022 21:43,0.224,12/16/2022 6:59,8.98,309.6,NW,77.9801,5.972598,0.007,0.009,0
12/17/2022 23:59,0,23.62,12.42,12/16/2022 23:59,-3.972,12/17/2022 23:40,7.59,86.1,12/16/2022 23:59,77.17,12/17/2022 14:47,81.5,23.03,12/17/2022 14:04,3.13,12/17/2022 16:47,10.5,307.4,NW,105.2603,6.073964,0.009,0.013,0
12/18/2022 23:59,0,23.62,-0.549,12/18/2022 14:19,-11.59,12/18/2022 7:44,-6.156,85.7,12/18/2022 18:12,77.18,12/18/2022 15:18,81.1,13.27,12/17/2022 23:59,0,12/18/2022 7:46,4.631,285.8,WNW,164.9799,6.147417,0.005,0.006,0
12/19/2022 23:59,0,23.62,5.652,12/19/2022 12:32,-10.59,12/19/2022 23:48,-0.105,85.3,12/19/2022 18:04,74.99,12/19/2022 12:36,80.8,16.1,12/19/2022 20:24,0,12/19/2022 0:04,4.488,143.3,NE,66.57112,6.103016,0.004,0.006,0
12/20/2022 23:59,0,23.62,-9.81,12/20/2022 0:03,-26.69,12/20/2022 21:56,-17.62,83.4,12/20/2022 0:46,71.5,12/20/2022 21:56,76.93,15.65,12/20/2022 16:52,0,12/20/2022 21:22,7.148,255.9,WSW,166.3194,6.178844,0.004,0.006,0
12/21/2022 23:59,0,23.62,-7.606,12/21/2022 19:52,-18.1,12/20/2022 23:59,-11.95,79.43,12/21/2022 19:46,72.95,12/21/2022 11:32,76.62,14.24,12/21/2022 21:44,0,12/21/2022 1:28,4.544,136.8,NE,83.58393,6.164674,0.003,0.004,0
12/22/2022 23:59,0,23.62,-12.26,12/22/2022 19:28,-16.87,12/22/2022 10:21,-14.23,76.97,12/22/2022 0:10,71.47,12/22/2022 14:43,74.13,25.42,12/22/2022 18:37,5.441,12/22/2022 1:01,12.25,284.7,WNW,150.8291,6.184467,0.005,0.007,0
12/23/2022 23:59,0,23.62,-9.49,12/23/2022 13:31,-14.05,12/23/2022 0:01,-11.6,74.93,12/23/2022 23:54,71.06,12/23/2022 11:44,73.3,33.84,12/23/2022 12:31,3.876,12/23/2022 23:28,16.35,290.6,WNW,141.133,6.180373,0.006,0.009,0
12/24/2022 23:59,0,23.62,-3.723,12/24/2022 14:31,-14.39,12/24/2022 7:12,-9.59,76.58,12/24/2022 8:51,67.28,12/24/2022 23:58,72.6,22.73,12/24/2022 15:22,2.087,12/24/2022 9:41,11.28,289.9,WNW,170.7204,6.18069,0.007,0.01,0
12/25/2022 23:59,0,23.62,5.33,12/25/2022 21:51,-16.35,12/25/2022 6:52,-4.572,85.5,12/25/2022 20:14,65.9,12/25/2022 14:09,75.57,14.83,12/25/2022 23:58,0,12/25/2022 4:47,4.718,166.1,NW,80.72868,6.186284,0.005,0.006,0
12/26/2022 23:59,0,23.62,6.596,12/26/2022 23:55,-10.85,12/26/2022 6:52,-0.695,83.5,12/26/2022 7:22,55.4,12/26/2022 15:11,71.5,14.38,12/26/2022 0:02,0,12/26/2022 3:21,4.993,205.3,SW,165.0672,6.189051,0.009,0.012,0
12/27/2022 23:59,0,23.62,23.78,12/27/2022 15:10,5.913,12/27/2022 0:00,15.98,88.5,12/27/2022 22:35,66.76,12/27/2022 0:52,78.7,17.44,12/27/2022 11:42,0,12/27/2022 4:58,7.141,149.7,SSE,122.8651,6.082083,0.011,0.016,0
12/28/2022 23:59,0,23.62,31.62,12/28/2022 13:06,19.75,12/28/2022 0:05,25.27,96.4,12/28/2022 23:10,78.86,12/28/2022 13:06,89.2,15.35,12/28/2022 11:51,0,12/28/2022 1:15,5.266,103.7,E,115.1335,6.011882,0.009,0.012,0
12/29/2022 23:59,0,23.62,25.15,12/29/2022 2:26,11.39,12/29/2022 23:58,17.87,97.6,12/29/2022 4:13,87.5,12/29/2022 17:03,93.1,14.24,12/29/2022 13:26,0,12/29/2022 0:05,6.788,259.8,W,75.08759,6.108423,0.004,0.005,0
12/30/2022 23:59,0,23.62,17.83,12/30/2022 23:58,5.133,12/30/2022 10:05,10.24,95.3,12/30/2022 23:58,70.33,12/30/2022 15:48,85,14.46,12/30/2022 0:02,0,12/30/2022 6:46,5.251,202.5,SW,154.2947,6.221377,0.008,0.01,0
